speaker,file_id,wav_path,ann_path
RRBI,arctic_a0060,data/l2arctic_release_v5.0/RRBI/wav/arctic_a0060.wav,data/l2arctic_release_v5.0/RRBI/annotation/arctic_a0060.TextGrid
PNV,arctic_a0131,data/l2arctic_release_v5.0/PNV/wav/arctic_a0131.wav,data/l2arctic_release_v5.0/PNV/annotation/arctic_a0131.TextGrid
BWC,arctic_a0030,data/l2arctic_release_v5.0/BWC/wav/arctic_a0030.wav,data/l2arctic_release_v5.0/BWC/annotation/arctic_a0030.TextGrid
SVBI,arctic_a0099,data/l2arctic_release_v5.0/SVBI/wav/arctic_a0099.wav,data/l2arctic_release_v5.0/SVBI/annotation/arctic_a0099.TextGrid
ABA,arctic_a0127,data/l2arctic_release_v5.0/ABA/wav/arctic_a0127.wav,data/l2arctic_release_v5.0/ABA/annotation/arctic_a0127.TextGrid
TNI,arctic_a0255,data/l2arctic_release_v5.0/TNI/wav/arctic_a0255.wav,data/l2arctic_release_v5.0/TNI/annotation/arctic_a0255.TextGrid
HKK,arctic_a0106,data/l2arctic_release_v5.0/HKK/wav/arctic_a0106.wav,data/l2arctic_release_v5.0/HKK/annotation/arctic_a0106.TextGrid
TXHC,arctic_b0509,data/l2arctic_release_v5.0/TXHC/wav/arctic_b0509.wav,data/l2arctic_release_v5.0/TXHC/annotation/arctic_b0509.TextGrid
BWC,arctic_a0519,data/l2arctic_release_v5.0/BWC/wav/arctic_a0519.wav,data/l2arctic_release_v5.0/BWC/annotation/arctic_a0519.TextGrid
ASI,arctic_a0051,data/l2arctic_release_v5.0/ASI/wav/arctic_a0051.wav,data/l2arctic_release_v5.0/ASI/annotation/arctic_a0051.TextGrid
LXC,arctic_a0088,data/l2arctic_release_v5.0/LXC/wav/arctic_a0088.wav,data/l2arctic_release_v5.0/LXC/annotation/arctic_a0088.TextGrid
TNI,arctic_a0410,data/l2arctic_release_v5.0/TNI/wav/arctic_a0410.wav,data/l2arctic_release_v5.0/TNI/annotation/arctic_a0410.TextGrid
ASI,arctic_a0188,data/l2arctic_release_v5.0/ASI/wav/arctic_a0188.wav,data/l2arctic_release_v5.0/ASI/annotation/arctic_a0188.TextGrid
HKK,arctic_a0103,data/l2arctic_release_v5.0/HKK/wav/arctic_a0103.wav,data/l2arctic_release_v5.0/HKK/annotation/arctic_a0103.TextGrid
TLV,arctic_b0140,data/l2arctic_release_v5.0/TLV/wav/arctic_b0140.wav,data/l2arctic_release_v5.0/TLV/annotation/arctic_b0140.TextGrid
ERMS,arctic_a0095,data/l2arctic_release_v5.0/ERMS/wav/arctic_a0095.wav,data/l2arctic_release_v5.0/ERMS/annotation/arctic_a0095.TextGrid
THV,arctic_a0127,data/l2arctic_release_v5.0/THV/wav/arctic_a0127.wav,data/l2arctic_release_v5.0/THV/annotation/arctic_a0127.TextGrid
TLV,arctic_b0503,data/l2arctic_release_v5.0/TLV/wav/arctic_b0503.wav,data/l2arctic_release_v5.0/TLV/annotation/arctic_b0503.TextGrid
MBMPS,arctic_a0007,data/l2arctic_release_v5.0/MBMPS/wav/arctic_a0007.wav,data/l2arctic_release_v5.0/MBMPS/annotation/arctic_a0007.TextGrid
YBAA,arctic_b0469,data/l2arctic_release_v5.0/YBAA/wav/arctic_b0469.wav,data/l2arctic_release_v5.0/YBAA/annotation/arctic_b0469.TextGrid
TNI,arctic_a0136,data/l2arctic_release_v5.0/TNI/wav/arctic_a0136.wav,data/l2arctic_release_v5.0/TNI/annotation/arctic_a0136.TextGrid
PNV,arctic_a0023,data/l2arctic_release_v5.0/PNV/wav/arctic_a0023.wav,data/l2arctic_release_v5.0/PNV/annotation/arctic_a0023.TextGrid
NCC,arctic_b0358,data/l2arctic_release_v5.0/NCC/wav/arctic_b0358.wav,data/l2arctic_release_v5.0/NCC/annotation/arctic_b0358.TextGrid
TNI,arctic_a0081,data/l2arctic_release_v5.0/TNI/wav/arctic_a0081.wav,data/l2arctic_release_v5.0/TNI/annotation/arctic_a0081.TextGrid
LXC,arctic_a0054,data/l2arctic_release_v5.0/LXC/wav/arctic_a0054.wav,data/l2arctic_release_v5.0/LXC/annotation/arctic_a0054.TextGrid
ASI,arctic_a0003,data/l2arctic_release_v5.0/ASI/wav/arctic_a0003.wav,data/l2arctic_release_v5.0/ASI/annotation/arctic_a0003.TextGrid
SVBI,arctic_a0301,data/l2arctic_release_v5.0/SVBI/wav/arctic_a0301.wav,data/l2arctic_release_v5.0/SVBI/annotation/arctic_a0301.TextGrid
SVBI,arctic_a0109,data/l2arctic_release_v5.0/SVBI/wav/arctic_a0109.wav,data/l2arctic_release_v5.0/SVBI/annotation/arctic_a0109.TextGrid
NJS,arctic_a0227,data/l2arctic_release_v5.0/NJS/wav/arctic_a0227.wav,data/l2arctic_release_v5.0/NJS/annotation/arctic_a0227.TextGrid
TXHC,arctic_b0422,data/l2arctic_release_v5.0/TXHC/wav/arctic_b0422.wav,data/l2arctic_release_v5.0/TXHC/annotation/arctic_b0422.TextGrid
YDCK,arctic_a0041,data/l2arctic_release_v5.0/YDCK/wav/arctic_a0041.wav,data/l2arctic_release_v5.0/YDCK/annotation/arctic_a0041.TextGrid
THV,arctic_a0085,data/l2arctic_release_v5.0/THV/wav/arctic_a0085.wav,data/l2arctic_release_v5.0/THV/annotation/arctic_a0085.TextGrid
NCC,arctic_a0023,data/l2arctic_release_v5.0/NCC/wav/arctic_a0023.wav,data/l2arctic_release_v5.0/NCC/annotation/arctic_a0023.TextGrid
BWC,arctic_a0115,data/l2arctic_release_v5.0/BWC/wav/arctic_a0115.wav,data/l2arctic_release_v5.0/BWC/annotation/arctic_a0115.TextGrid
EBVS,arctic_a0154,data/l2arctic_release_v5.0/EBVS/wav/arctic_a0154.wav,data/l2arctic_release_v5.0/EBVS/annotation/arctic_a0154.TextGrid
YBAA,arctic_a0548,data/l2arctic_release_v5.0/YBAA/wav/arctic_a0548.wav,data/l2arctic_release_v5.0/YBAA/annotation/arctic_a0548.TextGrid
NCC,arctic_a0046,data/l2arctic_release_v5.0/NCC/wav/arctic_a0046.wav,data/l2arctic_release_v5.0/NCC/annotation/arctic_a0046.TextGrid
HJK,arctic_a0271,data/l2arctic_release_v5.0/HJK/wav/arctic_a0271.wav,data/l2arctic_release_v5.0/HJK/annotation/arctic_a0271.TextGrid
YDCK,arctic_a0379,data/l2arctic_release_v5.0/YDCK/wav/arctic_a0379.wav,data/l2arctic_release_v5.0/YDCK/annotation/arctic_a0379.TextGrid
RRBI,arctic_a0077,data/l2arctic_release_v5.0/RRBI/wav/arctic_a0077.wav,data/l2arctic_release_v5.0/RRBI/annotation/arctic_a0077.TextGrid
ERMS,arctic_a0005,data/l2arctic_release_v5.0/ERMS/wav/arctic_a0005.wav,data/l2arctic_release_v5.0/ERMS/annotation/arctic_a0005.TextGrid
ERMS,arctic_a0039,data/l2arctic_release_v5.0/ERMS/wav/arctic_a0039.wav,data/l2arctic_release_v5.0/ERMS/annotation/arctic_a0039.TextGrid
HKK,arctic_a0042,data/l2arctic_release_v5.0/HKK/wav/arctic_a0042.wav,data/l2arctic_release_v5.0/HKK/annotation/arctic_a0042.TextGrid
HJK,arctic_a0010,data/l2arctic_release_v5.0/HJK/wav/arctic_a0010.wav,data/l2arctic_release_v5.0/HJK/annotation/arctic_a0010.TextGrid
ZHAA,arctic_a0021,data/l2arctic_release_v5.0/ZHAA/wav/arctic_a0021.wav,data/l2arctic_release_v5.0/ZHAA/annotation/arctic_a0021.TextGrid
LXC,arctic_a0434,data/l2arctic_release_v5.0/LXC/wav/arctic_a0434.wav,data/l2arctic_release_v5.0/LXC/annotation/arctic_a0434.TextGrid
ABA,arctic_a0025,data/l2arctic_release_v5.0/ABA/wav/arctic_a0025.wav,data/l2arctic_release_v5.0/ABA/annotation/arctic_a0025.TextGrid
NJS,arctic_a0075,data/l2arctic_release_v5.0/NJS/wav/arctic_a0075.wav,data/l2arctic_release_v5.0/NJS/annotation/arctic_a0075.TextGrid
ASI,arctic_b0158,data/l2arctic_release_v5.0/ASI/wav/arctic_b0158.wav,data/l2arctic_release_v5.0/ASI/annotation/arctic_b0158.TextGrid
TXHC,arctic_b0393,data/l2arctic_release_v5.0/TXHC/wav/arctic_b0393.wav,data/l2arctic_release_v5.0/TXHC/annotation/arctic_b0393.TextGrid
ASI,arctic_a0282,data/l2arctic_release_v5.0/ASI/wav/arctic_a0282.wav,data/l2arctic_release_v5.0/ASI/annotation/arctic_a0282.TextGrid
ZHAA,arctic_b0367,data/l2arctic_release_v5.0/ZHAA/wav/arctic_b0367.wav,data/l2arctic_release_v5.0/ZHAA/annotation/arctic_b0367.TextGrid
HJK,arctic_a0233,data/l2arctic_release_v5.0/HJK/wav/arctic_a0233.wav,data/l2arctic_release_v5.0/HJK/annotation/arctic_a0233.TextGrid
NCC,arctic_b0026,data/l2arctic_release_v5.0/NCC/wav/arctic_b0026.wav,data/l2arctic_release_v5.0/NCC/annotation/arctic_b0026.TextGrid
SVBI,arctic_a0088,data/l2arctic_release_v5.0/SVBI/wav/arctic_a0088.wav,data/l2arctic_release_v5.0/SVBI/annotation/arctic_a0088.TextGrid
ERMS,arctic_a0303,data/l2arctic_release_v5.0/ERMS/wav/arctic_a0303.wav,data/l2arctic_release_v5.0/ERMS/annotation/arctic_a0303.TextGrid
TXHC,arctic_a0095,data/l2arctic_release_v5.0/TXHC/wav/arctic_a0095.wav,data/l2arctic_release_v5.0/TXHC/annotation/arctic_a0095.TextGrid
ASI,arctic_a0026,data/l2arctic_release_v5.0/ASI/wav/arctic_a0026.wav,data/l2arctic_release_v5.0/ASI/annotation/arctic_a0026.TextGrid
HKK,arctic_a0089,data/l2arctic_release_v5.0/HKK/wav/arctic_a0089.wav,data/l2arctic_release_v5.0/HKK/annotation/arctic_a0089.TextGrid
TXHC,arctic_a0117,data/l2arctic_release_v5.0/TXHC/wav/arctic_a0117.wav,data/l2arctic_release_v5.0/TXHC/annotation/arctic_a0117.TextGrid
ABA,arctic_a0130,data/l2arctic_release_v5.0/ABA/wav/arctic_a0130.wav,data/l2arctic_release_v5.0/ABA/annotation/arctic_a0130.TextGrid
SVBI,arctic_a0116,data/l2arctic_release_v5.0/SVBI/wav/arctic_a0116.wav,data/l2arctic_release_v5.0/SVBI/annotation/arctic_a0116.TextGrid
BWC,arctic_a0095,data/l2arctic_release_v5.0/BWC/wav/arctic_a0095.wav,data/l2arctic_release_v5.0/BWC/annotation/arctic_a0095.TextGrid
YBAA,arctic_a0028,data/l2arctic_release_v5.0/YBAA/wav/arctic_a0028.wav,data/l2arctic_release_v5.0/YBAA/annotation/arctic_a0028.TextGrid
TNI,arctic_a0024,data/l2arctic_release_v5.0/TNI/wav/arctic_a0024.wav,data/l2arctic_release_v5.0/TNI/annotation/arctic_a0024.TextGrid
SKA,arctic_b0367,data/l2arctic_release_v5.0/SKA/wav/arctic_b0367.wav,data/l2arctic_release_v5.0/SKA/annotation/arctic_b0367.TextGrid
ERMS,arctic_a0363,data/l2arctic_release_v5.0/ERMS/wav/arctic_a0363.wav,data/l2arctic_release_v5.0/ERMS/annotation/arctic_a0363.TextGrid
YDCK,arctic_a0233,data/l2arctic_release_v5.0/YDCK/wav/arctic_a0233.wav,data/l2arctic_release_v5.0/YDCK/annotation/arctic_a0233.TextGrid
HKK,arctic_a0052,data/l2arctic_release_v5.0/HKK/wav/arctic_a0052.wav,data/l2arctic_release_v5.0/HKK/annotation/arctic_a0052.TextGrid
LXC,arctic_a0011,data/l2arctic_release_v5.0/LXC/wav/arctic_a0011.wav,data/l2arctic_release_v5.0/LXC/annotation/arctic_a0011.TextGrid
YKWK,arctic_a0093,data/l2arctic_release_v5.0/YKWK/wav/arctic_a0093.wav,data/l2arctic_release_v5.0/YKWK/annotation/arctic_a0093.TextGrid
TXHC,arctic_a0134,data/l2arctic_release_v5.0/TXHC/wav/arctic_a0134.wav,data/l2arctic_release_v5.0/TXHC/annotation/arctic_a0134.TextGrid
ABA,arctic_a0103,data/l2arctic_release_v5.0/ABA/wav/arctic_a0103.wav,data/l2arctic_release_v5.0/ABA/annotation/arctic_a0103.TextGrid
YKWK,arctic_a0090,data/l2arctic_release_v5.0/YKWK/wav/arctic_a0090.wav,data/l2arctic_release_v5.0/YKWK/annotation/arctic_a0090.TextGrid
NJS,arctic_a0117,data/l2arctic_release_v5.0/NJS/wav/arctic_a0117.wav,data/l2arctic_release_v5.0/NJS/annotation/arctic_a0117.TextGrid
TXHC,arctic_a0005,data/l2arctic_release_v5.0/TXHC/wav/arctic_a0005.wav,data/l2arctic_release_v5.0/TXHC/annotation/arctic_a0005.TextGrid
EBVS,arctic_a0095,data/l2arctic_release_v5.0/EBVS/wav/arctic_a0095.wav,data/l2arctic_release_v5.0/EBVS/annotation/arctic_a0095.TextGrid
MBMPS,arctic_a0027,data/l2arctic_release_v5.0/MBMPS/wav/arctic_a0027.wav,data/l2arctic_release_v5.0/MBMPS/annotation/arctic_a0027.TextGrid
SVBI,arctic_a0129,data/l2arctic_release_v5.0/SVBI/wav/arctic_a0129.wav,data/l2arctic_release_v5.0/SVBI/annotation/arctic_a0129.TextGrid
EBVS,arctic_a0078,data/l2arctic_release_v5.0/EBVS/wav/arctic_a0078.wav,data/l2arctic_release_v5.0/EBVS/annotation/arctic_a0078.TextGrid
RRBI,arctic_a0029,data/l2arctic_release_v5.0/RRBI/wav/arctic_a0029.wav,data/l2arctic_release_v5.0/RRBI/annotation/arctic_a0029.TextGrid
YKWK,arctic_a0365,data/l2arctic_release_v5.0/YKWK/wav/arctic_a0365.wav,data/l2arctic_release_v5.0/YKWK/annotation/arctic_a0365.TextGrid
SKA,arctic_a0099,data/l2arctic_release_v5.0/SKA/wav/arctic_a0099.wav,data/l2arctic_release_v5.0/SKA/annotation/arctic_a0099.TextGrid
LXC,arctic_a0036,data/l2arctic_release_v5.0/LXC/wav/arctic_a0036.wav,data/l2arctic_release_v5.0/LXC/annotation/arctic_a0036.TextGrid
YKWK,arctic_a0272,data/l2arctic_release_v5.0/YKWK/wav/arctic_a0272.wav,data/l2arctic_release_v5.0/YKWK/annotation/arctic_a0272.TextGrid
YBAA,arctic_b0310,data/l2arctic_release_v5.0/YBAA/wav/arctic_b0310.wav,data/l2arctic_release_v5.0/YBAA/annotation/arctic_b0310.TextGrid
YBAA,arctic_a0052,data/l2arctic_release_v5.0/YBAA/wav/arctic_a0052.wav,data/l2arctic_release_v5.0/YBAA/annotation/arctic_a0052.TextGrid
NCC,arctic_a0029,data/l2arctic_release_v5.0/NCC/wav/arctic_a0029.wav,data/l2arctic_release_v5.0/NCC/annotation/arctic_a0029.TextGrid
HJK,arctic_a0088,data/l2arctic_release_v5.0/HJK/wav/arctic_a0088.wav,data/l2arctic_release_v5.0/HJK/annotation/arctic_a0088.TextGrid
RRBI,arctic_a0098,data/l2arctic_release_v5.0/RRBI/wav/arctic_a0098.wav,data/l2arctic_release_v5.0/RRBI/annotation/arctic_a0098.TextGrid
TXHC,arctic_a0039,data/l2arctic_release_v5.0/TXHC/wav/arctic_a0039.wav,data/l2arctic_release_v5.0/TXHC/annotation/arctic_a0039.TextGrid
HQTV,arctic_b0386,data/l2arctic_release_v5.0/HQTV/wav/arctic_b0386.wav,data/l2arctic_release_v5.0/HQTV/annotation/arctic_b0386.TextGrid
TLV,arctic_a0006,data/l2arctic_release_v5.0/TLV/wav/arctic_a0006.wav,data/l2arctic_release_v5.0/TLV/annotation/arctic_a0006.TextGrid
ABA,arctic_a0039,data/l2arctic_release_v5.0/ABA/wav/arctic_a0039.wav,data/l2arctic_release_v5.0/ABA/annotation/arctic_a0039.TextGrid
NCC,arctic_b0203,data/l2arctic_release_v5.0/NCC/wav/arctic_b0203.wav,data/l2arctic_release_v5.0/NCC/annotation/arctic_b0203.TextGrid
TNI,arctic_b0197,data/l2arctic_release_v5.0/TNI/wav/arctic_b0197.wav,data/l2arctic_release_v5.0/TNI/annotation/arctic_b0197.TextGrid
BWC,arctic_a0048,data/l2arctic_release_v5.0/BWC/wav/arctic_a0048.wav,data/l2arctic_release_v5.0/BWC/annotation/arctic_a0048.TextGrid
ABA,arctic_a0003,data/l2arctic_release_v5.0/ABA/wav/arctic_a0003.wav,data/l2arctic_release_v5.0/ABA/annotation/arctic_a0003.TextGrid
SKA,arctic_a0029,data/l2arctic_release_v5.0/SKA/wav/arctic_a0029.wav,data/l2arctic_release_v5.0/SKA/annotation/arctic_a0029.TextGrid
MBMPS,arctic_a0111,data/l2arctic_release_v5.0/MBMPS/wav/arctic_a0111.wav,data/l2arctic_release_v5.0/MBMPS/annotation/arctic_a0111.TextGrid
NJS,arctic_a0090,data/l2arctic_release_v5.0/NJS/wav/arctic_a0090.wav,data/l2arctic_release_v5.0/NJS/annotation/arctic_a0090.TextGrid
TLV,arctic_a0109,data/l2arctic_release_v5.0/TLV/wav/arctic_a0109.wav,data/l2arctic_release_v5.0/TLV/annotation/arctic_a0109.TextGrid
ASI,arctic_a0127,data/l2arctic_release_v5.0/ASI/wav/arctic_a0127.wav,data/l2arctic_release_v5.0/ASI/annotation/arctic_a0127.TextGrid
SKA,arctic_a0107,data/l2arctic_release_v5.0/SKA/wav/arctic_a0107.wav,data/l2arctic_release_v5.0/SKA/annotation/arctic_a0107.TextGrid
BWC,arctic_a0576,data/l2arctic_release_v5.0/BWC/wav/arctic_a0576.wav,data/l2arctic_release_v5.0/BWC/annotation/arctic_a0576.TextGrid
TXHC,arctic_b0527,data/l2arctic_release_v5.0/TXHC/wav/arctic_b0527.wav,data/l2arctic_release_v5.0/TXHC/annotation/arctic_b0527.TextGrid
HKK,arctic_a0047,data/l2arctic_release_v5.0/HKK/wav/arctic_a0047.wav,data/l2arctic_release_v5.0/HKK/annotation/arctic_a0047.TextGrid
TNI,arctic_a0178,data/l2arctic_release_v5.0/TNI/wav/arctic_a0178.wav,data/l2arctic_release_v5.0/TNI/annotation/arctic_a0178.TextGrid
SVBI,arctic_b0315,data/l2arctic_release_v5.0/SVBI/wav/arctic_b0315.wav,data/l2arctic_release_v5.0/SVBI/annotation/arctic_b0315.TextGrid
LXC,arctic_a0109,data/l2arctic_release_v5.0/LXC/wav/arctic_a0109.wav,data/l2arctic_release_v5.0/LXC/annotation/arctic_a0109.TextGrid
NJS,arctic_b0150,data/l2arctic_release_v5.0/NJS/wav/arctic_b0150.wav,data/l2arctic_release_v5.0/NJS/annotation/arctic_b0150.TextGrid
THV,arctic_a0023,data/l2arctic_release_v5.0/THV/wav/arctic_a0023.wav,data/l2arctic_release_v5.0/THV/annotation/arctic_a0023.TextGrid
HQTV,arctic_a0039,data/l2arctic_release_v5.0/HQTV/wav/arctic_a0039.wav,data/l2arctic_release_v5.0/HQTV/annotation/arctic_a0039.TextGrid
YKWK,arctic_a0029,data/l2arctic_release_v5.0/YKWK/wav/arctic_a0029.wav,data/l2arctic_release_v5.0/YKWK/annotation/arctic_a0029.TextGrid
THV,arctic_b0481,data/l2arctic_release_v5.0/THV/wav/arctic_b0481.wav,data/l2arctic_release_v5.0/THV/annotation/arctic_b0481.TextGrid
TNI,arctic_a0088,data/l2arctic_release_v5.0/TNI/wav/arctic_a0088.wav,data/l2arctic_release_v5.0/TNI/annotation/arctic_a0088.TextGrid
YDCK,arctic_a0039,data/l2arctic_release_v5.0/YDCK/wav/arctic_a0039.wav,data/l2arctic_release_v5.0/YDCK/annotation/arctic_a0039.TextGrid
LXC,arctic_a0048,data/l2arctic_release_v5.0/LXC/wav/arctic_a0048.wav,data/l2arctic_release_v5.0/LXC/annotation/arctic_a0048.TextGrid
THV,arctic_a0038,data/l2arctic_release_v5.0/THV/wav/arctic_a0038.wav,data/l2arctic_release_v5.0/THV/annotation/arctic_a0038.TextGrid
MBMPS,arctic_b0461,data/l2arctic_release_v5.0/MBMPS/wav/arctic_b0461.wav,data/l2arctic_release_v5.0/MBMPS/annotation/arctic_b0461.TextGrid
TLV,arctic_a0128,data/l2arctic_release_v5.0/TLV/wav/arctic_a0128.wav,data/l2arctic_release_v5.0/TLV/annotation/arctic_a0128.TextGrid
THV,arctic_a0112,data/l2arctic_release_v5.0/THV/wav/arctic_a0112.wav,data/l2arctic_release_v5.0/THV/annotation/arctic_a0112.TextGrid
YBAA,arctic_a0032,data/l2arctic_release_v5.0/YBAA/wav/arctic_a0032.wav,data/l2arctic_release_v5.0/YBAA/annotation/arctic_a0032.TextGrid
LXC,arctic_a0037,data/l2arctic_release_v5.0/LXC/wav/arctic_a0037.wav,data/l2arctic_release_v5.0/LXC/annotation/arctic_a0037.TextGrid
TLV,arctic_a0375,data/l2arctic_release_v5.0/TLV/wav/arctic_a0375.wav,data/l2arctic_release_v5.0/TLV/annotation/arctic_a0375.TextGrid
TLV,arctic_a0020,data/l2arctic_release_v5.0/TLV/wav/arctic_a0020.wav,data/l2arctic_release_v5.0/TLV/annotation/arctic_a0020.TextGrid
TLV,arctic_a0178,data/l2arctic_release_v5.0/TLV/wav/arctic_a0178.wav,data/l2arctic_release_v5.0/TLV/annotation/arctic_a0178.TextGrid
LXC,arctic_a0052,data/l2arctic_release_v5.0/LXC/wav/arctic_a0052.wav,data/l2arctic_release_v5.0/LXC/annotation/arctic_a0052.TextGrid
THV,arctic_a0475,data/l2arctic_release_v5.0/THV/wav/arctic_a0475.wav,data/l2arctic_release_v5.0/THV/annotation/arctic_a0475.TextGrid
ASI,arctic_a0411,data/l2arctic_release_v5.0/ASI/wav/arctic_a0411.wav,data/l2arctic_release_v5.0/ASI/annotation/arctic_a0411.TextGrid
TNI,arctic_b0371,data/l2arctic_release_v5.0/TNI/wav/arctic_b0371.wav,data/l2arctic_release_v5.0/TNI/annotation/arctic_b0371.TextGrid
ASI,arctic_a0092,data/l2arctic_release_v5.0/ASI/wav/arctic_a0092.wav,data/l2arctic_release_v5.0/ASI/annotation/arctic_a0092.TextGrid
TXHC,arctic_b0481,data/l2arctic_release_v5.0/TXHC/wav/arctic_b0481.wav,data/l2arctic_release_v5.0/TXHC/annotation/arctic_b0481.TextGrid
PNV,arctic_a0058,data/l2arctic_release_v5.0/PNV/wav/arctic_a0058.wav,data/l2arctic_release_v5.0/PNV/annotation/arctic_a0058.TextGrid
YDCK,arctic_a0104,data/l2arctic_release_v5.0/YDCK/wav/arctic_a0104.wav,data/l2arctic_release_v5.0/YDCK/annotation/arctic_a0104.TextGrid
PNV,arctic_a0036,data/l2arctic_release_v5.0/PNV/wav/arctic_a0036.wav,data/l2arctic_release_v5.0/PNV/annotation/arctic_a0036.TextGrid
TLV,arctic_a0519,data/l2arctic_release_v5.0/TLV/wav/arctic_a0519.wav,data/l2arctic_release_v5.0/TLV/annotation/arctic_a0519.TextGrid
ZHAA,arctic_a0104,data/l2arctic_release_v5.0/ZHAA/wav/arctic_a0104.wav,data/l2arctic_release_v5.0/ZHAA/annotation/arctic_a0104.TextGrid
NJS,arctic_a0212,data/l2arctic_release_v5.0/NJS/wav/arctic_a0212.wav,data/l2arctic_release_v5.0/NJS/annotation/arctic_a0212.TextGrid
ZHAA,arctic_a0036,data/l2arctic_release_v5.0/ZHAA/wav/arctic_a0036.wav,data/l2arctic_release_v5.0/ZHAA/annotation/arctic_a0036.TextGrid
RRBI,arctic_b0160,data/l2arctic_release_v5.0/RRBI/wav/arctic_b0160.wav,data/l2arctic_release_v5.0/RRBI/annotation/arctic_b0160.TextGrid
EBVS,arctic_a0067,data/l2arctic_release_v5.0/EBVS/wav/arctic_a0067.wav,data/l2arctic_release_v5.0/EBVS/annotation/arctic_a0067.TextGrid
TXHC,arctic_a0073,data/l2arctic_release_v5.0/TXHC/wav/arctic_a0073.wav,data/l2arctic_release_v5.0/TXHC/annotation/arctic_a0073.TextGrid
BWC,arctic_a0090,data/l2arctic_release_v5.0/BWC/wav/arctic_a0090.wav,data/l2arctic_release_v5.0/BWC/annotation/arctic_a0090.TextGrid
HQTV,arctic_a0099,data/l2arctic_release_v5.0/HQTV/wav/arctic_a0099.wav,data/l2arctic_release_v5.0/HQTV/annotation/arctic_a0099.TextGrid
PNV,arctic_b0380,data/l2arctic_release_v5.0/PNV/wav/arctic_b0380.wav,data/l2arctic_release_v5.0/PNV/annotation/arctic_b0380.TextGrid
ZHAA,arctic_b0068,data/l2arctic_release_v5.0/ZHAA/wav/arctic_b0068.wav,data/l2arctic_release_v5.0/ZHAA/annotation/arctic_b0068.TextGrid
ZHAA,arctic_a0079,data/l2arctic_release_v5.0/ZHAA/wav/arctic_a0079.wav,data/l2arctic_release_v5.0/ZHAA/annotation/arctic_a0079.TextGrid
MBMPS,arctic_a0053,data/l2arctic_release_v5.0/MBMPS/wav/arctic_a0053.wav,data/l2arctic_release_v5.0/MBMPS/annotation/arctic_a0053.TextGrid
YBAA,arctic_a0005,data/l2arctic_release_v5.0/YBAA/wav/arctic_a0005.wav,data/l2arctic_release_v5.0/YBAA/annotation/arctic_a0005.TextGrid
ASI,arctic_a0104,data/l2arctic_release_v5.0/ASI/wav/arctic_a0104.wav,data/l2arctic_release_v5.0/ASI/annotation/arctic_a0104.TextGrid
EBVS,arctic_a0227,data/l2arctic_release_v5.0/EBVS/wav/arctic_a0227.wav,data/l2arctic_release_v5.0/EBVS/annotation/arctic_a0227.TextGrid
HKK,arctic_b0315,data/l2arctic_release_v5.0/HKK/wav/arctic_b0315.wav,data/l2arctic_release_v5.0/HKK/annotation/arctic_b0315.TextGrid
ERMS,arctic_b0534,data/l2arctic_release_v5.0/ERMS/wav/arctic_b0534.wav,data/l2arctic_release_v5.0/ERMS/annotation/arctic_b0534.TextGrid
SVBI,arctic_a0255,data/l2arctic_release_v5.0/SVBI/wav/arctic_a0255.wav,data/l2arctic_release_v5.0/SVBI/annotation/arctic_a0255.TextGrid
RRBI,arctic_a0424,data/l2arctic_release_v5.0/RRBI/wav/arctic_a0424.wav,data/l2arctic_release_v5.0/RRBI/annotation/arctic_a0424.TextGrid
PNV,arctic_a0062,data/l2arctic_release_v5.0/PNV/wav/arctic_a0062.wav,data/l2arctic_release_v5.0/PNV/annotation/arctic_a0062.TextGrid
NCC,arctic_a0051,data/l2arctic_release_v5.0/NCC/wav/arctic_a0051.wav,data/l2arctic_release_v5.0/NCC/annotation/arctic_a0051.TextGrid
RRBI,arctic_a0365,data/l2arctic_release_v5.0/RRBI/wav/arctic_a0365.wav,data/l2arctic_release_v5.0/RRBI/annotation/arctic_a0365.TextGrid
THV,arctic_a0052,data/l2arctic_release_v5.0/THV/wav/arctic_a0052.wav,data/l2arctic_release_v5.0/THV/annotation/arctic_a0052.TextGrid
YKWK,arctic_a0144,data/l2arctic_release_v5.0/YKWK/wav/arctic_a0144.wav,data/l2arctic_release_v5.0/YKWK/annotation/arctic_a0144.TextGrid
TLV,arctic_a0091,data/l2arctic_release_v5.0/TLV/wav/arctic_a0091.wav,data/l2arctic_release_v5.0/TLV/annotation/arctic_a0091.TextGrid
MBMPS,arctic_a0086,data/l2arctic_release_v5.0/MBMPS/wav/arctic_a0086.wav,data/l2arctic_release_v5.0/MBMPS/annotation/arctic_a0086.TextGrid
SKA,arctic_a0008,data/l2arctic_release_v5.0/SKA/wav/arctic_a0008.wav,data/l2arctic_release_v5.0/SKA/annotation/arctic_a0008.TextGrid
ABA,arctic_b0307,data/l2arctic_release_v5.0/ABA/wav/arctic_b0307.wav,data/l2arctic_release_v5.0/ABA/annotation/arctic_b0307.TextGrid
ZHAA,arctic_a0095,data/l2arctic_release_v5.0/ZHAA/wav/arctic_a0095.wav,data/l2arctic_release_v5.0/ZHAA/annotation/arctic_a0095.TextGrid
YDCK,arctic_b0143,data/l2arctic_release_v5.0/YDCK/wav/arctic_b0143.wav,data/l2arctic_release_v5.0/YDCK/annotation/arctic_b0143.TextGrid
SKA,arctic_a0097,data/l2arctic_release_v5.0/SKA/wav/arctic_a0097.wav,data/l2arctic_release_v5.0/SKA/annotation/arctic_a0097.TextGrid
HJK,arctic_a0111,data/l2arctic_release_v5.0/HJK/wav/arctic_a0111.wav,data/l2arctic_release_v5.0/HJK/annotation/arctic_a0111.TextGrid
NCC,arctic_a0116,data/l2arctic_release_v5.0/NCC/wav/arctic_a0116.wav,data/l2arctic_release_v5.0/NCC/annotation/arctic_a0116.TextGrid
TLV,arctic_a0053,data/l2arctic_release_v5.0/TLV/wav/arctic_a0053.wav,data/l2arctic_release_v5.0/TLV/annotation/arctic_a0053.TextGrid
NCC,arctic_a0030,data/l2arctic_release_v5.0/NCC/wav/arctic_a0030.wav,data/l2arctic_release_v5.0/NCC/annotation/arctic_a0030.TextGrid
LXC,arctic_a0078,data/l2arctic_release_v5.0/LXC/wav/arctic_a0078.wav,data/l2arctic_release_v5.0/LXC/annotation/arctic_a0078.TextGrid
YBAA,arctic_a0064,data/l2arctic_release_v5.0/YBAA/wav/arctic_a0064.wav,data/l2arctic_release_v5.0/YBAA/annotation/arctic_a0064.TextGrid
NJS,arctic_a0027,data/l2arctic_release_v5.0/NJS/wav/arctic_a0027.wav,data/l2arctic_release_v5.0/NJS/annotation/arctic_a0027.TextGrid
TLV,arctic_a0089,data/l2arctic_release_v5.0/TLV/wav/arctic_a0089.wav,data/l2arctic_release_v5.0/TLV/annotation/arctic_a0089.TextGrid
ASI,arctic_a0129,data/l2arctic_release_v5.0/ASI/wav/arctic_a0129.wav,data/l2arctic_release_v5.0/ASI/annotation/arctic_a0129.TextGrid
SVBI,arctic_a0107,data/l2arctic_release_v5.0/SVBI/wav/arctic_a0107.wav,data/l2arctic_release_v5.0/SVBI/annotation/arctic_a0107.TextGrid
NJS,arctic_a0085,data/l2arctic_release_v5.0/NJS/wav/arctic_a0085.wav,data/l2arctic_release_v5.0/NJS/annotation/arctic_a0085.TextGrid
ERMS,arctic_a0071,data/l2arctic_release_v5.0/ERMS/wav/arctic_a0071.wav,data/l2arctic_release_v5.0/ERMS/annotation/arctic_a0071.TextGrid
TNI,arctic_a0037,data/l2arctic_release_v5.0/TNI/wav/arctic_a0037.wav,data/l2arctic_release_v5.0/TNI/annotation/arctic_a0037.TextGrid
RRBI,arctic_a0113,data/l2arctic_release_v5.0/RRBI/wav/arctic_a0113.wav,data/l2arctic_release_v5.0/RRBI/annotation/arctic_a0113.TextGrid
HQTV,arctic_a0051,data/l2arctic_release_v5.0/HQTV/wav/arctic_a0051.wav,data/l2arctic_release_v5.0/HQTV/annotation/arctic_a0051.TextGrid
TNI,arctic_a0090,data/l2arctic_release_v5.0/TNI/wav/arctic_a0090.wav,data/l2arctic_release_v5.0/TNI/annotation/arctic_a0090.TextGrid
NCC,arctic_a0079,data/l2arctic_release_v5.0/NCC/wav/arctic_a0079.wav,data/l2arctic_release_v5.0/NCC/annotation/arctic_a0079.TextGrid
HJK,arctic_b0518,data/l2arctic_release_v5.0/HJK/wav/arctic_b0518.wav,data/l2arctic_release_v5.0/HJK/annotation/arctic_b0518.TextGrid
LXC,arctic_a0003,data/l2arctic_release_v5.0/LXC/wav/arctic_a0003.wav,data/l2arctic_release_v5.0/LXC/annotation/arctic_a0003.TextGrid
SVBI,arctic_a0093,data/l2arctic_release_v5.0/SVBI/wav/arctic_a0093.wav,data/l2arctic_release_v5.0/SVBI/annotation/arctic_a0093.TextGrid
YBAA,arctic_a0007,data/l2arctic_release_v5.0/YBAA/wav/arctic_a0007.wav,data/l2arctic_release_v5.0/YBAA/annotation/arctic_a0007.TextGrid
YBAA,arctic_a0008,data/l2arctic_release_v5.0/YBAA/wav/arctic_a0008.wav,data/l2arctic_release_v5.0/YBAA/annotation/arctic_a0008.TextGrid
ERMS,arctic_a0107,data/l2arctic_release_v5.0/ERMS/wav/arctic_a0107.wav,data/l2arctic_release_v5.0/ERMS/annotation/arctic_a0107.TextGrid
TNI,arctic_a0131,data/l2arctic_release_v5.0/TNI/wav/arctic_a0131.wav,data/l2arctic_release_v5.0/TNI/annotation/arctic_a0131.TextGrid
NJS,arctic_a0021,data/l2arctic_release_v5.0/NJS/wav/arctic_a0021.wav,data/l2arctic_release_v5.0/NJS/annotation/arctic_a0021.TextGrid
NCC,arctic_a0519,data/l2arctic_release_v5.0/NCC/wav/arctic_a0519.wav,data/l2arctic_release_v5.0/NCC/annotation/arctic_a0519.TextGrid
MBMPS,arctic_b0538,data/l2arctic_release_v5.0/MBMPS/wav/arctic_b0538.wav,data/l2arctic_release_v5.0/MBMPS/annotation/arctic_b0538.TextGrid
NCC,arctic_a0027,data/l2arctic_release_v5.0/NCC/wav/arctic_a0027.wav,data/l2arctic_release_v5.0/NCC/annotation/arctic_a0027.TextGrid
MBMPS,arctic_a0040,data/l2arctic_release_v5.0/MBMPS/wav/arctic_a0040.wav,data/l2arctic_release_v5.0/MBMPS/annotation/arctic_a0040.TextGrid
ZHAA,arctic_a0461,data/l2arctic_release_v5.0/ZHAA/wav/arctic_a0461.wav,data/l2arctic_release_v5.0/ZHAA/annotation/arctic_a0461.TextGrid
YKWK,arctic_a0077,data/l2arctic_release_v5.0/YKWK/wav/arctic_a0077.wav,data/l2arctic_release_v5.0/YKWK/annotation/arctic_a0077.TextGrid
PNV,arctic_b0527,data/l2arctic_release_v5.0/PNV/wav/arctic_b0527.wav,data/l2arctic_release_v5.0/PNV/annotation/arctic_b0527.TextGrid
NJS,arctic_a0077,data/l2arctic_release_v5.0/NJS/wav/arctic_a0077.wav,data/l2arctic_release_v5.0/NJS/annotation/arctic_a0077.TextGrid
HQTV,arctic_a0029,data/l2arctic_release_v5.0/HQTV/wav/arctic_a0029.wav,data/l2arctic_release_v5.0/HQTV/annotation/arctic_a0029.TextGrid
HQTV,arctic_a0011,data/l2arctic_release_v5.0/HQTV/wav/arctic_a0011.wav,data/l2arctic_release_v5.0/HQTV/annotation/arctic_a0011.TextGrid
BWC,arctic_a0058,data/l2arctic_release_v5.0/BWC/wav/arctic_a0058.wav,data/l2arctic_release_v5.0/BWC/annotation/arctic_a0058.TextGrid
NCC,arctic_b0402,data/l2arctic_release_v5.0/NCC/wav/arctic_b0402.wav,data/l2arctic_release_v5.0/NCC/annotation/arctic_b0402.TextGrid
HKK,arctic_a0130,data/l2arctic_release_v5.0/HKK/wav/arctic_a0130.wav,data/l2arctic_release_v5.0/HKK/annotation/arctic_a0130.TextGrid
HKK,arctic_b0022,data/l2arctic_release_v5.0/HKK/wav/arctic_b0022.wav,data/l2arctic_release_v5.0/HKK/annotation/arctic_b0022.TextGrid
RRBI,arctic_a0018,data/l2arctic_release_v5.0/RRBI/wav/arctic_a0018.wav,data/l2arctic_release_v5.0/RRBI/annotation/arctic_a0018.TextGrid
ASI,arctic_a0134,data/l2arctic_release_v5.0/ASI/wav/arctic_a0134.wav,data/l2arctic_release_v5.0/ASI/annotation/arctic_a0134.TextGrid
NCC,arctic_a0018,data/l2arctic_release_v5.0/NCC/wav/arctic_a0018.wav,data/l2arctic_release_v5.0/NCC/annotation/arctic_a0018.TextGrid
HKK,arctic_a0364,data/l2arctic_release_v5.0/HKK/wav/arctic_a0364.wav,data/l2arctic_release_v5.0/HKK/annotation/arctic_a0364.TextGrid
YDCK,arctic_a0059,data/l2arctic_release_v5.0/YDCK/wav/arctic_a0059.wav,data/l2arctic_release_v5.0/YDCK/annotation/arctic_a0059.TextGrid
HQTV,arctic_a0134,data/l2arctic_release_v5.0/HQTV/wav/arctic_a0134.wav,data/l2arctic_release_v5.0/HQTV/annotation/arctic_a0134.TextGrid
BWC,arctic_a0116,data/l2arctic_release_v5.0/BWC/wav/arctic_a0116.wav,data/l2arctic_release_v5.0/BWC/annotation/arctic_a0116.TextGrid
ZHAA,arctic_a0006,data/l2arctic_release_v5.0/ZHAA/wav/arctic_a0006.wav,data/l2arctic_release_v5.0/ZHAA/annotation/arctic_a0006.TextGrid
TLV,arctic_a0127,data/l2arctic_release_v5.0/TLV/wav/arctic_a0127.wav,data/l2arctic_release_v5.0/TLV/annotation/arctic_a0127.TextGrid
HJK,arctic_a0272,data/l2arctic_release_v5.0/HJK/wav/arctic_a0272.wav,data/l2arctic_release_v5.0/HJK/annotation/arctic_a0272.TextGrid
TXHC,arctic_a0025,data/l2arctic_release_v5.0/TXHC/wav/arctic_a0025.wav,data/l2arctic_release_v5.0/TXHC/annotation/arctic_a0025.TextGrid
ZHAA,arctic_b0146,data/l2arctic_release_v5.0/ZHAA/wav/arctic_b0146.wav,data/l2arctic_release_v5.0/ZHAA/annotation/arctic_b0146.TextGrid
ABA,arctic_a0125,data/l2arctic_release_v5.0/ABA/wav/arctic_a0125.wav,data/l2arctic_release_v5.0/ABA/annotation/arctic_a0125.TextGrid
HQTV,arctic_b0165,data/l2arctic_release_v5.0/HQTV/wav/arctic_b0165.wav,data/l2arctic_release_v5.0/HQTV/annotation/arctic_b0165.TextGrid
BWC,arctic_a0085,data/l2arctic_release_v5.0/BWC/wav/arctic_a0085.wav,data/l2arctic_release_v5.0/BWC/annotation/arctic_a0085.TextGrid
HJK,arctic_b0355,data/l2arctic_release_v5.0/HJK/wav/arctic_b0355.wav,data/l2arctic_release_v5.0/HJK/annotation/arctic_b0355.TextGrid
YBAA,arctic_a0011,data/l2arctic_release_v5.0/YBAA/wav/arctic_a0011.wav,data/l2arctic_release_v5.0/YBAA/annotation/arctic_a0011.TextGrid
EBVS,arctic_a0269,data/l2arctic_release_v5.0/EBVS/wav/arctic_a0269.wav,data/l2arctic_release_v5.0/EBVS/annotation/arctic_a0269.TextGrid
EBVS,arctic_a0121,data/l2arctic_release_v5.0/EBVS/wav/arctic_a0121.wav,data/l2arctic_release_v5.0/EBVS/annotation/arctic_a0121.TextGrid
BWC,arctic_a0027,data/l2arctic_release_v5.0/BWC/wav/arctic_a0027.wav,data/l2arctic_release_v5.0/BWC/annotation/arctic_a0027.TextGrid
NCC,arctic_a0111,data/l2arctic_release_v5.0/NCC/wav/arctic_a0111.wav,data/l2arctic_release_v5.0/NCC/annotation/arctic_a0111.TextGrid
MBMPS,arctic_a0269,data/l2arctic_release_v5.0/MBMPS/wav/arctic_a0269.wav,data/l2arctic_release_v5.0/MBMPS/annotation/arctic_a0269.TextGrid
HJK,arctic_a0067,data/l2arctic_release_v5.0/HJK/wav/arctic_a0067.wav,data/l2arctic_release_v5.0/HJK/annotation/arctic_a0067.TextGrid
YKWK,arctic_a0111,data/l2arctic_release_v5.0/YKWK/wav/arctic_a0111.wav,data/l2arctic_release_v5.0/YKWK/annotation/arctic_a0111.TextGrid
SKA,arctic_a0019,data/l2arctic_release_v5.0/SKA/wav/arctic_a0019.wav,data/l2arctic_release_v5.0/SKA/annotation/arctic_a0019.TextGrid
NCC,arctic_b0140,data/l2arctic_release_v5.0/NCC/wav/arctic_b0140.wav,data/l2arctic_release_v5.0/NCC/annotation/arctic_b0140.TextGrid
NCC,arctic_b0074,data/l2arctic_release_v5.0/NCC/wav/arctic_b0074.wav,data/l2arctic_release_v5.0/NCC/annotation/arctic_b0074.TextGrid
SKA,arctic_a0095,data/l2arctic_release_v5.0/SKA/wav/arctic_a0095.wav,data/l2arctic_release_v5.0/SKA/annotation/arctic_a0095.TextGrid
BWC,arctic_a0459,data/l2arctic_release_v5.0/BWC/wav/arctic_a0459.wav,data/l2arctic_release_v5.0/BWC/annotation/arctic_a0459.TextGrid
RRBI,arctic_a0130,data/l2arctic_release_v5.0/RRBI/wav/arctic_a0130.wav,data/l2arctic_release_v5.0/RRBI/annotation/arctic_a0130.TextGrid
THV,arctic_a0116,data/l2arctic_release_v5.0/THV/wav/arctic_a0116.wav,data/l2arctic_release_v5.0/THV/annotation/arctic_a0116.TextGrid
YKWK,arctic_b0068,data/l2arctic_release_v5.0/YKWK/wav/arctic_b0068.wav,data/l2arctic_release_v5.0/YKWK/annotation/arctic_b0068.TextGrid
YDCK,arctic_a0100,data/l2arctic_release_v5.0/YDCK/wav/arctic_a0100.wav,data/l2arctic_release_v5.0/YDCK/annotation/arctic_a0100.TextGrid
HKK,arctic_a0117,data/l2arctic_release_v5.0/HKK/wav/arctic_a0117.wav,data/l2arctic_release_v5.0/HKK/annotation/arctic_a0117.TextGrid
YDCK,arctic_a0060,data/l2arctic_release_v5.0/YDCK/wav/arctic_a0060.wav,data/l2arctic_release_v5.0/YDCK/annotation/arctic_a0060.TextGrid
ERMS,arctic_a0097,data/l2arctic_release_v5.0/ERMS/wav/arctic_a0097.wav,data/l2arctic_release_v5.0/ERMS/annotation/arctic_a0097.TextGrid
ERMS,arctic_a0127,data/l2arctic_release_v5.0/ERMS/wav/arctic_a0127.wav,data/l2arctic_release_v5.0/ERMS/annotation/arctic_a0127.TextGrid
ABA,arctic_a0078,data/l2arctic_release_v5.0/ABA/wav/arctic_a0078.wav,data/l2arctic_release_v5.0/ABA/annotation/arctic_a0078.TextGrid
THV,arctic_a0077,data/l2arctic_release_v5.0/THV/wav/arctic_a0077.wav,data/l2arctic_release_v5.0/THV/annotation/arctic_a0077.TextGrid
EBVS,arctic_a0028,data/l2arctic_release_v5.0/EBVS/wav/arctic_a0028.wav,data/l2arctic_release_v5.0/EBVS/annotation/arctic_a0028.TextGrid
ABA,arctic_a0091,data/l2arctic_release_v5.0/ABA/wav/arctic_a0091.wav,data/l2arctic_release_v5.0/ABA/annotation/arctic_a0091.TextGrid
TLV,arctic_a0434,data/l2arctic_release_v5.0/TLV/wav/arctic_a0434.wav,data/l2arctic_release_v5.0/TLV/annotation/arctic_a0434.TextGrid
HJK,arctic_a0303,data/l2arctic_release_v5.0/HJK/wav/arctic_a0303.wav,data/l2arctic_release_v5.0/HJK/annotation/arctic_a0303.TextGrid
TNI,arctic_b0315,data/l2arctic_release_v5.0/TNI/wav/arctic_b0315.wav,data/l2arctic_release_v5.0/TNI/annotation/arctic_b0315.TextGrid
NCC,arctic_a0006,data/l2arctic_release_v5.0/NCC/wav/arctic_a0006.wav,data/l2arctic_release_v5.0/NCC/annotation/arctic_a0006.TextGrid
TLV,arctic_b0074,data/l2arctic_release_v5.0/TLV/wav/arctic_b0074.wav,data/l2arctic_release_v5.0/TLV/annotation/arctic_b0074.TextGrid
ZHAA,arctic_b0083,data/l2arctic_release_v5.0/ZHAA/wav/arctic_b0083.wav,data/l2arctic_release_v5.0/ZHAA/annotation/arctic_b0083.TextGrid
SVBI,arctic_a0144,data/l2arctic_release_v5.0/SVBI/wav/arctic_a0144.wav,data/l2arctic_release_v5.0/SVBI/annotation/arctic_a0144.TextGrid
SKA,arctic_a0257,data/l2arctic_release_v5.0/SKA/wav/arctic_a0257.wav,data/l2arctic_release_v5.0/SKA/annotation/arctic_a0257.TextGrid
ERMS,arctic_b0494,data/l2arctic_release_v5.0/ERMS/wav/arctic_b0494.wav,data/l2arctic_release_v5.0/ERMS/annotation/arctic_b0494.TextGrid
PNV,arctic_a0260,data/l2arctic_release_v5.0/PNV/wav/arctic_a0260.wav,data/l2arctic_release_v5.0/PNV/annotation/arctic_a0260.TextGrid
ERMS,arctic_a0299,data/l2arctic_release_v5.0/ERMS/wav/arctic_a0299.wav,data/l2arctic_release_v5.0/ERMS/annotation/arctic_a0299.TextGrid
MBMPS,arctic_a0097,data/l2arctic_release_v5.0/MBMPS/wav/arctic_a0097.wav,data/l2arctic_release_v5.0/MBMPS/annotation/arctic_a0097.TextGrid
HJK,arctic_a0060,data/l2arctic_release_v5.0/HJK/wav/arctic_a0060.wav,data/l2arctic_release_v5.0/HJK/annotation/arctic_a0060.TextGrid
HQTV,arctic_a0225,data/l2arctic_release_v5.0/HQTV/wav/arctic_a0225.wav,data/l2arctic_release_v5.0/HQTV/annotation/arctic_a0225.TextGrid
NCC,arctic_a0086,data/l2arctic_release_v5.0/NCC/wav/arctic_a0086.wav,data/l2arctic_release_v5.0/NCC/annotation/arctic_a0086.TextGrid
YDCK,arctic_b0425,data/l2arctic_release_v5.0/YDCK/wav/arctic_b0425.wav,data/l2arctic_release_v5.0/YDCK/annotation/arctic_b0425.TextGrid
MBMPS,arctic_a0095,data/l2arctic_release_v5.0/MBMPS/wav/arctic_a0095.wav,data/l2arctic_release_v5.0/MBMPS/annotation/arctic_a0095.TextGrid
THV,arctic_a0103,data/l2arctic_release_v5.0/THV/wav/arctic_a0103.wav,data/l2arctic_release_v5.0/THV/annotation/arctic_a0103.TextGrid
NJS,arctic_a0105,data/l2arctic_release_v5.0/NJS/wav/arctic_a0105.wav,data/l2arctic_release_v5.0/NJS/annotation/arctic_a0105.TextGrid
TLV,arctic_a0113,data/l2arctic_release_v5.0/TLV/wav/arctic_a0113.wav,data/l2arctic_release_v5.0/TLV/annotation/arctic_a0113.TextGrid
ERMS,arctic_a0025,data/l2arctic_release_v5.0/ERMS/wav/arctic_a0025.wav,data/l2arctic_release_v5.0/ERMS/annotation/arctic_a0025.TextGrid
TLV,arctic_b0386,data/l2arctic_release_v5.0/TLV/wav/arctic_b0386.wav,data/l2arctic_release_v5.0/TLV/annotation/arctic_b0386.TextGrid
MBMPS,arctic_a0059,data/l2arctic_release_v5.0/MBMPS/wav/arctic_a0059.wav,data/l2arctic_release_v5.0/MBMPS/annotation/arctic_a0059.TextGrid
YDCK,arctic_a0010,data/l2arctic_release_v5.0/YDCK/wav/arctic_a0010.wav,data/l2arctic_release_v5.0/YDCK/annotation/arctic_a0010.TextGrid
TLV,arctic_a0086,data/l2arctic_release_v5.0/TLV/wav/arctic_a0086.wav,data/l2arctic_release_v5.0/TLV/annotation/arctic_a0086.TextGrid
NJS,arctic_a0113,data/l2arctic_release_v5.0/NJS/wav/arctic_a0113.wav,data/l2arctic_release_v5.0/NJS/annotation/arctic_a0113.TextGrid
SKA,arctic_a0020,data/l2arctic_release_v5.0/SKA/wav/arctic_a0020.wav,data/l2arctic_release_v5.0/SKA/annotation/arctic_a0020.TextGrid
YBAA,arctic_a0082,data/l2arctic_release_v5.0/YBAA/wav/arctic_a0082.wav,data/l2arctic_release_v5.0/YBAA/annotation/arctic_a0082.TextGrid
YDCK,arctic_a0065,data/l2arctic_release_v5.0/YDCK/wav/arctic_a0065.wav,data/l2arctic_release_v5.0/YDCK/annotation/arctic_a0065.TextGrid
RRBI,arctic_b0321,data/l2arctic_release_v5.0/RRBI/wav/arctic_b0321.wav,data/l2arctic_release_v5.0/RRBI/annotation/arctic_b0321.TextGrid
ASI,arctic_a0098,data/l2arctic_release_v5.0/ASI/wav/arctic_a0098.wav,data/l2arctic_release_v5.0/ASI/annotation/arctic_a0098.TextGrid
LXC,arctic_a0047,data/l2arctic_release_v5.0/LXC/wav/arctic_a0047.wav,data/l2arctic_release_v5.0/LXC/annotation/arctic_a0047.TextGrid
TNI,arctic_a0134,data/l2arctic_release_v5.0/TNI/wav/arctic_a0134.wav,data/l2arctic_release_v5.0/TNI/annotation/arctic_a0134.TextGrid
HKK,arctic_a0209,data/l2arctic_release_v5.0/HKK/wav/arctic_a0209.wav,data/l2arctic_release_v5.0/HKK/annotation/arctic_a0209.TextGrid
SKA,arctic_a0007,data/l2arctic_release_v5.0/SKA/wav/arctic_a0007.wav,data/l2arctic_release_v5.0/SKA/annotation/arctic_a0007.TextGrid
ZHAA,arctic_a0090,data/l2arctic_release_v5.0/ZHAA/wav/arctic_a0090.wav,data/l2arctic_release_v5.0/ZHAA/annotation/arctic_a0090.TextGrid
NCC,arctic_a0109,data/l2arctic_release_v5.0/NCC/wav/arctic_a0109.wav,data/l2arctic_release_v5.0/NCC/annotation/arctic_a0109.TextGrid
THV,arctic_a0075,data/l2arctic_release_v5.0/THV/wav/arctic_a0075.wav,data/l2arctic_release_v5.0/THV/annotation/arctic_a0075.TextGrid
BWC,arctic_a0091,data/l2arctic_release_v5.0/BWC/wav/arctic_a0091.wav,data/l2arctic_release_v5.0/BWC/annotation/arctic_a0091.TextGrid
RRBI,arctic_a0282,data/l2arctic_release_v5.0/RRBI/wav/arctic_a0282.wav,data/l2arctic_release_v5.0/RRBI/annotation/arctic_a0282.TextGrid
HQTV,arctic_a0131,data/l2arctic_release_v5.0/HQTV/wav/arctic_a0131.wav,data/l2arctic_release_v5.0/HQTV/annotation/arctic_a0131.TextGrid
NCC,arctic_b0185,data/l2arctic_release_v5.0/NCC/wav/arctic_b0185.wav,data/l2arctic_release_v5.0/NCC/annotation/arctic_b0185.TextGrid
THV,arctic_a0011,data/l2arctic_release_v5.0/THV/wav/arctic_a0011.wav,data/l2arctic_release_v5.0/THV/annotation/arctic_a0011.TextGrid
TXHC,arctic_a0085,data/l2arctic_release_v5.0/TXHC/wav/arctic_a0085.wav,data/l2arctic_release_v5.0/TXHC/annotation/arctic_a0085.TextGrid
NJS,arctic_a0130,data/l2arctic_release_v5.0/NJS/wav/arctic_a0130.wav,data/l2arctic_release_v5.0/NJS/annotation/arctic_a0130.TextGrid
YBAA,arctic_a0085,data/l2arctic_release_v5.0/YBAA/wav/arctic_a0085.wav,data/l2arctic_release_v5.0/YBAA/annotation/arctic_a0085.TextGrid
THV,arctic_a0109,data/l2arctic_release_v5.0/THV/wav/arctic_a0109.wav,data/l2arctic_release_v5.0/THV/annotation/arctic_a0109.TextGrid
HQTV,arctic_a0364,data/l2arctic_release_v5.0/HQTV/wav/arctic_a0364.wav,data/l2arctic_release_v5.0/HQTV/annotation/arctic_a0364.TextGrid
EBVS,arctic_a0115,data/l2arctic_release_v5.0/EBVS/wav/arctic_a0115.wav,data/l2arctic_release_v5.0/EBVS/annotation/arctic_a0115.TextGrid
ABA,arctic_a0426,data/l2arctic_release_v5.0/ABA/wav/arctic_a0426.wav,data/l2arctic_release_v5.0/ABA/annotation/arctic_a0426.TextGrid
ASI,arctic_a0058,data/l2arctic_release_v5.0/ASI/wav/arctic_a0058.wav,data/l2arctic_release_v5.0/ASI/annotation/arctic_a0058.TextGrid
ASI,arctic_a0101,data/l2arctic_release_v5.0/ASI/wav/arctic_a0101.wav,data/l2arctic_release_v5.0/ASI/annotation/arctic_a0101.TextGrid
NCC,arctic_b0400,data/l2arctic_release_v5.0/NCC/wav/arctic_b0400.wav,data/l2arctic_release_v5.0/NCC/annotation/arctic_b0400.TextGrid
ZHAA,arctic_a0127,data/l2arctic_release_v5.0/ZHAA/wav/arctic_a0127.wav,data/l2arctic_release_v5.0/ZHAA/annotation/arctic_a0127.TextGrid
ABA,arctic_b0433,data/l2arctic_release_v5.0/ABA/wav/arctic_b0433.wav,data/l2arctic_release_v5.0/ABA/annotation/arctic_b0433.TextGrid
NJS,arctic_a0076,data/l2arctic_release_v5.0/NJS/wav/arctic_a0076.wav,data/l2arctic_release_v5.0/NJS/annotation/arctic_a0076.TextGrid
ASI,arctic_a0178,data/l2arctic_release_v5.0/ASI/wav/arctic_a0178.wav,data/l2arctic_release_v5.0/ASI/annotation/arctic_a0178.TextGrid
MBMPS,arctic_b0269,data/l2arctic_release_v5.0/MBMPS/wav/arctic_b0269.wav,data/l2arctic_release_v5.0/MBMPS/annotation/arctic_b0269.TextGrid
YKWK,arctic_a0038,data/l2arctic_release_v5.0/YKWK/wav/arctic_a0038.wav,data/l2arctic_release_v5.0/YKWK/annotation/arctic_a0038.TextGrid
ABA,arctic_a0089,data/l2arctic_release_v5.0/ABA/wav/arctic_a0089.wav,data/l2arctic_release_v5.0/ABA/annotation/arctic_a0089.TextGrid
YKWK,arctic_a0019,data/l2arctic_release_v5.0/YKWK/wav/arctic_a0019.wav,data/l2arctic_release_v5.0/YKWK/annotation/arctic_a0019.TextGrid
YDCK,arctic_a0038,data/l2arctic_release_v5.0/YDCK/wav/arctic_a0038.wav,data/l2arctic_release_v5.0/YDCK/annotation/arctic_a0038.TextGrid
EBVS,arctic_a0100,data/l2arctic_release_v5.0/EBVS/wav/arctic_a0100.wav,data/l2arctic_release_v5.0/EBVS/annotation/arctic_a0100.TextGrid
PNV,arctic_a0060,data/l2arctic_release_v5.0/PNV/wav/arctic_a0060.wav,data/l2arctic_release_v5.0/PNV/annotation/arctic_a0060.TextGrid
LXC,arctic_b0402,data/l2arctic_release_v5.0/LXC/wav/arctic_b0402.wav,data/l2arctic_release_v5.0/LXC/annotation/arctic_b0402.TextGrid
TNI,arctic_a0048,data/l2arctic_release_v5.0/TNI/wav/arctic_a0048.wav,data/l2arctic_release_v5.0/TNI/annotation/arctic_a0048.TextGrid
ASI,arctic_a0008,data/l2arctic_release_v5.0/ASI/wav/arctic_a0008.wav,data/l2arctic_release_v5.0/ASI/annotation/arctic_a0008.TextGrid
ABA,arctic_a0113,data/l2arctic_release_v5.0/ABA/wav/arctic_a0113.wav,data/l2arctic_release_v5.0/ABA/annotation/arctic_a0113.TextGrid
LXC,arctic_a0030,data/l2arctic_release_v5.0/LXC/wav/arctic_a0030.wav,data/l2arctic_release_v5.0/LXC/annotation/arctic_a0030.TextGrid
YKWK,arctic_a0103,data/l2arctic_release_v5.0/YKWK/wav/arctic_a0103.wav,data/l2arctic_release_v5.0/YKWK/annotation/arctic_a0103.TextGrid
YDCK,arctic_a0097,data/l2arctic_release_v5.0/YDCK/wav/arctic_a0097.wav,data/l2arctic_release_v5.0/YDCK/annotation/arctic_a0097.TextGrid
EBVS,arctic_a0063,data/l2arctic_release_v5.0/EBVS/wav/arctic_a0063.wav,data/l2arctic_release_v5.0/EBVS/annotation/arctic_a0063.TextGrid
ABA,arctic_a0529,data/l2arctic_release_v5.0/ABA/wav/arctic_a0529.wav,data/l2arctic_release_v5.0/ABA/annotation/arctic_a0529.TextGrid
NJS,arctic_a0233,data/l2arctic_release_v5.0/NJS/wav/arctic_a0233.wav,data/l2arctic_release_v5.0/NJS/annotation/arctic_a0233.TextGrid
HJK,arctic_a0384,data/l2arctic_release_v5.0/HJK/wav/arctic_a0384.wav,data/l2arctic_release_v5.0/HJK/annotation/arctic_a0384.TextGrid
BWC,arctic_a0571,data/l2arctic_release_v5.0/BWC/wav/arctic_a0571.wav,data/l2arctic_release_v5.0/BWC/annotation/arctic_a0571.TextGrid
TXHC,arctic_a0054,data/l2arctic_release_v5.0/TXHC/wav/arctic_a0054.wav,data/l2arctic_release_v5.0/TXHC/annotation/arctic_a0054.TextGrid
TXHC,arctic_a0018,data/l2arctic_release_v5.0/TXHC/wav/arctic_a0018.wav,data/l2arctic_release_v5.0/TXHC/annotation/arctic_a0018.TextGrid
ERMS,arctic_a0185,data/l2arctic_release_v5.0/ERMS/wav/arctic_a0185.wav,data/l2arctic_release_v5.0/ERMS/annotation/arctic_a0185.TextGrid
HKK,arctic_a0030,data/l2arctic_release_v5.0/HKK/wav/arctic_a0030.wav,data/l2arctic_release_v5.0/HKK/annotation/arctic_a0030.TextGrid
YKWK,arctic_a0143,data/l2arctic_release_v5.0/YKWK/wav/arctic_a0143.wav,data/l2arctic_release_v5.0/YKWK/annotation/arctic_a0143.TextGrid
SVBI,arctic_a0091,data/l2arctic_release_v5.0/SVBI/wav/arctic_a0091.wav,data/l2arctic_release_v5.0/SVBI/annotation/arctic_a0091.TextGrid
NCC,arctic_a0130,data/l2arctic_release_v5.0/NCC/wav/arctic_a0130.wav,data/l2arctic_release_v5.0/NCC/annotation/arctic_a0130.TextGrid
ERMS,arctic_a0028,data/l2arctic_release_v5.0/ERMS/wav/arctic_a0028.wav,data/l2arctic_release_v5.0/ERMS/annotation/arctic_a0028.TextGrid
TNI,arctic_a0137,data/l2arctic_release_v5.0/TNI/wav/arctic_a0137.wav,data/l2arctic_release_v5.0/TNI/annotation/arctic_a0137.TextGrid
TNI,arctic_a0059,data/l2arctic_release_v5.0/TNI/wav/arctic_a0059.wav,data/l2arctic_release_v5.0/TNI/annotation/arctic_a0059.TextGrid
THV,arctic_b0251,data/l2arctic_release_v5.0/THV/wav/arctic_b0251.wav,data/l2arctic_release_v5.0/THV/annotation/arctic_b0251.TextGrid
ERMS,arctic_a0046,data/l2arctic_release_v5.0/ERMS/wav/arctic_a0046.wav,data/l2arctic_release_v5.0/ERMS/annotation/arctic_a0046.TextGrid
PNV,arctic_a0025,data/l2arctic_release_v5.0/PNV/wav/arctic_a0025.wav,data/l2arctic_release_v5.0/PNV/annotation/arctic_a0025.TextGrid
LXC,arctic_a0076,data/l2arctic_release_v5.0/LXC/wav/arctic_a0076.wav,data/l2arctic_release_v5.0/LXC/annotation/arctic_a0076.TextGrid
MBMPS,arctic_a0176,data/l2arctic_release_v5.0/MBMPS/wav/arctic_a0176.wav,data/l2arctic_release_v5.0/MBMPS/annotation/arctic_a0176.TextGrid
HJK,arctic_a0051,data/l2arctic_release_v5.0/HJK/wav/arctic_a0051.wav,data/l2arctic_release_v5.0/HJK/annotation/arctic_a0051.TextGrid
ABA,arctic_b0538,data/l2arctic_release_v5.0/ABA/wav/arctic_b0538.wav,data/l2arctic_release_v5.0/ABA/annotation/arctic_b0538.TextGrid
HKK,arctic_a0037,data/l2arctic_release_v5.0/HKK/wav/arctic_a0037.wav,data/l2arctic_release_v5.0/HKK/annotation/arctic_a0037.TextGrid
NCC,arctic_a0126,data/l2arctic_release_v5.0/NCC/wav/arctic_a0126.wav,data/l2arctic_release_v5.0/NCC/annotation/arctic_a0126.TextGrid
YBAA,arctic_a0116,data/l2arctic_release_v5.0/YBAA/wav/arctic_a0116.wav,data/l2arctic_release_v5.0/YBAA/annotation/arctic_a0116.TextGrid
TXHC,arctic_a0115,data/l2arctic_release_v5.0/TXHC/wav/arctic_a0115.wav,data/l2arctic_release_v5.0/TXHC/annotation/arctic_a0115.TextGrid
TLV,arctic_a0007,data/l2arctic_release_v5.0/TLV/wav/arctic_a0007.wav,data/l2arctic_release_v5.0/TLV/annotation/arctic_a0007.TextGrid
LXC,arctic_a0102,data/l2arctic_release_v5.0/LXC/wav/arctic_a0102.wav,data/l2arctic_release_v5.0/LXC/annotation/arctic_a0102.TextGrid
YBAA,arctic_a0113,data/l2arctic_release_v5.0/YBAA/wav/arctic_a0113.wav,data/l2arctic_release_v5.0/YBAA/annotation/arctic_a0113.TextGrid
RRBI,arctic_a0168,data/l2arctic_release_v5.0/RRBI/wav/arctic_a0168.wav,data/l2arctic_release_v5.0/RRBI/annotation/arctic_a0168.TextGrid
THV,arctic_a0134,data/l2arctic_release_v5.0/THV/wav/arctic_a0134.wav,data/l2arctic_release_v5.0/THV/annotation/arctic_a0134.TextGrid
SKA,arctic_a0104,data/l2arctic_release_v5.0/SKA/wav/arctic_a0104.wav,data/l2arctic_release_v5.0/SKA/annotation/arctic_a0104.TextGrid
LXC,arctic_a0116,data/l2arctic_release_v5.0/LXC/wav/arctic_a0116.wav,data/l2arctic_release_v5.0/LXC/annotation/arctic_a0116.TextGrid
HQTV,arctic_b0074,data/l2arctic_release_v5.0/HQTV/wav/arctic_b0074.wav,data/l2arctic_release_v5.0/HQTV/annotation/arctic_b0074.TextGrid
NJS,arctic_a0104,data/l2arctic_release_v5.0/NJS/wav/arctic_a0104.wav,data/l2arctic_release_v5.0/NJS/annotation/arctic_a0104.TextGrid
YKWK,arctic_a0168,data/l2arctic_release_v5.0/YKWK/wav/arctic_a0168.wav,data/l2arctic_release_v5.0/YKWK/annotation/arctic_a0168.TextGrid
ABA,arctic_a0077,data/l2arctic_release_v5.0/ABA/wav/arctic_a0077.wav,data/l2arctic_release_v5.0/ABA/annotation/arctic_a0077.TextGrid
BWC,arctic_a0031,data/l2arctic_release_v5.0/BWC/wav/arctic_a0031.wav,data/l2arctic_release_v5.0/BWC/annotation/arctic_a0031.TextGrid
SKA,arctic_a0045,data/l2arctic_release_v5.0/SKA/wav/arctic_a0045.wav,data/l2arctic_release_v5.0/SKA/annotation/arctic_a0045.TextGrid
THV,arctic_a0031,data/l2arctic_release_v5.0/THV/wav/arctic_a0031.wav,data/l2arctic_release_v5.0/THV/annotation/arctic_a0031.TextGrid
TNI,arctic_a0067,data/l2arctic_release_v5.0/TNI/wav/arctic_a0067.wav,data/l2arctic_release_v5.0/TNI/annotation/arctic_a0067.TextGrid
NCC,arctic_a0067,data/l2arctic_release_v5.0/NCC/wav/arctic_a0067.wav,data/l2arctic_release_v5.0/NCC/annotation/arctic_a0067.TextGrid
HQTV,arctic_a0116,data/l2arctic_release_v5.0/HQTV/wav/arctic_a0116.wav,data/l2arctic_release_v5.0/HQTV/annotation/arctic_a0116.TextGrid
LXC,arctic_a0129,data/l2arctic_release_v5.0/LXC/wav/arctic_a0129.wav,data/l2arctic_release_v5.0/LXC/annotation/arctic_a0129.TextGrid
PNV,arctic_a0094,data/l2arctic_release_v5.0/PNV/wav/arctic_a0094.wav,data/l2arctic_release_v5.0/PNV/annotation/arctic_a0094.TextGrid
ABA,arctic_a0021,data/l2arctic_release_v5.0/ABA/wav/arctic_a0021.wav,data/l2arctic_release_v5.0/ABA/annotation/arctic_a0021.TextGrid
YKWK,arctic_a0378,data/l2arctic_release_v5.0/YKWK/wav/arctic_a0378.wav,data/l2arctic_release_v5.0/YKWK/annotation/arctic_a0378.TextGrid
YDCK,arctic_a0081,data/l2arctic_release_v5.0/YDCK/wav/arctic_a0081.wav,data/l2arctic_release_v5.0/YDCK/annotation/arctic_a0081.TextGrid
EBVS,arctic_b0187,data/l2arctic_release_v5.0/EBVS/wav/arctic_b0187.wav,data/l2arctic_release_v5.0/EBVS/annotation/arctic_b0187.TextGrid
YBAA,arctic_a0130,data/l2arctic_release_v5.0/YBAA/wav/arctic_a0130.wav,data/l2arctic_release_v5.0/YBAA/annotation/arctic_a0130.TextGrid
YDCK,arctic_a0023,data/l2arctic_release_v5.0/YDCK/wav/arctic_a0023.wav,data/l2arctic_release_v5.0/YDCK/annotation/arctic_a0023.TextGrid
ZHAA,arctic_b0424,data/l2arctic_release_v5.0/ZHAA/wav/arctic_b0424.wav,data/l2arctic_release_v5.0/ZHAA/annotation/arctic_b0424.TextGrid
TNI,arctic_a0095,data/l2arctic_release_v5.0/TNI/wav/arctic_a0095.wav,data/l2arctic_release_v5.0/TNI/annotation/arctic_a0095.TextGrid
SKA,arctic_a0060,data/l2arctic_release_v5.0/SKA/wav/arctic_a0060.wav,data/l2arctic_release_v5.0/SKA/annotation/arctic_a0060.TextGrid
NCC,arctic_a0078,data/l2arctic_release_v5.0/NCC/wav/arctic_a0078.wav,data/l2arctic_release_v5.0/NCC/annotation/arctic_a0078.TextGrid
SKA,arctic_a0059,data/l2arctic_release_v5.0/SKA/wav/arctic_a0059.wav,data/l2arctic_release_v5.0/SKA/annotation/arctic_a0059.TextGrid
TNI,arctic_b0215,data/l2arctic_release_v5.0/TNI/wav/arctic_b0215.wav,data/l2arctic_release_v5.0/TNI/annotation/arctic_b0215.TextGrid
TLV,arctic_a0024,data/l2arctic_release_v5.0/TLV/wav/arctic_a0024.wav,data/l2arctic_release_v5.0/TLV/annotation/arctic_a0024.TextGrid
NCC,arctic_b0527,data/l2arctic_release_v5.0/NCC/wav/arctic_b0527.wav,data/l2arctic_release_v5.0/NCC/annotation/arctic_b0527.TextGrid
TXHC,arctic_a0131,data/l2arctic_release_v5.0/TXHC/wav/arctic_a0131.wav,data/l2arctic_release_v5.0/TXHC/annotation/arctic_a0131.TextGrid
TXHC,arctic_a0103,data/l2arctic_release_v5.0/TXHC/wav/arctic_a0103.wav,data/l2arctic_release_v5.0/TXHC/annotation/arctic_a0103.TextGrid
ZHAA,arctic_a0019,data/l2arctic_release_v5.0/ZHAA/wav/arctic_a0019.wav,data/l2arctic_release_v5.0/ZHAA/annotation/arctic_a0019.TextGrid
ABA,arctic_b0425,data/l2arctic_release_v5.0/ABA/wav/arctic_b0425.wav,data/l2arctic_release_v5.0/ABA/annotation/arctic_b0425.TextGrid
YDCK,arctic_a0271,data/l2arctic_release_v5.0/YDCK/wav/arctic_a0271.wav,data/l2arctic_release_v5.0/YDCK/annotation/arctic_a0271.TextGrid
ZHAA,arctic_a0054,data/l2arctic_release_v5.0/ZHAA/wav/arctic_a0054.wav,data/l2arctic_release_v5.0/ZHAA/annotation/arctic_a0054.TextGrid
TNI,arctic_a0107,data/l2arctic_release_v5.0/TNI/wav/arctic_a0107.wav,data/l2arctic_release_v5.0/TNI/annotation/arctic_a0107.TextGrid
YKWK,arctic_a0379,data/l2arctic_release_v5.0/YKWK/wav/arctic_a0379.wav,data/l2arctic_release_v5.0/YKWK/annotation/arctic_a0379.TextGrid
EBVS,arctic_a0178,data/l2arctic_release_v5.0/EBVS/wav/arctic_a0178.wav,data/l2arctic_release_v5.0/EBVS/annotation/arctic_a0178.TextGrid
ABA,arctic_a0214,data/l2arctic_release_v5.0/ABA/wav/arctic_a0214.wav,data/l2arctic_release_v5.0/ABA/annotation/arctic_a0214.TextGrid
HQTV,arctic_a0013,data/l2arctic_release_v5.0/HQTV/wav/arctic_a0013.wav,data/l2arctic_release_v5.0/HQTV/annotation/arctic_a0013.TextGrid
SVBI,arctic_a0023,data/l2arctic_release_v5.0/SVBI/wav/arctic_a0023.wav,data/l2arctic_release_v5.0/SVBI/annotation/arctic_a0023.TextGrid
LXC,arctic_b0461,data/l2arctic_release_v5.0/LXC/wav/arctic_b0461.wav,data/l2arctic_release_v5.0/LXC/annotation/arctic_b0461.TextGrid
NJS,arctic_a0042,data/l2arctic_release_v5.0/NJS/wav/arctic_a0042.wav,data/l2arctic_release_v5.0/NJS/annotation/arctic_a0042.TextGrid
HQTV,arctic_a0020,data/l2arctic_release_v5.0/HQTV/wav/arctic_a0020.wav,data/l2arctic_release_v5.0/HQTV/annotation/arctic_a0020.TextGrid
TLV,arctic_a0123,data/l2arctic_release_v5.0/TLV/wav/arctic_a0123.wav,data/l2arctic_release_v5.0/TLV/annotation/arctic_a0123.TextGrid
LXC,arctic_a0225,data/l2arctic_release_v5.0/LXC/wav/arctic_a0225.wav,data/l2arctic_release_v5.0/LXC/annotation/arctic_a0225.TextGrid
RRBI,arctic_a0023,data/l2arctic_release_v5.0/RRBI/wav/arctic_a0023.wav,data/l2arctic_release_v5.0/RRBI/annotation/arctic_a0023.TextGrid
BWC,arctic_a0023,data/l2arctic_release_v5.0/BWC/wav/arctic_a0023.wav,data/l2arctic_release_v5.0/BWC/annotation/arctic_a0023.TextGrid
YKWK,arctic_a0073,data/l2arctic_release_v5.0/YKWK/wav/arctic_a0073.wav,data/l2arctic_release_v5.0/YKWK/annotation/arctic_a0073.TextGrid
TLV,arctic_a0098,data/l2arctic_release_v5.0/TLV/wav/arctic_a0098.wav,data/l2arctic_release_v5.0/TLV/annotation/arctic_a0098.TextGrid
THV,arctic_a0024,data/l2arctic_release_v5.0/THV/wav/arctic_a0024.wav,data/l2arctic_release_v5.0/THV/annotation/arctic_a0024.TextGrid
HJK,arctic_b0530,data/l2arctic_release_v5.0/HJK/wav/arctic_b0530.wav,data/l2arctic_release_v5.0/HJK/annotation/arctic_b0530.TextGrid
MBMPS,arctic_a0116,data/l2arctic_release_v5.0/MBMPS/wav/arctic_a0116.wav,data/l2arctic_release_v5.0/MBMPS/annotation/arctic_a0116.TextGrid
NCC,arctic_a0037,data/l2arctic_release_v5.0/NCC/wav/arctic_a0037.wav,data/l2arctic_release_v5.0/NCC/annotation/arctic_a0037.TextGrid
RRBI,arctic_b0038,data/l2arctic_release_v5.0/RRBI/wav/arctic_b0038.wav,data/l2arctic_release_v5.0/RRBI/annotation/arctic_b0038.TextGrid
THV,arctic_a0125,data/l2arctic_release_v5.0/THV/wav/arctic_a0125.wav,data/l2arctic_release_v5.0/THV/annotation/arctic_a0125.TextGrid
YKWK,arctic_a0126,data/l2arctic_release_v5.0/YKWK/wav/arctic_a0126.wav,data/l2arctic_release_v5.0/YKWK/annotation/arctic_a0126.TextGrid
YBAA,arctic_a0134,data/l2arctic_release_v5.0/YBAA/wav/arctic_a0134.wav,data/l2arctic_release_v5.0/YBAA/annotation/arctic_a0134.TextGrid
ABA,arctic_a0086,data/l2arctic_release_v5.0/ABA/wav/arctic_a0086.wav,data/l2arctic_release_v5.0/ABA/annotation/arctic_a0086.TextGrid
LXC,arctic_a0020,data/l2arctic_release_v5.0/LXC/wav/arctic_a0020.wav,data/l2arctic_release_v5.0/LXC/annotation/arctic_a0020.TextGrid
PNV,arctic_a0077,data/l2arctic_release_v5.0/PNV/wav/arctic_a0077.wav,data/l2arctic_release_v5.0/PNV/annotation/arctic_a0077.TextGrid
RRBI,arctic_a0214,data/l2arctic_release_v5.0/RRBI/wav/arctic_a0214.wav,data/l2arctic_release_v5.0/RRBI/annotation/arctic_a0214.TextGrid
HKK,arctic_b0192,data/l2arctic_release_v5.0/HKK/wav/arctic_b0192.wav,data/l2arctic_release_v5.0/HKK/annotation/arctic_b0192.TextGrid
PNV,arctic_a0095,data/l2arctic_release_v5.0/PNV/wav/arctic_a0095.wav,data/l2arctic_release_v5.0/PNV/annotation/arctic_a0095.TextGrid
YDCK,arctic_a0134,data/l2arctic_release_v5.0/YDCK/wav/arctic_a0134.wav,data/l2arctic_release_v5.0/YDCK/annotation/arctic_a0134.TextGrid
SKA,arctic_b0434,data/l2arctic_release_v5.0/SKA/wav/arctic_b0434.wav,data/l2arctic_release_v5.0/SKA/annotation/arctic_b0434.TextGrid
ABA,arctic_a0096,data/l2arctic_release_v5.0/ABA/wav/arctic_a0096.wav,data/l2arctic_release_v5.0/ABA/annotation/arctic_a0096.TextGrid
MBMPS,arctic_a0369,data/l2arctic_release_v5.0/MBMPS/wav/arctic_a0369.wav,data/l2arctic_release_v5.0/MBMPS/annotation/arctic_a0369.TextGrid
HQTV,arctic_a0127,data/l2arctic_release_v5.0/HQTV/wav/arctic_a0127.wav,data/l2arctic_release_v5.0/HQTV/annotation/arctic_a0127.TextGrid
BWC,arctic_a0026,data/l2arctic_release_v5.0/BWC/wav/arctic_a0026.wav,data/l2arctic_release_v5.0/BWC/annotation/arctic_a0026.TextGrid
NCC,arctic_a0104,data/l2arctic_release_v5.0/NCC/wav/arctic_a0104.wav,data/l2arctic_release_v5.0/NCC/annotation/arctic_a0104.TextGrid
SKA,arctic_b0432,data/l2arctic_release_v5.0/SKA/wav/arctic_b0432.wav,data/l2arctic_release_v5.0/SKA/annotation/arctic_b0432.TextGrid
TLV,arctic_a0139,data/l2arctic_release_v5.0/TLV/wav/arctic_a0139.wav,data/l2arctic_release_v5.0/TLV/annotation/arctic_a0139.TextGrid
YDCK,arctic_a0062,data/l2arctic_release_v5.0/YDCK/wav/arctic_a0062.wav,data/l2arctic_release_v5.0/YDCK/annotation/arctic_a0062.TextGrid
MBMPS,arctic_a0127,data/l2arctic_release_v5.0/MBMPS/wav/arctic_a0127.wav,data/l2arctic_release_v5.0/MBMPS/annotation/arctic_a0127.TextGrid
YKWK,arctic_a0442,data/l2arctic_release_v5.0/YKWK/wav/arctic_a0442.wav,data/l2arctic_release_v5.0/YKWK/annotation/arctic_a0442.TextGrid
SVBI,arctic_a0100,data/l2arctic_release_v5.0/SVBI/wav/arctic_a0100.wav,data/l2arctic_release_v5.0/SVBI/annotation/arctic_a0100.TextGrid
TLV,arctic_a0101,data/l2arctic_release_v5.0/TLV/wav/arctic_a0101.wav,data/l2arctic_release_v5.0/TLV/annotation/arctic_a0101.TextGrid
THV,arctic_b0048,data/l2arctic_release_v5.0/THV/wav/arctic_b0048.wav,data/l2arctic_release_v5.0/THV/annotation/arctic_b0048.TextGrid
ZHAA,arctic_b0425,data/l2arctic_release_v5.0/ZHAA/wav/arctic_b0425.wav,data/l2arctic_release_v5.0/ZHAA/annotation/arctic_b0425.TextGrid
SKA,arctic_a0025,data/l2arctic_release_v5.0/SKA/wav/arctic_a0025.wav,data/l2arctic_release_v5.0/SKA/annotation/arctic_a0025.TextGrid
SKA,arctic_a0013,data/l2arctic_release_v5.0/SKA/wav/arctic_a0013.wav,data/l2arctic_release_v5.0/SKA/annotation/arctic_a0013.TextGrid
ASI,arctic_a0416,data/l2arctic_release_v5.0/ASI/wav/arctic_a0416.wav,data/l2arctic_release_v5.0/ASI/annotation/arctic_a0416.TextGrid
TNI,arctic_a0010,data/l2arctic_release_v5.0/TNI/wav/arctic_a0010.wav,data/l2arctic_release_v5.0/TNI/annotation/arctic_a0010.TextGrid
ZHAA,arctic_b0455,data/l2arctic_release_v5.0/ZHAA/wav/arctic_b0455.wav,data/l2arctic_release_v5.0/ZHAA/annotation/arctic_b0455.TextGrid
RRBI,arctic_a0081,data/l2arctic_release_v5.0/RRBI/wav/arctic_a0081.wav,data/l2arctic_release_v5.0/RRBI/annotation/arctic_a0081.TextGrid
NJS,arctic_a0052,data/l2arctic_release_v5.0/NJS/wav/arctic_a0052.wav,data/l2arctic_release_v5.0/NJS/annotation/arctic_a0052.TextGrid
BWC,arctic_b0366,data/l2arctic_release_v5.0/BWC/wav/arctic_b0366.wav,data/l2arctic_release_v5.0/BWC/annotation/arctic_b0366.TextGrid
EBVS,arctic_a0300,data/l2arctic_release_v5.0/EBVS/wav/arctic_a0300.wav,data/l2arctic_release_v5.0/EBVS/annotation/arctic_a0300.TextGrid
YKWK,arctic_a0052,data/l2arctic_release_v5.0/YKWK/wav/arctic_a0052.wav,data/l2arctic_release_v5.0/YKWK/annotation/arctic_a0052.TextGrid
RRBI,arctic_a0062,data/l2arctic_release_v5.0/RRBI/wav/arctic_a0062.wav,data/l2arctic_release_v5.0/RRBI/annotation/arctic_a0062.TextGrid
ZHAA,arctic_a0039,data/l2arctic_release_v5.0/ZHAA/wav/arctic_a0039.wav,data/l2arctic_release_v5.0/ZHAA/annotation/arctic_a0039.TextGrid
HQTV,arctic_b0189,data/l2arctic_release_v5.0/HQTV/wav/arctic_b0189.wav,data/l2arctic_release_v5.0/HQTV/annotation/arctic_b0189.TextGrid
TLV,arctic_a0062,data/l2arctic_release_v5.0/TLV/wav/arctic_a0062.wav,data/l2arctic_release_v5.0/TLV/annotation/arctic_a0062.TextGrid
TXHC,arctic_a0116,data/l2arctic_release_v5.0/TXHC/wav/arctic_a0116.wav,data/l2arctic_release_v5.0/TXHC/annotation/arctic_a0116.TextGrid
THV,arctic_a0028,data/l2arctic_release_v5.0/THV/wav/arctic_a0028.wav,data/l2arctic_release_v5.0/THV/annotation/arctic_a0028.TextGrid
NCC,arctic_b0418,data/l2arctic_release_v5.0/NCC/wav/arctic_b0418.wav,data/l2arctic_release_v5.0/NCC/annotation/arctic_b0418.TextGrid
SVBI,arctic_a0092,data/l2arctic_release_v5.0/SVBI/wav/arctic_a0092.wav,data/l2arctic_release_v5.0/SVBI/annotation/arctic_a0092.TextGrid
HJK,arctic_a0108,data/l2arctic_release_v5.0/HJK/wav/arctic_a0108.wav,data/l2arctic_release_v5.0/HJK/annotation/arctic_a0108.TextGrid
ABA,arctic_b0083,data/l2arctic_release_v5.0/ABA/wav/arctic_b0083.wav,data/l2arctic_release_v5.0/ABA/annotation/arctic_b0083.TextGrid
ABA,arctic_a0007,data/l2arctic_release_v5.0/ABA/wav/arctic_a0007.wav,data/l2arctic_release_v5.0/ABA/annotation/arctic_a0007.TextGrid
HKK,arctic_a0092,data/l2arctic_release_v5.0/HKK/wav/arctic_a0092.wav,data/l2arctic_release_v5.0/HKK/annotation/arctic_a0092.TextGrid
TNI,arctic_a0038,data/l2arctic_release_v5.0/TNI/wav/arctic_a0038.wav,data/l2arctic_release_v5.0/TNI/annotation/arctic_a0038.TextGrid
HKK,arctic_a0040,data/l2arctic_release_v5.0/HKK/wav/arctic_a0040.wav,data/l2arctic_release_v5.0/HKK/annotation/arctic_a0040.TextGrid
ASI,arctic_a0095,data/l2arctic_release_v5.0/ASI/wav/arctic_a0095.wav,data/l2arctic_release_v5.0/ASI/annotation/arctic_a0095.TextGrid
ZHAA,arctic_a0123,data/l2arctic_release_v5.0/ZHAA/wav/arctic_a0123.wav,data/l2arctic_release_v5.0/ZHAA/annotation/arctic_a0123.TextGrid
ERMS,arctic_a0067,data/l2arctic_release_v5.0/ERMS/wav/arctic_a0067.wav,data/l2arctic_release_v5.0/ERMS/annotation/arctic_a0067.TextGrid
TLV,arctic_a0117,data/l2arctic_release_v5.0/TLV/wav/arctic_a0117.wav,data/l2arctic_release_v5.0/TLV/annotation/arctic_a0117.TextGrid
HKK,arctic_b0238,data/l2arctic_release_v5.0/HKK/wav/arctic_b0238.wav,data/l2arctic_release_v5.0/HKK/annotation/arctic_b0238.TextGrid
NCC,arctic_a0060,data/l2arctic_release_v5.0/NCC/wav/arctic_a0060.wav,data/l2arctic_release_v5.0/NCC/annotation/arctic_a0060.TextGrid
ABA,arctic_b0340,data/l2arctic_release_v5.0/ABA/wav/arctic_b0340.wav,data/l2arctic_release_v5.0/ABA/annotation/arctic_b0340.TextGrid
YKWK,arctic_a0024,data/l2arctic_release_v5.0/YKWK/wav/arctic_a0024.wav,data/l2arctic_release_v5.0/YKWK/annotation/arctic_a0024.TextGrid
TLV,arctic_b0304,data/l2arctic_release_v5.0/TLV/wav/arctic_b0304.wav,data/l2arctic_release_v5.0/TLV/annotation/arctic_b0304.TextGrid
TLV,arctic_b0342,data/l2arctic_release_v5.0/TLV/wav/arctic_b0342.wav,data/l2arctic_release_v5.0/TLV/annotation/arctic_b0342.TextGrid
EBVS,arctic_a0113,data/l2arctic_release_v5.0/EBVS/wav/arctic_a0113.wav,data/l2arctic_release_v5.0/EBVS/annotation/arctic_a0113.TextGrid
YDCK,arctic_a0542,data/l2arctic_release_v5.0/YDCK/wav/arctic_a0542.wav,data/l2arctic_release_v5.0/YDCK/annotation/arctic_a0542.TextGrid
PNV,arctic_b0481,data/l2arctic_release_v5.0/PNV/wav/arctic_b0481.wav,data/l2arctic_release_v5.0/PNV/annotation/arctic_b0481.TextGrid
EBVS,arctic_a0260,data/l2arctic_release_v5.0/EBVS/wav/arctic_a0260.wav,data/l2arctic_release_v5.0/EBVS/annotation/arctic_a0260.TextGrid
NJS,arctic_a0115,data/l2arctic_release_v5.0/NJS/wav/arctic_a0115.wav,data/l2arctic_release_v5.0/NJS/annotation/arctic_a0115.TextGrid
YBAA,arctic_a0126,data/l2arctic_release_v5.0/YBAA/wav/arctic_a0126.wav,data/l2arctic_release_v5.0/YBAA/annotation/arctic_a0126.TextGrid
HJK,arctic_a0085,data/l2arctic_release_v5.0/HJK/wav/arctic_a0085.wav,data/l2arctic_release_v5.0/HJK/annotation/arctic_a0085.TextGrid
NJS,arctic_a0088,data/l2arctic_release_v5.0/NJS/wav/arctic_a0088.wav,data/l2arctic_release_v5.0/NJS/annotation/arctic_a0088.TextGrid
ASI,arctic_a0077,data/l2arctic_release_v5.0/ASI/wav/arctic_a0077.wav,data/l2arctic_release_v5.0/ASI/annotation/arctic_a0077.TextGrid
HKK,arctic_a0045,data/l2arctic_release_v5.0/HKK/wav/arctic_a0045.wav,data/l2arctic_release_v5.0/HKK/annotation/arctic_a0045.TextGrid
THV,arctic_a0092,data/l2arctic_release_v5.0/THV/wav/arctic_a0092.wav,data/l2arctic_release_v5.0/THV/annotation/arctic_a0092.TextGrid
ZHAA,arctic_a0116,data/l2arctic_release_v5.0/ZHAA/wav/arctic_a0116.wav,data/l2arctic_release_v5.0/ZHAA/annotation/arctic_a0116.TextGrid
NCC,arctic_b0483,data/l2arctic_release_v5.0/NCC/wav/arctic_b0483.wav,data/l2arctic_release_v5.0/NCC/annotation/arctic_b0483.TextGrid
HJK,arctic_b0315,data/l2arctic_release_v5.0/HJK/wav/arctic_b0315.wav,data/l2arctic_release_v5.0/HJK/annotation/arctic_b0315.TextGrid
YBAA,arctic_a0054,data/l2arctic_release_v5.0/YBAA/wav/arctic_a0054.wav,data/l2arctic_release_v5.0/YBAA/annotation/arctic_a0054.TextGrid
BWC,arctic_a0076,data/l2arctic_release_v5.0/BWC/wav/arctic_a0076.wav,data/l2arctic_release_v5.0/BWC/annotation/arctic_a0076.TextGrid
YKWK,arctic_a0108,data/l2arctic_release_v5.0/YKWK/wav/arctic_a0108.wav,data/l2arctic_release_v5.0/YKWK/annotation/arctic_a0108.TextGrid
TNI,arctic_b0073,data/l2arctic_release_v5.0/TNI/wav/arctic_b0073.wav,data/l2arctic_release_v5.0/TNI/annotation/arctic_b0073.TextGrid
ASI,arctic_a0116,data/l2arctic_release_v5.0/ASI/wav/arctic_a0116.wav,data/l2arctic_release_v5.0/ASI/annotation/arctic_a0116.TextGrid
EBVS,arctic_a0122,data/l2arctic_release_v5.0/EBVS/wav/arctic_a0122.wav,data/l2arctic_release_v5.0/EBVS/annotation/arctic_a0122.TextGrid
PNV,arctic_a0051,data/l2arctic_release_v5.0/PNV/wav/arctic_a0051.wav,data/l2arctic_release_v5.0/PNV/annotation/arctic_a0051.TextGrid
LXC,arctic_b0251,data/l2arctic_release_v5.0/LXC/wav/arctic_b0251.wav,data/l2arctic_release_v5.0/LXC/annotation/arctic_b0251.TextGrid
RRBI,arctic_b0315,data/l2arctic_release_v5.0/RRBI/wav/arctic_b0315.wav,data/l2arctic_release_v5.0/RRBI/annotation/arctic_b0315.TextGrid
ABA,arctic_a0041,data/l2arctic_release_v5.0/ABA/wav/arctic_a0041.wav,data/l2arctic_release_v5.0/ABA/annotation/arctic_a0041.TextGrid
HJK,arctic_a0038,data/l2arctic_release_v5.0/HJK/wav/arctic_a0038.wav,data/l2arctic_release_v5.0/HJK/annotation/arctic_a0038.TextGrid
YKWK,arctic_a0134,data/l2arctic_release_v5.0/YKWK/wav/arctic_a0134.wav,data/l2arctic_release_v5.0/YKWK/annotation/arctic_a0134.TextGrid
SVBI,arctic_a0365,data/l2arctic_release_v5.0/SVBI/wav/arctic_a0365.wav,data/l2arctic_release_v5.0/SVBI/annotation/arctic_a0365.TextGrid
TLV,arctic_a0095,data/l2arctic_release_v5.0/TLV/wav/arctic_a0095.wav,data/l2arctic_release_v5.0/TLV/annotation/arctic_a0095.TextGrid
HJK,arctic_a0098,data/l2arctic_release_v5.0/HJK/wav/arctic_a0098.wav,data/l2arctic_release_v5.0/HJK/annotation/arctic_a0098.TextGrid
LXC,arctic_b0385,data/l2arctic_release_v5.0/LXC/wav/arctic_b0385.wav,data/l2arctic_release_v5.0/LXC/annotation/arctic_b0385.TextGrid
LXC,arctic_a0060,data/l2arctic_release_v5.0/LXC/wav/arctic_a0060.wav,data/l2arctic_release_v5.0/LXC/annotation/arctic_a0060.TextGrid
TLV,arctic_a0046,data/l2arctic_release_v5.0/TLV/wav/arctic_a0046.wav,data/l2arctic_release_v5.0/TLV/annotation/arctic_a0046.TextGrid
TNI,arctic_a0096,data/l2arctic_release_v5.0/TNI/wav/arctic_a0096.wav,data/l2arctic_release_v5.0/TNI/annotation/arctic_a0096.TextGrid
YBAA,arctic_a0062,data/l2arctic_release_v5.0/YBAA/wav/arctic_a0062.wav,data/l2arctic_release_v5.0/YBAA/annotation/arctic_a0062.TextGrid
YDCK,arctic_b0068,data/l2arctic_release_v5.0/YDCK/wav/arctic_b0068.wav,data/l2arctic_release_v5.0/YDCK/annotation/arctic_b0068.TextGrid
MBMPS,arctic_a0048,data/l2arctic_release_v5.0/MBMPS/wav/arctic_a0048.wav,data/l2arctic_release_v5.0/MBMPS/annotation/arctic_a0048.TextGrid
NJS,arctic_a0028,data/l2arctic_release_v5.0/NJS/wav/arctic_a0028.wav,data/l2arctic_release_v5.0/NJS/annotation/arctic_a0028.TextGrid
NCC,arctic_b0430,data/l2arctic_release_v5.0/NCC/wav/arctic_b0430.wav,data/l2arctic_release_v5.0/NCC/annotation/arctic_b0430.TextGrid
ASI,arctic_b0171,data/l2arctic_release_v5.0/ASI/wav/arctic_b0171.wav,data/l2arctic_release_v5.0/ASI/annotation/arctic_b0171.TextGrid
SVBI,arctic_a0042,data/l2arctic_release_v5.0/SVBI/wav/arctic_a0042.wav,data/l2arctic_release_v5.0/SVBI/annotation/arctic_a0042.TextGrid
YKWK,arctic_a0145,data/l2arctic_release_v5.0/YKWK/wav/arctic_a0145.wav,data/l2arctic_release_v5.0/YKWK/annotation/arctic_a0145.TextGrid
EBVS,arctic_a0108,data/l2arctic_release_v5.0/EBVS/wav/arctic_a0108.wav,data/l2arctic_release_v5.0/EBVS/annotation/arctic_a0108.TextGrid
BWC,arctic_b0509,data/l2arctic_release_v5.0/BWC/wav/arctic_b0509.wav,data/l2arctic_release_v5.0/BWC/annotation/arctic_b0509.TextGrid
SKA,arctic_a0037,data/l2arctic_release_v5.0/SKA/wav/arctic_a0037.wav,data/l2arctic_release_v5.0/SKA/annotation/arctic_a0037.TextGrid
YDCK,arctic_a0109,data/l2arctic_release_v5.0/YDCK/wav/arctic_a0109.wav,data/l2arctic_release_v5.0/YDCK/annotation/arctic_a0109.TextGrid
YKWK,arctic_a0022,data/l2arctic_release_v5.0/YKWK/wav/arctic_a0022.wav,data/l2arctic_release_v5.0/YKWK/annotation/arctic_a0022.TextGrid
ABA,arctic_a0085,data/l2arctic_release_v5.0/ABA/wav/arctic_a0085.wav,data/l2arctic_release_v5.0/ABA/annotation/arctic_a0085.TextGrid
EBVS,arctic_a0487,data/l2arctic_release_v5.0/EBVS/wav/arctic_a0487.wav,data/l2arctic_release_v5.0/EBVS/annotation/arctic_a0487.TextGrid
RRBI,arctic_a0188,data/l2arctic_release_v5.0/RRBI/wav/arctic_a0188.wav,data/l2arctic_release_v5.0/RRBI/annotation/arctic_a0188.TextGrid
TXHC,arctic_a0109,data/l2arctic_release_v5.0/TXHC/wav/arctic_a0109.wav,data/l2arctic_release_v5.0/TXHC/annotation/arctic_a0109.TextGrid
SVBI,arctic_a0178,data/l2arctic_release_v5.0/SVBI/wav/arctic_a0178.wav,data/l2arctic_release_v5.0/SVBI/annotation/arctic_a0178.TextGrid
MBMPS,arctic_a0011,data/l2arctic_release_v5.0/MBMPS/wav/arctic_a0011.wav,data/l2arctic_release_v5.0/MBMPS/annotation/arctic_a0011.TextGrid
HJK,arctic_b0192,data/l2arctic_release_v5.0/HJK/wav/arctic_b0192.wav,data/l2arctic_release_v5.0/HJK/annotation/arctic_b0192.TextGrid
EBVS,arctic_a0120,data/l2arctic_release_v5.0/EBVS/wav/arctic_a0120.wav,data/l2arctic_release_v5.0/EBVS/annotation/arctic_a0120.TextGrid
PNV,arctic_a0097,data/l2arctic_release_v5.0/PNV/wav/arctic_a0097.wav,data/l2arctic_release_v5.0/PNV/annotation/arctic_a0097.TextGrid
BWC,arctic_a0112,data/l2arctic_release_v5.0/BWC/wav/arctic_a0112.wav,data/l2arctic_release_v5.0/BWC/annotation/arctic_a0112.TextGrid
LXC,arctic_b0074,data/l2arctic_release_v5.0/LXC/wav/arctic_b0074.wav,data/l2arctic_release_v5.0/LXC/annotation/arctic_b0074.TextGrid
SVBI,arctic_b0057,data/l2arctic_release_v5.0/SVBI/wav/arctic_b0057.wav,data/l2arctic_release_v5.0/SVBI/annotation/arctic_b0057.TextGrid
BWC,arctic_a0129,data/l2arctic_release_v5.0/BWC/wav/arctic_a0129.wav,data/l2arctic_release_v5.0/BWC/annotation/arctic_a0129.TextGrid
RRBI,arctic_a0301,data/l2arctic_release_v5.0/RRBI/wav/arctic_a0301.wav,data/l2arctic_release_v5.0/RRBI/annotation/arctic_a0301.TextGrid
ASI,arctic_a0013,data/l2arctic_release_v5.0/ASI/wav/arctic_a0013.wav,data/l2arctic_release_v5.0/ASI/annotation/arctic_a0013.TextGrid
BWC,arctic_a0434,data/l2arctic_release_v5.0/BWC/wav/arctic_a0434.wav,data/l2arctic_release_v5.0/BWC/annotation/arctic_a0434.TextGrid
TXHC,arctic_a0051,data/l2arctic_release_v5.0/TXHC/wav/arctic_a0051.wav,data/l2arctic_release_v5.0/TXHC/annotation/arctic_a0051.TextGrid
ABA,arctic_b0495,data/l2arctic_release_v5.0/ABA/wav/arctic_b0495.wav,data/l2arctic_release_v5.0/ABA/annotation/arctic_b0495.TextGrid
RRBI,arctic_a0030,data/l2arctic_release_v5.0/RRBI/wav/arctic_a0030.wav,data/l2arctic_release_v5.0/RRBI/annotation/arctic_a0030.TextGrid
RRBI,arctic_a0036,data/l2arctic_release_v5.0/RRBI/wav/arctic_a0036.wav,data/l2arctic_release_v5.0/RRBI/annotation/arctic_a0036.TextGrid
YKWK,arctic_a0088,data/l2arctic_release_v5.0/YKWK/wav/arctic_a0088.wav,data/l2arctic_release_v5.0/YKWK/annotation/arctic_a0088.TextGrid
THV,arctic_a0046,data/l2arctic_release_v5.0/THV/wav/arctic_a0046.wav,data/l2arctic_release_v5.0/THV/annotation/arctic_a0046.TextGrid
LXC,arctic_a0137,data/l2arctic_release_v5.0/LXC/wav/arctic_a0137.wav,data/l2arctic_release_v5.0/LXC/annotation/arctic_a0137.TextGrid
MBMPS,arctic_a0039,data/l2arctic_release_v5.0/MBMPS/wav/arctic_a0039.wav,data/l2arctic_release_v5.0/MBMPS/annotation/arctic_a0039.TextGrid
PNV,arctic_a0108,data/l2arctic_release_v5.0/PNV/wav/arctic_a0108.wav,data/l2arctic_release_v5.0/PNV/annotation/arctic_a0108.TextGrid
SKA,arctic_a0032,data/l2arctic_release_v5.0/SKA/wav/arctic_a0032.wav,data/l2arctic_release_v5.0/SKA/annotation/arctic_a0032.TextGrid
RRBI,arctic_a0107,data/l2arctic_release_v5.0/RRBI/wav/arctic_a0107.wav,data/l2arctic_release_v5.0/RRBI/annotation/arctic_a0107.TextGrid
RRBI,arctic_a0047,data/l2arctic_release_v5.0/RRBI/wav/arctic_a0047.wav,data/l2arctic_release_v5.0/RRBI/annotation/arctic_a0047.TextGrid
PNV,arctic_a0098,data/l2arctic_release_v5.0/PNV/wav/arctic_a0098.wav,data/l2arctic_release_v5.0/PNV/annotation/arctic_a0098.TextGrid
HJK,arctic_b0304,data/l2arctic_release_v5.0/HJK/wav/arctic_b0304.wav,data/l2arctic_release_v5.0/HJK/annotation/arctic_b0304.TextGrid
TNI,arctic_a0424,data/l2arctic_release_v5.0/TNI/wav/arctic_a0424.wav,data/l2arctic_release_v5.0/TNI/annotation/arctic_a0424.TextGrid
HKK,arctic_a0054,data/l2arctic_release_v5.0/HKK/wav/arctic_a0054.wav,data/l2arctic_release_v5.0/HKK/annotation/arctic_a0054.TextGrid
HKK,arctic_a0107,data/l2arctic_release_v5.0/HKK/wav/arctic_a0107.wav,data/l2arctic_release_v5.0/HKK/annotation/arctic_a0107.TextGrid
EBVS,arctic_a0369,data/l2arctic_release_v5.0/EBVS/wav/arctic_a0369.wav,data/l2arctic_release_v5.0/EBVS/annotation/arctic_a0369.TextGrid
ERMS,arctic_a0006,data/l2arctic_release_v5.0/ERMS/wav/arctic_a0006.wav,data/l2arctic_release_v5.0/ERMS/annotation/arctic_a0006.TextGrid
TLV,arctic_a0032,data/l2arctic_release_v5.0/TLV/wav/arctic_a0032.wav,data/l2arctic_release_v5.0/TLV/annotation/arctic_a0032.TextGrid
YKWK,arctic_a0123,data/l2arctic_release_v5.0/YKWK/wav/arctic_a0123.wav,data/l2arctic_release_v5.0/YKWK/annotation/arctic_a0123.TextGrid
TXHC,arctic_a0129,data/l2arctic_release_v5.0/TXHC/wav/arctic_a0129.wav,data/l2arctic_release_v5.0/TXHC/annotation/arctic_a0129.TextGrid
HJK,arctic_a0131,data/l2arctic_release_v5.0/HJK/wav/arctic_a0131.wav,data/l2arctic_release_v5.0/HJK/annotation/arctic_a0131.TextGrid
LXC,arctic_a0045,data/l2arctic_release_v5.0/LXC/wav/arctic_a0045.wav,data/l2arctic_release_v5.0/LXC/annotation/arctic_a0045.TextGrid
SVBI,arctic_a0096,data/l2arctic_release_v5.0/SVBI/wav/arctic_a0096.wav,data/l2arctic_release_v5.0/SVBI/annotation/arctic_a0096.TextGrid
ASI,arctic_a0102,data/l2arctic_release_v5.0/ASI/wav/arctic_a0102.wav,data/l2arctic_release_v5.0/ASI/annotation/arctic_a0102.TextGrid
THV,arctic_a0089,data/l2arctic_release_v5.0/THV/wav/arctic_a0089.wav,data/l2arctic_release_v5.0/THV/annotation/arctic_a0089.TextGrid
SKA,arctic_a0111,data/l2arctic_release_v5.0/SKA/wav/arctic_a0111.wav,data/l2arctic_release_v5.0/SKA/annotation/arctic_a0111.TextGrid
THV,arctic_a0128,data/l2arctic_release_v5.0/THV/wav/arctic_a0128.wav,data/l2arctic_release_v5.0/THV/annotation/arctic_a0128.TextGrid
YKWK,arctic_a0089,data/l2arctic_release_v5.0/YKWK/wav/arctic_a0089.wav,data/l2arctic_release_v5.0/YKWK/annotation/arctic_a0089.TextGrid
ERMS,arctic_a0077,data/l2arctic_release_v5.0/ERMS/wav/arctic_a0077.wav,data/l2arctic_release_v5.0/ERMS/annotation/arctic_a0077.TextGrid
SVBI,arctic_a0130,data/l2arctic_release_v5.0/SVBI/wav/arctic_a0130.wav,data/l2arctic_release_v5.0/SVBI/annotation/arctic_a0130.TextGrid
YKWK,arctic_a0078,data/l2arctic_release_v5.0/YKWK/wav/arctic_a0078.wav,data/l2arctic_release_v5.0/YKWK/annotation/arctic_a0078.TextGrid
YKWK,arctic_a0116,data/l2arctic_release_v5.0/YKWK/wav/arctic_a0116.wav,data/l2arctic_release_v5.0/YKWK/annotation/arctic_a0116.TextGrid
ERMS,arctic_a0062,data/l2arctic_release_v5.0/ERMS/wav/arctic_a0062.wav,data/l2arctic_release_v5.0/ERMS/annotation/arctic_a0062.TextGrid
HQTV,arctic_a0089,data/l2arctic_release_v5.0/HQTV/wav/arctic_a0089.wav,data/l2arctic_release_v5.0/HQTV/annotation/arctic_a0089.TextGrid
NCC,arctic_a0536,data/l2arctic_release_v5.0/NCC/wav/arctic_a0536.wav,data/l2arctic_release_v5.0/NCC/annotation/arctic_a0536.TextGrid
MBMPS,arctic_a0136,data/l2arctic_release_v5.0/MBMPS/wav/arctic_a0136.wav,data/l2arctic_release_v5.0/MBMPS/annotation/arctic_a0136.TextGrid
EBVS,arctic_b0304,data/l2arctic_release_v5.0/EBVS/wav/arctic_b0304.wav,data/l2arctic_release_v5.0/EBVS/annotation/arctic_b0304.TextGrid
NCC,arctic_a0077,data/l2arctic_release_v5.0/NCC/wav/arctic_a0077.wav,data/l2arctic_release_v5.0/NCC/annotation/arctic_a0077.TextGrid
BWC,arctic_a0127,data/l2arctic_release_v5.0/BWC/wav/arctic_a0127.wav,data/l2arctic_release_v5.0/BWC/annotation/arctic_a0127.TextGrid
ASI,arctic_a0099,data/l2arctic_release_v5.0/ASI/wav/arctic_a0099.wav,data/l2arctic_release_v5.0/ASI/annotation/arctic_a0099.TextGrid
LXC,arctic_a0053,data/l2arctic_release_v5.0/LXC/wav/arctic_a0053.wav,data/l2arctic_release_v5.0/LXC/annotation/arctic_a0053.TextGrid
RRBI,arctic_a0003,data/l2arctic_release_v5.0/RRBI/wav/arctic_a0003.wav,data/l2arctic_release_v5.0/RRBI/annotation/arctic_a0003.TextGrid
TXHC,arctic_b0531,data/l2arctic_release_v5.0/TXHC/wav/arctic_b0531.wav,data/l2arctic_release_v5.0/TXHC/annotation/arctic_b0531.TextGrid
NJS,arctic_a0024,data/l2arctic_release_v5.0/NJS/wav/arctic_a0024.wav,data/l2arctic_release_v5.0/NJS/annotation/arctic_a0024.TextGrid
NCC,arctic_a0063,data/l2arctic_release_v5.0/NCC/wav/arctic_a0063.wav,data/l2arctic_release_v5.0/NCC/annotation/arctic_a0063.TextGrid
BWC,arctic_b0140,data/l2arctic_release_v5.0/BWC/wav/arctic_b0140.wav,data/l2arctic_release_v5.0/BWC/annotation/arctic_b0140.TextGrid
ZHAA,arctic_a0046,data/l2arctic_release_v5.0/ZHAA/wav/arctic_a0046.wav,data/l2arctic_release_v5.0/ZHAA/annotation/arctic_a0046.TextGrid
SVBI,arctic_a0405,data/l2arctic_release_v5.0/SVBI/wav/arctic_a0405.wav,data/l2arctic_release_v5.0/SVBI/annotation/arctic_a0405.TextGrid
BWC,arctic_a0045,data/l2arctic_release_v5.0/BWC/wav/arctic_a0045.wav,data/l2arctic_release_v5.0/BWC/annotation/arctic_a0045.TextGrid
NJS,arctic_a0185,data/l2arctic_release_v5.0/NJS/wav/arctic_a0185.wav,data/l2arctic_release_v5.0/NJS/annotation/arctic_a0185.TextGrid
ERMS,arctic_a0129,data/l2arctic_release_v5.0/ERMS/wav/arctic_a0129.wav,data/l2arctic_release_v5.0/ERMS/annotation/arctic_a0129.TextGrid
YKWK,arctic_b0342,data/l2arctic_release_v5.0/YKWK/wav/arctic_b0342.wav,data/l2arctic_release_v5.0/YKWK/annotation/arctic_b0342.TextGrid
TXHC,arctic_a0026,data/l2arctic_release_v5.0/TXHC/wav/arctic_a0026.wav,data/l2arctic_release_v5.0/TXHC/annotation/arctic_a0026.TextGrid
ERMS,arctic_a0047,data/l2arctic_release_v5.0/ERMS/wav/arctic_a0047.wav,data/l2arctic_release_v5.0/ERMS/annotation/arctic_a0047.TextGrid
ZHAA,arctic_a0053,data/l2arctic_release_v5.0/ZHAA/wav/arctic_a0053.wav,data/l2arctic_release_v5.0/ZHAA/annotation/arctic_a0053.TextGrid
ASI,arctic_a0103,data/l2arctic_release_v5.0/ASI/wav/arctic_a0103.wav,data/l2arctic_release_v5.0/ASI/annotation/arctic_a0103.TextGrid
ABA,arctic_a0059,data/l2arctic_release_v5.0/ABA/wav/arctic_a0059.wav,data/l2arctic_release_v5.0/ABA/annotation/arctic_a0059.TextGrid
SKA,arctic_a0089,data/l2arctic_release_v5.0/SKA/wav/arctic_a0089.wav,data/l2arctic_release_v5.0/SKA/annotation/arctic_a0089.TextGrid
TNI,arctic_b0118,data/l2arctic_release_v5.0/TNI/wav/arctic_b0118.wav,data/l2arctic_release_v5.0/TNI/annotation/arctic_b0118.TextGrid
EBVS,arctic_a0145,data/l2arctic_release_v5.0/EBVS/wav/arctic_a0145.wav,data/l2arctic_release_v5.0/EBVS/annotation/arctic_a0145.TextGrid
THV,arctic_b0380,data/l2arctic_release_v5.0/THV/wav/arctic_b0380.wav,data/l2arctic_release_v5.0/THV/annotation/arctic_b0380.TextGrid
HJK,arctic_b0342,data/l2arctic_release_v5.0/HJK/wav/arctic_b0342.wav,data/l2arctic_release_v5.0/HJK/annotation/arctic_b0342.TextGrid
ERMS,arctic_a0037,data/l2arctic_release_v5.0/ERMS/wav/arctic_a0037.wav,data/l2arctic_release_v5.0/ERMS/annotation/arctic_a0037.TextGrid
BWC,arctic_a0029,data/l2arctic_release_v5.0/BWC/wav/arctic_a0029.wav,data/l2arctic_release_v5.0/BWC/annotation/arctic_a0029.TextGrid
HKK,arctic_a0345,data/l2arctic_release_v5.0/HKK/wav/arctic_a0345.wav,data/l2arctic_release_v5.0/HKK/annotation/arctic_a0345.TextGrid
EBVS,arctic_a0036,data/l2arctic_release_v5.0/EBVS/wav/arctic_a0036.wav,data/l2arctic_release_v5.0/EBVS/annotation/arctic_a0036.TextGrid
YKWK,arctic_a0136,data/l2arctic_release_v5.0/YKWK/wav/arctic_a0136.wav,data/l2arctic_release_v5.0/YKWK/annotation/arctic_a0136.TextGrid
YDCK,arctic_a0003,data/l2arctic_release_v5.0/YDCK/wav/arctic_a0003.wav,data/l2arctic_release_v5.0/YDCK/annotation/arctic_a0003.TextGrid
ERMS,arctic_a0094,data/l2arctic_release_v5.0/ERMS/wav/arctic_a0094.wav,data/l2arctic_release_v5.0/ERMS/annotation/arctic_a0094.TextGrid
TXHC,arctic_a0006,data/l2arctic_release_v5.0/TXHC/wav/arctic_a0006.wav,data/l2arctic_release_v5.0/TXHC/annotation/arctic_a0006.TextGrid
THV,arctic_a0027,data/l2arctic_release_v5.0/THV/wav/arctic_a0027.wav,data/l2arctic_release_v5.0/THV/annotation/arctic_a0027.TextGrid
SKA,arctic_b0158,data/l2arctic_release_v5.0/SKA/wav/arctic_b0158.wav,data/l2arctic_release_v5.0/SKA/annotation/arctic_b0158.TextGrid
NJS,arctic_a0023,data/l2arctic_release_v5.0/NJS/wav/arctic_a0023.wav,data/l2arctic_release_v5.0/NJS/annotation/arctic_a0023.TextGrid
NJS,arctic_a0097,data/l2arctic_release_v5.0/NJS/wav/arctic_a0097.wav,data/l2arctic_release_v5.0/NJS/annotation/arctic_a0097.TextGrid
TXHC,arctic_b0400,data/l2arctic_release_v5.0/TXHC/wav/arctic_b0400.wav,data/l2arctic_release_v5.0/TXHC/annotation/arctic_b0400.TextGrid
EBVS,arctic_a0198,data/l2arctic_release_v5.0/EBVS/wav/arctic_a0198.wav,data/l2arctic_release_v5.0/EBVS/annotation/arctic_a0198.TextGrid
TXHC,arctic_a0040,data/l2arctic_release_v5.0/TXHC/wav/arctic_a0040.wav,data/l2arctic_release_v5.0/TXHC/annotation/arctic_a0040.TextGrid
HKK,arctic_b0068,data/l2arctic_release_v5.0/HKK/wav/arctic_b0068.wav,data/l2arctic_release_v5.0/HKK/annotation/arctic_b0068.TextGrid
THV,arctic_a0131,data/l2arctic_release_v5.0/THV/wav/arctic_a0131.wav,data/l2arctic_release_v5.0/THV/annotation/arctic_a0131.TextGrid
ABA,arctic_a0104,data/l2arctic_release_v5.0/ABA/wav/arctic_a0104.wav,data/l2arctic_release_v5.0/ABA/annotation/arctic_a0104.TextGrid
YDCK,arctic_a0051,data/l2arctic_release_v5.0/YDCK/wav/arctic_a0051.wav,data/l2arctic_release_v5.0/YDCK/annotation/arctic_a0051.TextGrid
HKK,arctic_a0041,data/l2arctic_release_v5.0/HKK/wav/arctic_a0041.wav,data/l2arctic_release_v5.0/HKK/annotation/arctic_a0041.TextGrid
ABA,arctic_b0503,data/l2arctic_release_v5.0/ABA/wav/arctic_b0503.wav,data/l2arctic_release_v5.0/ABA/annotation/arctic_b0503.TextGrid
BWC,arctic_a0007,data/l2arctic_release_v5.0/BWC/wav/arctic_a0007.wav,data/l2arctic_release_v5.0/BWC/annotation/arctic_a0007.TextGrid
MBMPS,arctic_a0145,data/l2arctic_release_v5.0/MBMPS/wav/arctic_a0145.wav,data/l2arctic_release_v5.0/MBMPS/annotation/arctic_a0145.TextGrid
HQTV,arctic_a0071,data/l2arctic_release_v5.0/HQTV/wav/arctic_a0071.wav,data/l2arctic_release_v5.0/HQTV/annotation/arctic_a0071.TextGrid
YKWK,arctic_a0037,data/l2arctic_release_v5.0/YKWK/wav/arctic_a0037.wav,data/l2arctic_release_v5.0/YKWK/annotation/arctic_a0037.TextGrid
LXC,arctic_a0122,data/l2arctic_release_v5.0/LXC/wav/arctic_a0122.wav,data/l2arctic_release_v5.0/LXC/annotation/arctic_a0122.TextGrid
SKA,arctic_a0063,data/l2arctic_release_v5.0/SKA/wav/arctic_a0063.wav,data/l2arctic_release_v5.0/SKA/annotation/arctic_a0063.TextGrid
MBMPS,arctic_a0363,data/l2arctic_release_v5.0/MBMPS/wav/arctic_a0363.wav,data/l2arctic_release_v5.0/MBMPS/annotation/arctic_a0363.TextGrid
ERMS,arctic_a0020,data/l2arctic_release_v5.0/ERMS/wav/arctic_a0020.wav,data/l2arctic_release_v5.0/ERMS/annotation/arctic_a0020.TextGrid
ABA,arctic_a0067,data/l2arctic_release_v5.0/ABA/wav/arctic_a0067.wav,data/l2arctic_release_v5.0/ABA/annotation/arctic_a0067.TextGrid
SKA,arctic_a0094,data/l2arctic_release_v5.0/SKA/wav/arctic_a0094.wav,data/l2arctic_release_v5.0/SKA/annotation/arctic_a0094.TextGrid
ERMS,arctic_a0126,data/l2arctic_release_v5.0/ERMS/wav/arctic_a0126.wav,data/l2arctic_release_v5.0/ERMS/annotation/arctic_a0126.TextGrid
BWC,arctic_a0123,data/l2arctic_release_v5.0/BWC/wav/arctic_a0123.wav,data/l2arctic_release_v5.0/BWC/annotation/arctic_a0123.TextGrid
HKK,arctic_a0073,data/l2arctic_release_v5.0/HKK/wav/arctic_a0073.wav,data/l2arctic_release_v5.0/HKK/annotation/arctic_a0073.TextGrid
BWC,arctic_a0139,data/l2arctic_release_v5.0/BWC/wav/arctic_a0139.wav,data/l2arctic_release_v5.0/BWC/annotation/arctic_a0139.TextGrid
SVBI,arctic_a0008,data/l2arctic_release_v5.0/SVBI/wav/arctic_a0008.wav,data/l2arctic_release_v5.0/SVBI/annotation/arctic_a0008.TextGrid
SKA,arctic_b0452,data/l2arctic_release_v5.0/SKA/wav/arctic_b0452.wav,data/l2arctic_release_v5.0/SKA/annotation/arctic_b0452.TextGrid
LXC,arctic_a0075,data/l2arctic_release_v5.0/LXC/wav/arctic_a0075.wav,data/l2arctic_release_v5.0/LXC/annotation/arctic_a0075.TextGrid
HKK,arctic_a0375,data/l2arctic_release_v5.0/HKK/wav/arctic_a0375.wav,data/l2arctic_release_v5.0/HKK/annotation/arctic_a0375.TextGrid
NCC,arctic_b0282,data/l2arctic_release_v5.0/NCC/wav/arctic_b0282.wav,data/l2arctic_release_v5.0/NCC/annotation/arctic_b0282.TextGrid
TLV,arctic_b0527,data/l2arctic_release_v5.0/TLV/wav/arctic_b0527.wav,data/l2arctic_release_v5.0/TLV/annotation/arctic_b0527.TextGrid
ASI,arctic_a0410,data/l2arctic_release_v5.0/ASI/wav/arctic_a0410.wav,data/l2arctic_release_v5.0/ASI/annotation/arctic_a0410.TextGrid
ERMS,arctic_b0413,data/l2arctic_release_v5.0/ERMS/wav/arctic_b0413.wav,data/l2arctic_release_v5.0/ERMS/annotation/arctic_b0413.TextGrid
YDCK,arctic_a0096,data/l2arctic_release_v5.0/YDCK/wav/arctic_a0096.wav,data/l2arctic_release_v5.0/YDCK/annotation/arctic_a0096.TextGrid
TNI,arctic_a0125,data/l2arctic_release_v5.0/TNI/wav/arctic_a0125.wav,data/l2arctic_release_v5.0/TNI/annotation/arctic_a0125.TextGrid
EBVS,arctic_a0109,data/l2arctic_release_v5.0/EBVS/wav/arctic_a0109.wav,data/l2arctic_release_v5.0/EBVS/annotation/arctic_a0109.TextGrid
ZHAA,arctic_a0096,data/l2arctic_release_v5.0/ZHAA/wav/arctic_a0096.wav,data/l2arctic_release_v5.0/ZHAA/annotation/arctic_a0096.TextGrid
TNI,arctic_a0097,data/l2arctic_release_v5.0/TNI/wav/arctic_a0097.wav,data/l2arctic_release_v5.0/TNI/annotation/arctic_a0097.TextGrid
HKK,arctic_a0384,data/l2arctic_release_v5.0/HKK/wav/arctic_a0384.wav,data/l2arctic_release_v5.0/HKK/annotation/arctic_a0384.TextGrid
ZHAA,arctic_a0379,data/l2arctic_release_v5.0/ZHAA/wav/arctic_a0379.wav,data/l2arctic_release_v5.0/ZHAA/annotation/arctic_a0379.TextGrid
EBVS,arctic_a0088,data/l2arctic_release_v5.0/EBVS/wav/arctic_a0088.wav,data/l2arctic_release_v5.0/EBVS/annotation/arctic_a0088.TextGrid
ABA,arctic_a0032,data/l2arctic_release_v5.0/ABA/wav/arctic_a0032.wav,data/l2arctic_release_v5.0/ABA/annotation/arctic_a0032.TextGrid
TLV,arctic_a0168,data/l2arctic_release_v5.0/TLV/wav/arctic_a0168.wav,data/l2arctic_release_v5.0/TLV/annotation/arctic_a0168.TextGrid
ZHAA,arctic_a0109,data/l2arctic_release_v5.0/ZHAA/wav/arctic_a0109.wav,data/l2arctic_release_v5.0/ZHAA/annotation/arctic_a0109.TextGrid
HKK,arctic_b0201,data/l2arctic_release_v5.0/HKK/wav/arctic_b0201.wav,data/l2arctic_release_v5.0/HKK/annotation/arctic_b0201.TextGrid
ERMS,arctic_a0079,data/l2arctic_release_v5.0/ERMS/wav/arctic_a0079.wav,data/l2arctic_release_v5.0/ERMS/annotation/arctic_a0079.TextGrid
MBMPS,arctic_a0108,data/l2arctic_release_v5.0/MBMPS/wav/arctic_a0108.wav,data/l2arctic_release_v5.0/MBMPS/annotation/arctic_a0108.TextGrid
HKK,arctic_a0018,data/l2arctic_release_v5.0/HKK/wav/arctic_a0018.wav,data/l2arctic_release_v5.0/HKK/annotation/arctic_a0018.TextGrid
ABA,arctic_a0028,data/l2arctic_release_v5.0/ABA/wav/arctic_a0028.wav,data/l2arctic_release_v5.0/ABA/annotation/arctic_a0028.TextGrid
NJS,arctic_a0058,data/l2arctic_release_v5.0/NJS/wav/arctic_a0058.wav,data/l2arctic_release_v5.0/NJS/annotation/arctic_a0058.TextGrid
SVBI,arctic_a0159,data/l2arctic_release_v5.0/SVBI/wav/arctic_a0159.wav,data/l2arctic_release_v5.0/SVBI/annotation/arctic_a0159.TextGrid
TNI,arctic_a0282,data/l2arctic_release_v5.0/TNI/wav/arctic_a0282.wav,data/l2arctic_release_v5.0/TNI/annotation/arctic_a0282.TextGrid
YDCK,arctic_a0178,data/l2arctic_release_v5.0/YDCK/wav/arctic_a0178.wav,data/l2arctic_release_v5.0/YDCK/annotation/arctic_a0178.TextGrid
HJK,arctic_a0125,data/l2arctic_release_v5.0/HJK/wav/arctic_a0125.wav,data/l2arctic_release_v5.0/HJK/annotation/arctic_a0125.TextGrid
ASI,arctic_b0104,data/l2arctic_release_v5.0/ASI/wav/arctic_b0104.wav,data/l2arctic_release_v5.0/ASI/annotation/arctic_b0104.TextGrid
SKA,arctic_a0102,data/l2arctic_release_v5.0/SKA/wav/arctic_a0102.wav,data/l2arctic_release_v5.0/SKA/annotation/arctic_a0102.TextGrid
HJK,arctic_b0201,data/l2arctic_release_v5.0/HJK/wav/arctic_b0201.wav,data/l2arctic_release_v5.0/HJK/annotation/arctic_b0201.TextGrid
HJK,arctic_b0019,data/l2arctic_release_v5.0/HJK/wav/arctic_b0019.wav,data/l2arctic_release_v5.0/HJK/annotation/arctic_b0019.TextGrid
ABA,arctic_a0040,data/l2arctic_release_v5.0/ABA/wav/arctic_a0040.wav,data/l2arctic_release_v5.0/ABA/annotation/arctic_a0040.TextGrid
NCC,arctic_b0465,data/l2arctic_release_v5.0/NCC/wav/arctic_b0465.wav,data/l2arctic_release_v5.0/NCC/annotation/arctic_b0465.TextGrid
YDCK,arctic_a0013,data/l2arctic_release_v5.0/YDCK/wav/arctic_a0013.wav,data/l2arctic_release_v5.0/YDCK/annotation/arctic_a0013.TextGrid
YBAA,arctic_a0065,data/l2arctic_release_v5.0/YBAA/wav/arctic_a0065.wav,data/l2arctic_release_v5.0/YBAA/annotation/arctic_a0065.TextGrid
LXC,arctic_a0010,data/l2arctic_release_v5.0/LXC/wav/arctic_a0010.wav,data/l2arctic_release_v5.0/LXC/annotation/arctic_a0010.TextGrid
SKA,arctic_a0548,data/l2arctic_release_v5.0/SKA/wav/arctic_a0548.wav,data/l2arctic_release_v5.0/SKA/annotation/arctic_a0548.TextGrid
HQTV,arctic_a0542,data/l2arctic_release_v5.0/HQTV/wav/arctic_a0542.wav,data/l2arctic_release_v5.0/HQTV/annotation/arctic_a0542.TextGrid
ABA,arctic_a0013,data/l2arctic_release_v5.0/ABA/wav/arctic_a0013.wav,data/l2arctic_release_v5.0/ABA/annotation/arctic_a0013.TextGrid
BWC,arctic_a0335,data/l2arctic_release_v5.0/BWC/wav/arctic_a0335.wav,data/l2arctic_release_v5.0/BWC/annotation/arctic_a0335.TextGrid
TXHC,arctic_a0013,data/l2arctic_release_v5.0/TXHC/wav/arctic_a0013.wav,data/l2arctic_release_v5.0/TXHC/annotation/arctic_a0013.TextGrid
TLV,arctic_a0019,data/l2arctic_release_v5.0/TLV/wav/arctic_a0019.wav,data/l2arctic_release_v5.0/TLV/annotation/arctic_a0019.TextGrid
HJK,arctic_a0065,data/l2arctic_release_v5.0/HJK/wav/arctic_a0065.wav,data/l2arctic_release_v5.0/HJK/annotation/arctic_a0065.TextGrid
RRBI,arctic_b0158,data/l2arctic_release_v5.0/RRBI/wav/arctic_b0158.wav,data/l2arctic_release_v5.0/RRBI/annotation/arctic_b0158.TextGrid
SVBI,arctic_a0038,data/l2arctic_release_v5.0/SVBI/wav/arctic_a0038.wav,data/l2arctic_release_v5.0/SVBI/annotation/arctic_a0038.TextGrid
YBAA,arctic_a0121,data/l2arctic_release_v5.0/YBAA/wav/arctic_a0121.wav,data/l2arctic_release_v5.0/YBAA/annotation/arctic_a0121.TextGrid
YBAA,arctic_a0139,data/l2arctic_release_v5.0/YBAA/wav/arctic_a0139.wav,data/l2arctic_release_v5.0/YBAA/annotation/arctic_a0139.TextGrid
PNV,arctic_a0112,data/l2arctic_release_v5.0/PNV/wav/arctic_a0112.wav,data/l2arctic_release_v5.0/PNV/annotation/arctic_a0112.TextGrid
ASI,arctic_a0031,data/l2arctic_release_v5.0/ASI/wav/arctic_a0031.wav,data/l2arctic_release_v5.0/ASI/annotation/arctic_a0031.TextGrid
HJK,arctic_a0260,data/l2arctic_release_v5.0/HJK/wav/arctic_a0260.wav,data/l2arctic_release_v5.0/HJK/annotation/arctic_a0260.TextGrid
YBAA,arctic_b0506,data/l2arctic_release_v5.0/YBAA/wav/arctic_b0506.wav,data/l2arctic_release_v5.0/YBAA/annotation/arctic_b0506.TextGrid
ABA,arctic_a0020,data/l2arctic_release_v5.0/ABA/wav/arctic_a0020.wav,data/l2arctic_release_v5.0/ABA/annotation/arctic_a0020.TextGrid
MBMPS,arctic_a0487,data/l2arctic_release_v5.0/MBMPS/wav/arctic_a0487.wav,data/l2arctic_release_v5.0/MBMPS/annotation/arctic_a0487.TextGrid
LXC,arctic_a0128,data/l2arctic_release_v5.0/LXC/wav/arctic_a0128.wav,data/l2arctic_release_v5.0/LXC/annotation/arctic_a0128.TextGrid
THV,arctic_a0129,data/l2arctic_release_v5.0/THV/wav/arctic_a0129.wav,data/l2arctic_release_v5.0/THV/annotation/arctic_a0129.TextGrid
MBMPS,arctic_a0104,data/l2arctic_release_v5.0/MBMPS/wav/arctic_a0104.wav,data/l2arctic_release_v5.0/MBMPS/annotation/arctic_a0104.TextGrid
ZHAA,arctic_a0086,data/l2arctic_release_v5.0/ZHAA/wav/arctic_a0086.wav,data/l2arctic_release_v5.0/ZHAA/annotation/arctic_a0086.TextGrid
NJS,arctic_b0304,data/l2arctic_release_v5.0/NJS/wav/arctic_b0304.wav,data/l2arctic_release_v5.0/NJS/annotation/arctic_b0304.TextGrid
SKA,arctic_a0067,data/l2arctic_release_v5.0/SKA/wav/arctic_a0067.wav,data/l2arctic_release_v5.0/SKA/annotation/arctic_a0067.TextGrid
HKK,arctic_a0079,data/l2arctic_release_v5.0/HKK/wav/arctic_a0079.wav,data/l2arctic_release_v5.0/HKK/annotation/arctic_a0079.TextGrid
RRBI,arctic_b0136,data/l2arctic_release_v5.0/RRBI/wav/arctic_b0136.wav,data/l2arctic_release_v5.0/RRBI/annotation/arctic_b0136.TextGrid
TXHC,arctic_a0096,data/l2arctic_release_v5.0/TXHC/wav/arctic_a0096.wav,data/l2arctic_release_v5.0/TXHC/annotation/arctic_a0096.TextGrid
SVBI,arctic_a0020,data/l2arctic_release_v5.0/SVBI/wav/arctic_a0020.wav,data/l2arctic_release_v5.0/SVBI/annotation/arctic_a0020.TextGrid
LXC,arctic_a0046,data/l2arctic_release_v5.0/LXC/wav/arctic_a0046.wav,data/l2arctic_release_v5.0/LXC/annotation/arctic_a0046.TextGrid
BWC,arctic_a0104,data/l2arctic_release_v5.0/BWC/wav/arctic_a0104.wav,data/l2arctic_release_v5.0/BWC/annotation/arctic_a0104.TextGrid
ERMS,arctic_a0059,data/l2arctic_release_v5.0/ERMS/wav/arctic_a0059.wav,data/l2arctic_release_v5.0/ERMS/annotation/arctic_a0059.TextGrid
NJS,arctic_a0051,data/l2arctic_release_v5.0/NJS/wav/arctic_a0051.wav,data/l2arctic_release_v5.0/NJS/annotation/arctic_a0051.TextGrid
RRBI,arctic_a0108,data/l2arctic_release_v5.0/RRBI/wav/arctic_a0108.wav,data/l2arctic_release_v5.0/RRBI/annotation/arctic_a0108.TextGrid
HJK,arctic_a0003,data/l2arctic_release_v5.0/HJK/wav/arctic_a0003.wav,data/l2arctic_release_v5.0/HJK/annotation/arctic_a0003.TextGrid
TXHC,arctic_a0019,data/l2arctic_release_v5.0/TXHC/wav/arctic_a0019.wav,data/l2arctic_release_v5.0/TXHC/annotation/arctic_a0019.TextGrid
LXC,arctic_a0117,data/l2arctic_release_v5.0/LXC/wav/arctic_a0117.wav,data/l2arctic_release_v5.0/LXC/annotation/arctic_a0117.TextGrid
HQTV,arctic_a0059,data/l2arctic_release_v5.0/HQTV/wav/arctic_a0059.wav,data/l2arctic_release_v5.0/HQTV/annotation/arctic_a0059.TextGrid
TLV,arctic_a0096,data/l2arctic_release_v5.0/TLV/wav/arctic_a0096.wav,data/l2arctic_release_v5.0/TLV/annotation/arctic_a0096.TextGrid
NJS,arctic_a0096,data/l2arctic_release_v5.0/NJS/wav/arctic_a0096.wav,data/l2arctic_release_v5.0/NJS/annotation/arctic_a0096.TextGrid
EBVS,arctic_a0212,data/l2arctic_release_v5.0/EBVS/wav/arctic_a0212.wav,data/l2arctic_release_v5.0/EBVS/annotation/arctic_a0212.TextGrid
ERMS,arctic_b0019,data/l2arctic_release_v5.0/ERMS/wav/arctic_b0019.wav,data/l2arctic_release_v5.0/ERMS/annotation/arctic_b0019.TextGrid
BWC,arctic_a0128,data/l2arctic_release_v5.0/BWC/wav/arctic_a0128.wav,data/l2arctic_release_v5.0/BWC/annotation/arctic_a0128.TextGrid
THV,arctic_b0140,data/l2arctic_release_v5.0/THV/wav/arctic_b0140.wav,data/l2arctic_release_v5.0/THV/annotation/arctic_b0140.TextGrid
TLV,arctic_a0271,data/l2arctic_release_v5.0/TLV/wav/arctic_a0271.wav,data/l2arctic_release_v5.0/TLV/annotation/arctic_a0271.TextGrid
BWC,arctic_b0465,data/l2arctic_release_v5.0/BWC/wav/arctic_b0465.wav,data/l2arctic_release_v5.0/BWC/annotation/arctic_b0465.TextGrid
LXC,arctic_b0026,data/l2arctic_release_v5.0/LXC/wav/arctic_b0026.wav,data/l2arctic_release_v5.0/LXC/annotation/arctic_b0026.TextGrid
ASI,arctic_a0085,data/l2arctic_release_v5.0/ASI/wav/arctic_a0085.wav,data/l2arctic_release_v5.0/ASI/annotation/arctic_a0085.TextGrid
SKA,arctic_a0010,data/l2arctic_release_v5.0/SKA/wav/arctic_a0010.wav,data/l2arctic_release_v5.0/SKA/annotation/arctic_a0010.TextGrid
NCC,arctic_a0105,data/l2arctic_release_v5.0/NCC/wav/arctic_a0105.wav,data/l2arctic_release_v5.0/NCC/annotation/arctic_a0105.TextGrid
EBVS,arctic_a0176,data/l2arctic_release_v5.0/EBVS/wav/arctic_a0176.wav,data/l2arctic_release_v5.0/EBVS/annotation/arctic_a0176.TextGrid
MBMPS,arctic_b0298,data/l2arctic_release_v5.0/MBMPS/wav/arctic_b0298.wav,data/l2arctic_release_v5.0/MBMPS/annotation/arctic_b0298.TextGrid
PNV,arctic_a0019,data/l2arctic_release_v5.0/PNV/wav/arctic_a0019.wav,data/l2arctic_release_v5.0/PNV/annotation/arctic_a0019.TextGrid
YKWK,arctic_a0060,data/l2arctic_release_v5.0/YKWK/wav/arctic_a0060.wav,data/l2arctic_release_v5.0/YKWK/annotation/arctic_a0060.TextGrid
YKWK,arctic_a0345,data/l2arctic_release_v5.0/YKWK/wav/arctic_a0345.wav,data/l2arctic_release_v5.0/YKWK/annotation/arctic_a0345.TextGrid
HKK,arctic_a0101,data/l2arctic_release_v5.0/HKK/wav/arctic_a0101.wav,data/l2arctic_release_v5.0/HKK/annotation/arctic_a0101.TextGrid
TXHC,arctic_a0335,data/l2arctic_release_v5.0/TXHC/wav/arctic_a0335.wav,data/l2arctic_release_v5.0/TXHC/annotation/arctic_a0335.TextGrid
EBVS,arctic_a0103,data/l2arctic_release_v5.0/EBVS/wav/arctic_a0103.wav,data/l2arctic_release_v5.0/EBVS/annotation/arctic_a0103.TextGrid
NJS,arctic_a0176,data/l2arctic_release_v5.0/NJS/wav/arctic_a0176.wav,data/l2arctic_release_v5.0/NJS/annotation/arctic_a0176.TextGrid
YBAA,arctic_a0441,data/l2arctic_release_v5.0/YBAA/wav/arctic_a0441.wav,data/l2arctic_release_v5.0/YBAA/annotation/arctic_a0441.TextGrid
NJS,arctic_a0067,data/l2arctic_release_v5.0/NJS/wav/arctic_a0067.wav,data/l2arctic_release_v5.0/NJS/annotation/arctic_a0067.TextGrid
LXC,arctic_a0106,data/l2arctic_release_v5.0/LXC/wav/arctic_a0106.wav,data/l2arctic_release_v5.0/LXC/annotation/arctic_a0106.TextGrid
PNV,arctic_a0020,data/l2arctic_release_v5.0/PNV/wav/arctic_a0020.wav,data/l2arctic_release_v5.0/PNV/annotation/arctic_a0020.TextGrid
TXHC,arctic_a0536,data/l2arctic_release_v5.0/TXHC/wav/arctic_a0536.wav,data/l2arctic_release_v5.0/TXHC/annotation/arctic_a0536.TextGrid
TXHC,arctic_a0059,data/l2arctic_release_v5.0/TXHC/wav/arctic_a0059.wav,data/l2arctic_release_v5.0/TXHC/annotation/arctic_a0059.TextGrid
MBMPS,arctic_b0150,data/l2arctic_release_v5.0/MBMPS/wav/arctic_b0150.wav,data/l2arctic_release_v5.0/MBMPS/annotation/arctic_b0150.TextGrid
YKWK,arctic_b0320,data/l2arctic_release_v5.0/YKWK/wav/arctic_b0320.wav,data/l2arctic_release_v5.0/YKWK/annotation/arctic_b0320.TextGrid
YKWK,arctic_a0303,data/l2arctic_release_v5.0/YKWK/wav/arctic_a0303.wav,data/l2arctic_release_v5.0/YKWK/annotation/arctic_a0303.TextGrid
NJS,arctic_a0298,data/l2arctic_release_v5.0/NJS/wav/arctic_a0298.wav,data/l2arctic_release_v5.0/NJS/annotation/arctic_a0298.TextGrid
THV,arctic_a0082,data/l2arctic_release_v5.0/THV/wav/arctic_a0082.wav,data/l2arctic_release_v5.0/THV/annotation/arctic_a0082.TextGrid
ASI,arctic_a0023,data/l2arctic_release_v5.0/ASI/wav/arctic_a0023.wav,data/l2arctic_release_v5.0/ASI/annotation/arctic_a0023.TextGrid
RRBI,arctic_a0121,data/l2arctic_release_v5.0/RRBI/wav/arctic_a0121.wav,data/l2arctic_release_v5.0/RRBI/annotation/arctic_a0121.TextGrid
NJS,arctic_a0040,data/l2arctic_release_v5.0/NJS/wav/arctic_a0040.wav,data/l2arctic_release_v5.0/NJS/annotation/arctic_a0040.TextGrid
SVBI,arctic_a0051,data/l2arctic_release_v5.0/SVBI/wav/arctic_a0051.wav,data/l2arctic_release_v5.0/SVBI/annotation/arctic_a0051.TextGrid
TLV,arctic_a0103,data/l2arctic_release_v5.0/TLV/wav/arctic_a0103.wav,data/l2arctic_release_v5.0/TLV/annotation/arctic_a0103.TextGrid
LXC,arctic_a0086,data/l2arctic_release_v5.0/LXC/wav/arctic_a0086.wav,data/l2arctic_release_v5.0/LXC/annotation/arctic_a0086.TextGrid
THV,arctic_a0271,data/l2arctic_release_v5.0/THV/wav/arctic_a0271.wav,data/l2arctic_release_v5.0/THV/annotation/arctic_a0271.TextGrid
NJS,arctic_a0170,data/l2arctic_release_v5.0/NJS/wav/arctic_a0170.wav,data/l2arctic_release_v5.0/NJS/annotation/arctic_a0170.TextGrid
SVBI,arctic_a0026,data/l2arctic_release_v5.0/SVBI/wav/arctic_a0026.wav,data/l2arctic_release_v5.0/SVBI/annotation/arctic_a0026.TextGrid
TXHC,arctic_a0107,data/l2arctic_release_v5.0/TXHC/wav/arctic_a0107.wav,data/l2arctic_release_v5.0/TXHC/annotation/arctic_a0107.TextGrid
NJS,arctic_b0279,data/l2arctic_release_v5.0/NJS/wav/arctic_b0279.wav,data/l2arctic_release_v5.0/NJS/annotation/arctic_b0279.TextGrid
YBAA,arctic_a0092,data/l2arctic_release_v5.0/YBAA/wav/arctic_a0092.wav,data/l2arctic_release_v5.0/YBAA/annotation/arctic_a0092.TextGrid
ASI,arctic_a0063,data/l2arctic_release_v5.0/ASI/wav/arctic_a0063.wav,data/l2arctic_release_v5.0/ASI/annotation/arctic_a0063.TextGrid
SKA,arctic_a0092,data/l2arctic_release_v5.0/SKA/wav/arctic_a0092.wav,data/l2arctic_release_v5.0/SKA/annotation/arctic_a0092.TextGrid
SKA,arctic_b0461,data/l2arctic_release_v5.0/SKA/wav/arctic_b0461.wav,data/l2arctic_release_v5.0/SKA/annotation/arctic_b0461.TextGrid
SVBI,arctic_a0073,data/l2arctic_release_v5.0/SVBI/wav/arctic_a0073.wav,data/l2arctic_release_v5.0/SVBI/annotation/arctic_a0073.TextGrid
SKA,arctic_a0088,data/l2arctic_release_v5.0/SKA/wav/arctic_a0088.wav,data/l2arctic_release_v5.0/SKA/annotation/arctic_a0088.TextGrid
NJS,arctic_b0434,data/l2arctic_release_v5.0/NJS/wav/arctic_b0434.wav,data/l2arctic_release_v5.0/NJS/annotation/arctic_b0434.TextGrid
HQTV,arctic_a0260,data/l2arctic_release_v5.0/HQTV/wav/arctic_a0260.wav,data/l2arctic_release_v5.0/HQTV/annotation/arctic_a0260.TextGrid
YBAA,arctic_a0059,data/l2arctic_release_v5.0/YBAA/wav/arctic_a0059.wav,data/l2arctic_release_v5.0/YBAA/annotation/arctic_a0059.TextGrid
TXHC,arctic_a0094,data/l2arctic_release_v5.0/TXHC/wav/arctic_a0094.wav,data/l2arctic_release_v5.0/TXHC/annotation/arctic_a0094.TextGrid
HKK,arctic_b0425,data/l2arctic_release_v5.0/HKK/wav/arctic_b0425.wav,data/l2arctic_release_v5.0/HKK/annotation/arctic_b0425.TextGrid
EBVS,arctic_a0081,data/l2arctic_release_v5.0/EBVS/wav/arctic_a0081.wav,data/l2arctic_release_v5.0/EBVS/annotation/arctic_a0081.TextGrid
YKWK,arctic_a0007,data/l2arctic_release_v5.0/YKWK/wav/arctic_a0007.wav,data/l2arctic_release_v5.0/YKWK/annotation/arctic_a0007.TextGrid
LXC,arctic_a0026,data/l2arctic_release_v5.0/LXC/wav/arctic_a0026.wav,data/l2arctic_release_v5.0/LXC/annotation/arctic_a0026.TextGrid
THV,arctic_b0386,data/l2arctic_release_v5.0/THV/wav/arctic_b0386.wav,data/l2arctic_release_v5.0/THV/annotation/arctic_b0386.TextGrid
MBMPS,arctic_a0298,data/l2arctic_release_v5.0/MBMPS/wav/arctic_a0298.wav,data/l2arctic_release_v5.0/MBMPS/annotation/arctic_a0298.TextGrid
YBAA,arctic_a0063,data/l2arctic_release_v5.0/YBAA/wav/arctic_a0063.wav,data/l2arctic_release_v5.0/YBAA/annotation/arctic_a0063.TextGrid
ZHAA,arctic_a0121,data/l2arctic_release_v5.0/ZHAA/wav/arctic_a0121.wav,data/l2arctic_release_v5.0/ZHAA/annotation/arctic_a0121.TextGrid
TLV,arctic_a0085,data/l2arctic_release_v5.0/TLV/wav/arctic_a0085.wav,data/l2arctic_release_v5.0/TLV/annotation/arctic_a0085.TextGrid
MBMPS,arctic_a0271,data/l2arctic_release_v5.0/MBMPS/wav/arctic_a0271.wav,data/l2arctic_release_v5.0/MBMPS/annotation/arctic_a0271.TextGrid
LXC,arctic_a0089,data/l2arctic_release_v5.0/LXC/wav/arctic_a0089.wav,data/l2arctic_release_v5.0/LXC/annotation/arctic_a0089.TextGrid
BWC,arctic_a0052,data/l2arctic_release_v5.0/BWC/wav/arctic_a0052.wav,data/l2arctic_release_v5.0/BWC/annotation/arctic_a0052.TextGrid
TLV,arctic_a0076,data/l2arctic_release_v5.0/TLV/wav/arctic_a0076.wav,data/l2arctic_release_v5.0/TLV/annotation/arctic_a0076.TextGrid
TXHC,arctic_a0515,data/l2arctic_release_v5.0/TXHC/wav/arctic_a0515.wav,data/l2arctic_release_v5.0/TXHC/annotation/arctic_a0515.TextGrid
RRBI,arctic_a0079,data/l2arctic_release_v5.0/RRBI/wav/arctic_a0079.wav,data/l2arctic_release_v5.0/RRBI/annotation/arctic_a0079.TextGrid
SVBI,arctic_b0396,data/l2arctic_release_v5.0/SVBI/wav/arctic_b0396.wav,data/l2arctic_release_v5.0/SVBI/annotation/arctic_b0396.TextGrid
MBMPS,arctic_a0091,data/l2arctic_release_v5.0/MBMPS/wav/arctic_a0091.wav,data/l2arctic_release_v5.0/MBMPS/annotation/arctic_a0091.TextGrid
TLV,arctic_a0088,data/l2arctic_release_v5.0/TLV/wav/arctic_a0088.wav,data/l2arctic_release_v5.0/TLV/annotation/arctic_a0088.TextGrid
BWC,arctic_b0203,data/l2arctic_release_v5.0/BWC/wav/arctic_b0203.wav,data/l2arctic_release_v5.0/BWC/annotation/arctic_b0203.TextGrid
RRBI,arctic_a0032,data/l2arctic_release_v5.0/RRBI/wav/arctic_a0032.wav,data/l2arctic_release_v5.0/RRBI/annotation/arctic_a0032.TextGrid
RRBI,arctic_a0006,data/l2arctic_release_v5.0/RRBI/wav/arctic_a0006.wav,data/l2arctic_release_v5.0/RRBI/annotation/arctic_a0006.TextGrid
NJS,arctic_a0295,data/l2arctic_release_v5.0/NJS/wav/arctic_a0295.wav,data/l2arctic_release_v5.0/NJS/annotation/arctic_a0295.TextGrid
LXC,arctic_a0519,data/l2arctic_release_v5.0/LXC/wav/arctic_a0519.wav,data/l2arctic_release_v5.0/LXC/annotation/arctic_a0519.TextGrid
ERMS,arctic_a0064,data/l2arctic_release_v5.0/ERMS/wav/arctic_a0064.wav,data/l2arctic_release_v5.0/ERMS/annotation/arctic_a0064.TextGrid
ERMS,arctic_b0269,data/l2arctic_release_v5.0/ERMS/wav/arctic_b0269.wav,data/l2arctic_release_v5.0/ERMS/annotation/arctic_b0269.TextGrid
SKA,arctic_b0469,data/l2arctic_release_v5.0/SKA/wav/arctic_b0469.wav,data/l2arctic_release_v5.0/SKA/annotation/arctic_b0469.TextGrid
HQTV,arctic_b0518,data/l2arctic_release_v5.0/HQTV/wav/arctic_b0518.wav,data/l2arctic_release_v5.0/HQTV/annotation/arctic_b0518.TextGrid
TXHC,arctic_b0323,data/l2arctic_release_v5.0/TXHC/wav/arctic_b0323.wav,data/l2arctic_release_v5.0/TXHC/annotation/arctic_b0323.TextGrid
TXHC,arctic_b0488,data/l2arctic_release_v5.0/TXHC/wav/arctic_b0488.wav,data/l2arctic_release_v5.0/TXHC/annotation/arctic_b0488.TextGrid
TLV,arctic_a0029,data/l2arctic_release_v5.0/TLV/wav/arctic_a0029.wav,data/l2arctic_release_v5.0/TLV/annotation/arctic_a0029.TextGrid
ZHAA,arctic_a0062,data/l2arctic_release_v5.0/ZHAA/wav/arctic_a0062.wav,data/l2arctic_release_v5.0/ZHAA/annotation/arctic_a0062.TextGrid
EBVS,arctic_a0185,data/l2arctic_release_v5.0/EBVS/wav/arctic_a0185.wav,data/l2arctic_release_v5.0/EBVS/annotation/arctic_a0185.TextGrid
HJK,arctic_a0117,data/l2arctic_release_v5.0/HJK/wav/arctic_a0117.wav,data/l2arctic_release_v5.0/HJK/annotation/arctic_a0117.TextGrid
HJK,arctic_b0106,data/l2arctic_release_v5.0/HJK/wav/arctic_b0106.wav,data/l2arctic_release_v5.0/HJK/annotation/arctic_b0106.TextGrid
THV,arctic_b0192,data/l2arctic_release_v5.0/THV/wav/arctic_b0192.wav,data/l2arctic_release_v5.0/THV/annotation/arctic_b0192.TextGrid
TNI,arctic_a0105,data/l2arctic_release_v5.0/TNI/wav/arctic_a0105.wav,data/l2arctic_release_v5.0/TNI/annotation/arctic_a0105.TextGrid
ERMS,arctic_a0298,data/l2arctic_release_v5.0/ERMS/wav/arctic_a0298.wav,data/l2arctic_release_v5.0/ERMS/annotation/arctic_a0298.TextGrid
ABA,arctic_b0455,data/l2arctic_release_v5.0/ABA/wav/arctic_b0455.wav,data/l2arctic_release_v5.0/ABA/annotation/arctic_b0455.TextGrid
RRBI,arctic_b0215,data/l2arctic_release_v5.0/RRBI/wav/arctic_b0215.wav,data/l2arctic_release_v5.0/RRBI/annotation/arctic_b0215.TextGrid
HKK,arctic_a0022,data/l2arctic_release_v5.0/HKK/wav/arctic_a0022.wav,data/l2arctic_release_v5.0/HKK/annotation/arctic_a0022.TextGrid
PNV,arctic_a0090,data/l2arctic_release_v5.0/PNV/wav/arctic_a0090.wav,data/l2arctic_release_v5.0/PNV/annotation/arctic_a0090.TextGrid
PNV,arctic_a0030,data/l2arctic_release_v5.0/PNV/wav/arctic_a0030.wav,data/l2arctic_release_v5.0/PNV/annotation/arctic_a0030.TextGrid
SVBI,arctic_a0188,data/l2arctic_release_v5.0/SVBI/wav/arctic_a0188.wav,data/l2arctic_release_v5.0/SVBI/annotation/arctic_a0188.TextGrid
ERMS,arctic_a0113,data/l2arctic_release_v5.0/ERMS/wav/arctic_a0113.wav,data/l2arctic_release_v5.0/ERMS/annotation/arctic_a0113.TextGrid
MBMPS,arctic_a0047,data/l2arctic_release_v5.0/MBMPS/wav/arctic_a0047.wav,data/l2arctic_release_v5.0/MBMPS/annotation/arctic_a0047.TextGrid
ERMS,arctic_a0060,data/l2arctic_release_v5.0/ERMS/wav/arctic_a0060.wav,data/l2arctic_release_v5.0/ERMS/annotation/arctic_a0060.TextGrid
TNI,arctic_b0136,data/l2arctic_release_v5.0/TNI/wav/arctic_b0136.wav,data/l2arctic_release_v5.0/TNI/annotation/arctic_b0136.TextGrid
NJS,arctic_a0006,data/l2arctic_release_v5.0/NJS/wav/arctic_a0006.wav,data/l2arctic_release_v5.0/NJS/annotation/arctic_a0006.TextGrid
ZHAA,arctic_a0094,data/l2arctic_release_v5.0/ZHAA/wav/arctic_a0094.wav,data/l2arctic_release_v5.0/ZHAA/annotation/arctic_a0094.TextGrid
BWC,arctic_b0422,data/l2arctic_release_v5.0/BWC/wav/arctic_b0422.wav,data/l2arctic_release_v5.0/BWC/annotation/arctic_b0422.TextGrid
YKWK,arctic_a0129,data/l2arctic_release_v5.0/YKWK/wav/arctic_a0129.wav,data/l2arctic_release_v5.0/YKWK/annotation/arctic_a0129.TextGrid
LXC,arctic_a0085,data/l2arctic_release_v5.0/LXC/wav/arctic_a0085.wav,data/l2arctic_release_v5.0/LXC/annotation/arctic_a0085.TextGrid
ZHAA,arctic_b0494,data/l2arctic_release_v5.0/ZHAA/wav/arctic_b0494.wav,data/l2arctic_release_v5.0/ZHAA/annotation/arctic_b0494.TextGrid
YDCK,arctic_a0053,data/l2arctic_release_v5.0/YDCK/wav/arctic_a0053.wav,data/l2arctic_release_v5.0/YDCK/annotation/arctic_a0053.TextGrid
TNI,arctic_a0003,data/l2arctic_release_v5.0/TNI/wav/arctic_a0003.wav,data/l2arctic_release_v5.0/TNI/annotation/arctic_a0003.TextGrid
ERMS,arctic_a0227,data/l2arctic_release_v5.0/ERMS/wav/arctic_a0227.wav,data/l2arctic_release_v5.0/ERMS/annotation/arctic_a0227.TextGrid
TNI,arctic_b0158,data/l2arctic_release_v5.0/TNI/wav/arctic_b0158.wav,data/l2arctic_release_v5.0/TNI/annotation/arctic_b0158.TextGrid
MBMPS,arctic_b0070,data/l2arctic_release_v5.0/MBMPS/wav/arctic_b0070.wav,data/l2arctic_release_v5.0/MBMPS/annotation/arctic_b0070.TextGrid
MBMPS,arctic_a0024,data/l2arctic_release_v5.0/MBMPS/wav/arctic_a0024.wav,data/l2arctic_release_v5.0/MBMPS/annotation/arctic_a0024.TextGrid
EBVS,arctic_a0093,data/l2arctic_release_v5.0/EBVS/wav/arctic_a0093.wav,data/l2arctic_release_v5.0/EBVS/annotation/arctic_a0093.TextGrid
SVBI,arctic_a0058,data/l2arctic_release_v5.0/SVBI/wav/arctic_a0058.wav,data/l2arctic_release_v5.0/SVBI/annotation/arctic_a0058.TextGrid
HQTV,arctic_a0103,data/l2arctic_release_v5.0/HQTV/wav/arctic_a0103.wav,data/l2arctic_release_v5.0/HQTV/annotation/arctic_a0103.TextGrid
TLV,arctic_a0092,data/l2arctic_release_v5.0/TLV/wav/arctic_a0092.wav,data/l2arctic_release_v5.0/TLV/annotation/arctic_a0092.TextGrid
SVBI,arctic_a0013,data/l2arctic_release_v5.0/SVBI/wav/arctic_a0013.wav,data/l2arctic_release_v5.0/SVBI/annotation/arctic_a0013.TextGrid
BWC,arctic_a0101,data/l2arctic_release_v5.0/BWC/wav/arctic_a0101.wav,data/l2arctic_release_v5.0/BWC/annotation/arctic_a0101.TextGrid
EBVS,arctic_a0500,data/l2arctic_release_v5.0/EBVS/wav/arctic_a0500.wav,data/l2arctic_release_v5.0/EBVS/annotation/arctic_a0500.TextGrid
BWC,arctic_a0121,data/l2arctic_release_v5.0/BWC/wav/arctic_a0121.wav,data/l2arctic_release_v5.0/BWC/annotation/arctic_a0121.TextGrid
ERMS,arctic_a0036,data/l2arctic_release_v5.0/ERMS/wav/arctic_a0036.wav,data/l2arctic_release_v5.0/ERMS/annotation/arctic_a0036.TextGrid
EBVS,arctic_b0070,data/l2arctic_release_v5.0/EBVS/wav/arctic_b0070.wav,data/l2arctic_release_v5.0/EBVS/annotation/arctic_b0070.TextGrid
TXHC,arctic_b0026,data/l2arctic_release_v5.0/TXHC/wav/arctic_b0026.wav,data/l2arctic_release_v5.0/TXHC/annotation/arctic_b0026.TextGrid
HKK,arctic_a0023,data/l2arctic_release_v5.0/HKK/wav/arctic_a0023.wav,data/l2arctic_release_v5.0/HKK/annotation/arctic_a0023.TextGrid
MBMPS,arctic_a0022,data/l2arctic_release_v5.0/MBMPS/wav/arctic_a0022.wav,data/l2arctic_release_v5.0/MBMPS/annotation/arctic_a0022.TextGrid
TXHC,arctic_a0090,data/l2arctic_release_v5.0/TXHC/wav/arctic_a0090.wav,data/l2arctic_release_v5.0/TXHC/annotation/arctic_a0090.TextGrid
PNV,arctic_a0519,data/l2arctic_release_v5.0/PNV/wav/arctic_a0519.wav,data/l2arctic_release_v5.0/PNV/annotation/arctic_a0519.TextGrid
TXHC,arctic_a0045,data/l2arctic_release_v5.0/TXHC/wav/arctic_a0045.wav,data/l2arctic_release_v5.0/TXHC/annotation/arctic_a0045.TextGrid
NJS,arctic_a0487,data/l2arctic_release_v5.0/NJS/wav/arctic_a0487.wav,data/l2arctic_release_v5.0/NJS/annotation/arctic_a0487.TextGrid
ZHAA,arctic_a0105,data/l2arctic_release_v5.0/ZHAA/wav/arctic_a0105.wav,data/l2arctic_release_v5.0/ZHAA/annotation/arctic_a0105.TextGrid
ZHAA,arctic_a0112,data/l2arctic_release_v5.0/ZHAA/wav/arctic_a0112.wav,data/l2arctic_release_v5.0/ZHAA/annotation/arctic_a0112.TextGrid
LXC,arctic_a0112,data/l2arctic_release_v5.0/LXC/wav/arctic_a0112.wav,data/l2arctic_release_v5.0/LXC/annotation/arctic_a0112.TextGrid
MBMPS,arctic_a0038,data/l2arctic_release_v5.0/MBMPS/wav/arctic_a0038.wav,data/l2arctic_release_v5.0/MBMPS/annotation/arctic_a0038.TextGrid
TNI,arctic_a0062,data/l2arctic_release_v5.0/TNI/wav/arctic_a0062.wav,data/l2arctic_release_v5.0/TNI/annotation/arctic_a0062.TextGrid
RRBI,arctic_a0104,data/l2arctic_release_v5.0/RRBI/wav/arctic_a0104.wav,data/l2arctic_release_v5.0/RRBI/annotation/arctic_a0104.TextGrid
MBMPS,arctic_a0020,data/l2arctic_release_v5.0/MBMPS/wav/arctic_a0020.wav,data/l2arctic_release_v5.0/MBMPS/annotation/arctic_a0020.TextGrid
MBMPS,arctic_a0077,data/l2arctic_release_v5.0/MBMPS/wav/arctic_a0077.wav,data/l2arctic_release_v5.0/MBMPS/annotation/arctic_a0077.TextGrid
LXC,arctic_a0091,data/l2arctic_release_v5.0/LXC/wav/arctic_a0091.wav,data/l2arctic_release_v5.0/LXC/annotation/arctic_a0091.TextGrid
NJS,arctic_a0060,data/l2arctic_release_v5.0/NJS/wav/arctic_a0060.wav,data/l2arctic_release_v5.0/NJS/annotation/arctic_a0060.TextGrid
ASI,arctic_a0006,data/l2arctic_release_v5.0/ASI/wav/arctic_a0006.wav,data/l2arctic_release_v5.0/ASI/annotation/arctic_a0006.TextGrid
HKK,arctic_b0355,data/l2arctic_release_v5.0/HKK/wav/arctic_b0355.wav,data/l2arctic_release_v5.0/HKK/annotation/arctic_b0355.TextGrid
SVBI,arctic_a0037,data/l2arctic_release_v5.0/SVBI/wav/arctic_a0037.wav,data/l2arctic_release_v5.0/SVBI/annotation/arctic_a0037.TextGrid
THV,arctic_a0045,data/l2arctic_release_v5.0/THV/wav/arctic_a0045.wav,data/l2arctic_release_v5.0/THV/annotation/arctic_a0045.TextGrid
SKA,arctic_a0005,data/l2arctic_release_v5.0/SKA/wav/arctic_a0005.wav,data/l2arctic_release_v5.0/SKA/annotation/arctic_a0005.TextGrid
LXC,arctic_a0024,data/l2arctic_release_v5.0/LXC/wav/arctic_a0024.wav,data/l2arctic_release_v5.0/LXC/annotation/arctic_a0024.TextGrid
NJS,arctic_a0099,data/l2arctic_release_v5.0/NJS/wav/arctic_a0099.wav,data/l2arctic_release_v5.0/NJS/annotation/arctic_a0099.TextGrid
ZHAA,arctic_a0117,data/l2arctic_release_v5.0/ZHAA/wav/arctic_a0117.wav,data/l2arctic_release_v5.0/ZHAA/annotation/arctic_a0117.TextGrid
PNV,arctic_a0008,data/l2arctic_release_v5.0/PNV/wav/arctic_a0008.wav,data/l2arctic_release_v5.0/PNV/annotation/arctic_a0008.TextGrid
ZHAA,arctic_b0434,data/l2arctic_release_v5.0/ZHAA/wav/arctic_b0434.wav,data/l2arctic_release_v5.0/ZHAA/annotation/arctic_b0434.TextGrid
RRBI,arctic_a0416,data/l2arctic_release_v5.0/RRBI/wav/arctic_a0416.wav,data/l2arctic_release_v5.0/RRBI/annotation/arctic_a0416.TextGrid
HQTV,arctic_a0519,data/l2arctic_release_v5.0/HQTV/wav/arctic_a0519.wav,data/l2arctic_release_v5.0/HQTV/annotation/arctic_a0519.TextGrid
ERMS,arctic_a0054,data/l2arctic_release_v5.0/ERMS/wav/arctic_a0054.wav,data/l2arctic_release_v5.0/ERMS/annotation/arctic_a0054.TextGrid
NCC,arctic_a0039,data/l2arctic_release_v5.0/NCC/wav/arctic_a0039.wav,data/l2arctic_release_v5.0/NCC/annotation/arctic_a0039.TextGrid
HKK,arctic_a0134,data/l2arctic_release_v5.0/HKK/wav/arctic_a0134.wav,data/l2arctic_release_v5.0/HKK/annotation/arctic_a0134.TextGrid
MBMPS,arctic_a0137,data/l2arctic_release_v5.0/MBMPS/wav/arctic_a0137.wav,data/l2arctic_release_v5.0/MBMPS/annotation/arctic_a0137.TextGrid
NCC,arctic_a0026,data/l2arctic_release_v5.0/NCC/wav/arctic_a0026.wav,data/l2arctic_release_v5.0/NCC/annotation/arctic_a0026.TextGrid
SVBI,arctic_b0321,data/l2arctic_release_v5.0/SVBI/wav/arctic_b0321.wav,data/l2arctic_release_v5.0/SVBI/annotation/arctic_b0321.TextGrid
HJK,arctic_a0036,data/l2arctic_release_v5.0/HJK/wav/arctic_a0036.wav,data/l2arctic_release_v5.0/HJK/annotation/arctic_a0036.TextGrid
THV,arctic_b0323,data/l2arctic_release_v5.0/THV/wav/arctic_b0323.wav,data/l2arctic_release_v5.0/THV/annotation/arctic_b0323.TextGrid
SKA,arctic_a0038,data/l2arctic_release_v5.0/SKA/wav/arctic_a0038.wav,data/l2arctic_release_v5.0/SKA/annotation/arctic_a0038.TextGrid
ERMS,arctic_a0369,data/l2arctic_release_v5.0/ERMS/wav/arctic_a0369.wav,data/l2arctic_release_v5.0/ERMS/annotation/arctic_a0369.TextGrid
BWC,arctic_b0323,data/l2arctic_release_v5.0/BWC/wav/arctic_b0323.wav,data/l2arctic_release_v5.0/BWC/annotation/arctic_b0323.TextGrid
YDCK,arctic_a0064,data/l2arctic_release_v5.0/YDCK/wav/arctic_a0064.wav,data/l2arctic_release_v5.0/YDCK/annotation/arctic_a0064.TextGrid
ZHAA,arctic_a0024,data/l2arctic_release_v5.0/ZHAA/wav/arctic_a0024.wav,data/l2arctic_release_v5.0/ZHAA/annotation/arctic_a0024.TextGrid
SKA,arctic_b0433,data/l2arctic_release_v5.0/SKA/wav/arctic_b0433.wav,data/l2arctic_release_v5.0/SKA/annotation/arctic_b0433.TextGrid
YKWK,arctic_a0094,data/l2arctic_release_v5.0/YKWK/wav/arctic_a0094.wav,data/l2arctic_release_v5.0/YKWK/annotation/arctic_a0094.TextGrid
YBAA,arctic_a0089,data/l2arctic_release_v5.0/YBAA/wav/arctic_a0089.wav,data/l2arctic_release_v5.0/YBAA/annotation/arctic_a0089.TextGrid
EBVS,arctic_a0085,data/l2arctic_release_v5.0/EBVS/wav/arctic_a0085.wav,data/l2arctic_release_v5.0/EBVS/annotation/arctic_a0085.TextGrid
YBAA,arctic_a0127,data/l2arctic_release_v5.0/YBAA/wav/arctic_a0127.wav,data/l2arctic_release_v5.0/YBAA/annotation/arctic_a0127.TextGrid
ABA,arctic_a0122,data/l2arctic_release_v5.0/ABA/wav/arctic_a0122.wav,data/l2arctic_release_v5.0/ABA/annotation/arctic_a0122.TextGrid
BWC,arctic_a0028,data/l2arctic_release_v5.0/BWC/wav/arctic_a0028.wav,data/l2arctic_release_v5.0/BWC/annotation/arctic_a0028.TextGrid
NCC,arctic_a0076,data/l2arctic_release_v5.0/NCC/wav/arctic_a0076.wav,data/l2arctic_release_v5.0/NCC/annotation/arctic_a0076.TextGrid
RRBI,arctic_b0396,data/l2arctic_release_v5.0/RRBI/wav/arctic_b0396.wav,data/l2arctic_release_v5.0/RRBI/annotation/arctic_b0396.TextGrid
SKA,arctic_a0120,data/l2arctic_release_v5.0/SKA/wav/arctic_a0120.wav,data/l2arctic_release_v5.0/SKA/annotation/arctic_a0120.TextGrid
TLV,arctic_b0380,data/l2arctic_release_v5.0/TLV/wav/arctic_b0380.wav,data/l2arctic_release_v5.0/TLV/annotation/arctic_b0380.TextGrid
RRBI,arctic_b0197,data/l2arctic_release_v5.0/RRBI/wav/arctic_b0197.wav,data/l2arctic_release_v5.0/RRBI/annotation/arctic_b0197.TextGrid
BWC,arctic_a0039,data/l2arctic_release_v5.0/BWC/wav/arctic_a0039.wav,data/l2arctic_release_v5.0/BWC/annotation/arctic_a0039.TextGrid
ABA,arctic_a0024,data/l2arctic_release_v5.0/ABA/wav/arctic_a0024.wav,data/l2arctic_release_v5.0/ABA/annotation/arctic_a0024.TextGrid
ASI,arctic_a0208,data/l2arctic_release_v5.0/ASI/wav/arctic_a0208.wav,data/l2arctic_release_v5.0/ASI/annotation/arctic_a0208.TextGrid
HQTV,arctic_a0104,data/l2arctic_release_v5.0/HQTV/wav/arctic_a0104.wav,data/l2arctic_release_v5.0/HQTV/annotation/arctic_a0104.TextGrid
MBMPS,arctic_a0107,data/l2arctic_release_v5.0/MBMPS/wav/arctic_a0107.wav,data/l2arctic_release_v5.0/MBMPS/annotation/arctic_a0107.TextGrid
BWC,arctic_b0380,data/l2arctic_release_v5.0/BWC/wav/arctic_b0380.wav,data/l2arctic_release_v5.0/BWC/annotation/arctic_b0380.TextGrid
THV,arctic_a0042,data/l2arctic_release_v5.0/THV/wav/arctic_a0042.wav,data/l2arctic_release_v5.0/THV/annotation/arctic_a0042.TextGrid
ASI,arctic_a0079,data/l2arctic_release_v5.0/ASI/wav/arctic_a0079.wav,data/l2arctic_release_v5.0/ASI/annotation/arctic_a0079.TextGrid
NCC,arctic_a0245,data/l2arctic_release_v5.0/NCC/wav/arctic_a0245.wav,data/l2arctic_release_v5.0/NCC/annotation/arctic_a0245.TextGrid
PNV,arctic_a0053,data/l2arctic_release_v5.0/PNV/wav/arctic_a0053.wav,data/l2arctic_release_v5.0/PNV/annotation/arctic_a0053.TextGrid
NCC,arctic_a0065,data/l2arctic_release_v5.0/NCC/wav/arctic_a0065.wav,data/l2arctic_release_v5.0/NCC/annotation/arctic_a0065.TextGrid
ZHAA,arctic_a0003,data/l2arctic_release_v5.0/ZHAA/wav/arctic_a0003.wav,data/l2arctic_release_v5.0/ZHAA/annotation/arctic_a0003.TextGrid
PNV,arctic_a0039,data/l2arctic_release_v5.0/PNV/wav/arctic_a0039.wav,data/l2arctic_release_v5.0/PNV/annotation/arctic_a0039.TextGrid
RRBI,arctic_a0086,data/l2arctic_release_v5.0/RRBI/wav/arctic_a0086.wav,data/l2arctic_release_v5.0/RRBI/annotation/arctic_a0086.TextGrid
LXC,arctic_a0571,data/l2arctic_release_v5.0/LXC/wav/arctic_a0571.wav,data/l2arctic_release_v5.0/LXC/annotation/arctic_a0571.TextGrid
ZHAA,arctic_a0426,data/l2arctic_release_v5.0/ZHAA/wav/arctic_a0426.wav,data/l2arctic_release_v5.0/ZHAA/annotation/arctic_a0426.TextGrid
MBMPS,arctic_a0021,data/l2arctic_release_v5.0/MBMPS/wav/arctic_a0021.wav,data/l2arctic_release_v5.0/MBMPS/annotation/arctic_a0021.TextGrid
SKA,arctic_a0122,data/l2arctic_release_v5.0/SKA/wav/arctic_a0122.wav,data/l2arctic_release_v5.0/SKA/annotation/arctic_a0122.TextGrid
HQTV,arctic_b0393,data/l2arctic_release_v5.0/HQTV/wav/arctic_b0393.wav,data/l2arctic_release_v5.0/HQTV/annotation/arctic_b0393.TextGrid
RRBI,arctic_a0090,data/l2arctic_release_v5.0/RRBI/wav/arctic_a0090.wav,data/l2arctic_release_v5.0/RRBI/annotation/arctic_a0090.TextGrid
RRBI,arctic_a0076,data/l2arctic_release_v5.0/RRBI/wav/arctic_a0076.wav,data/l2arctic_release_v5.0/RRBI/annotation/arctic_a0076.TextGrid
MBMPS,arctic_a0122,data/l2arctic_release_v5.0/MBMPS/wav/arctic_a0122.wav,data/l2arctic_release_v5.0/MBMPS/annotation/arctic_a0122.TextGrid
MBMPS,arctic_a0106,data/l2arctic_release_v5.0/MBMPS/wav/arctic_a0106.wav,data/l2arctic_release_v5.0/MBMPS/annotation/arctic_a0106.TextGrid
EBVS,arctic_a0127,data/l2arctic_release_v5.0/EBVS/wav/arctic_a0127.wav,data/l2arctic_release_v5.0/EBVS/annotation/arctic_a0127.TextGrid
TXHC,arctic_a0008,data/l2arctic_release_v5.0/TXHC/wav/arctic_a0008.wav,data/l2arctic_release_v5.0/TXHC/annotation/arctic_a0008.TextGrid
TLV,arctic_a0030,data/l2arctic_release_v5.0/TLV/wav/arctic_a0030.wav,data/l2arctic_release_v5.0/TLV/annotation/arctic_a0030.TextGrid
YDCK,arctic_a0007,data/l2arctic_release_v5.0/YDCK/wav/arctic_a0007.wav,data/l2arctic_release_v5.0/YDCK/annotation/arctic_a0007.TextGrid
YBAA,arctic_a0030,data/l2arctic_release_v5.0/YBAA/wav/arctic_a0030.wav,data/l2arctic_release_v5.0/YBAA/annotation/arctic_a0030.TextGrid
YDCK,arctic_a0018,data/l2arctic_release_v5.0/YDCK/wav/arctic_a0018.wav,data/l2arctic_release_v5.0/YDCK/annotation/arctic_a0018.TextGrid
LXC,arctic_b0288,data/l2arctic_release_v5.0/LXC/wav/arctic_b0288.wav,data/l2arctic_release_v5.0/LXC/annotation/arctic_b0288.TextGrid
NJS,arctic_a0008,data/l2arctic_release_v5.0/NJS/wav/arctic_a0008.wav,data/l2arctic_release_v5.0/NJS/annotation/arctic_a0008.TextGrid
PNV,arctic_a0038,data/l2arctic_release_v5.0/PNV/wav/arctic_a0038.wav,data/l2arctic_release_v5.0/PNV/annotation/arctic_a0038.TextGrid
ERMS,arctic_a0024,data/l2arctic_release_v5.0/ERMS/wav/arctic_a0024.wav,data/l2arctic_release_v5.0/ERMS/annotation/arctic_a0024.TextGrid
PNV,arctic_a0047,data/l2arctic_release_v5.0/PNV/wav/arctic_a0047.wav,data/l2arctic_release_v5.0/PNV/annotation/arctic_a0047.TextGrid
SVBI,arctic_a0113,data/l2arctic_release_v5.0/SVBI/wav/arctic_a0113.wav,data/l2arctic_release_v5.0/SVBI/annotation/arctic_a0113.TextGrid
HKK,arctic_b0386,data/l2arctic_release_v5.0/HKK/wav/arctic_b0386.wav,data/l2arctic_release_v5.0/HKK/annotation/arctic_b0386.TextGrid
PNV,arctic_a0076,data/l2arctic_release_v5.0/PNV/wav/arctic_a0076.wav,data/l2arctic_release_v5.0/PNV/annotation/arctic_a0076.TextGrid
HJK,arctic_a0026,data/l2arctic_release_v5.0/HJK/wav/arctic_a0026.wav,data/l2arctic_release_v5.0/HJK/annotation/arctic_a0026.TextGrid
ERMS,arctic_b0070,data/l2arctic_release_v5.0/ERMS/wav/arctic_b0070.wav,data/l2arctic_release_v5.0/ERMS/annotation/arctic_b0070.TextGrid
TLV,arctic_a0134,data/l2arctic_release_v5.0/TLV/wav/arctic_a0134.wav,data/l2arctic_release_v5.0/TLV/annotation/arctic_a0134.TextGrid
SKA,arctic_a0011,data/l2arctic_release_v5.0/SKA/wav/arctic_a0011.wav,data/l2arctic_release_v5.0/SKA/annotation/arctic_a0011.TextGrid
TXHC,arctic_a0060,data/l2arctic_release_v5.0/TXHC/wav/arctic_a0060.wav,data/l2arctic_release_v5.0/TXHC/annotation/arctic_a0060.TextGrid
ZHAA,arctic_a0122,data/l2arctic_release_v5.0/ZHAA/wav/arctic_a0122.wav,data/l2arctic_release_v5.0/ZHAA/annotation/arctic_a0122.TextGrid
SVBI,arctic_a0010,data/l2arctic_release_v5.0/SVBI/wav/arctic_a0010.wav,data/l2arctic_release_v5.0/SVBI/annotation/arctic_a0010.TextGrid
PNV,arctic_a0105,data/l2arctic_release_v5.0/PNV/wav/arctic_a0105.wav,data/l2arctic_release_v5.0/PNV/annotation/arctic_a0105.TextGrid
TXHC,arctic_b0366,data/l2arctic_release_v5.0/TXHC/wav/arctic_b0366.wav,data/l2arctic_release_v5.0/TXHC/annotation/arctic_b0366.TextGrid
ABA,arctic_b0413,data/l2arctic_release_v5.0/ABA/wav/arctic_b0413.wav,data/l2arctic_release_v5.0/ABA/annotation/arctic_b0413.TextGrid
ASI,arctic_a0096,data/l2arctic_release_v5.0/ASI/wav/arctic_a0096.wav,data/l2arctic_release_v5.0/ASI/annotation/arctic_a0096.TextGrid
EBVS,arctic_b0503,data/l2arctic_release_v5.0/EBVS/wav/arctic_b0503.wav,data/l2arctic_release_v5.0/EBVS/annotation/arctic_b0503.TextGrid
YDCK,arctic_a0105,data/l2arctic_release_v5.0/YDCK/wav/arctic_a0105.wav,data/l2arctic_release_v5.0/YDCK/annotation/arctic_a0105.TextGrid
SVBI,arctic_a0104,data/l2arctic_release_v5.0/SVBI/wav/arctic_a0104.wav,data/l2arctic_release_v5.0/SVBI/annotation/arctic_a0104.TextGrid
RRBI,arctic_a0078,data/l2arctic_release_v5.0/RRBI/wav/arctic_a0078.wav,data/l2arctic_release_v5.0/RRBI/annotation/arctic_a0078.TextGrid
TXHC,arctic_a0571,data/l2arctic_release_v5.0/TXHC/wav/arctic_a0571.wav,data/l2arctic_release_v5.0/TXHC/annotation/arctic_a0571.TextGrid
ERMS,arctic_a0210,data/l2arctic_release_v5.0/ERMS/wav/arctic_a0210.wav,data/l2arctic_release_v5.0/ERMS/annotation/arctic_a0210.TextGrid
HQTV,arctic_a0041,data/l2arctic_release_v5.0/HQTV/wav/arctic_a0041.wav,data/l2arctic_release_v5.0/HQTV/annotation/arctic_a0041.TextGrid
HKK,arctic_a0095,data/l2arctic_release_v5.0/HKK/wav/arctic_a0095.wav,data/l2arctic_release_v5.0/HKK/annotation/arctic_a0095.TextGrid
RRBI,arctic_a0405,data/l2arctic_release_v5.0/RRBI/wav/arctic_a0405.wav,data/l2arctic_release_v5.0/RRBI/annotation/arctic_a0405.TextGrid
NCC,arctic_a0059,data/l2arctic_release_v5.0/NCC/wav/arctic_a0059.wav,data/l2arctic_release_v5.0/NCC/annotation/arctic_a0059.TextGrid
HJK,arctic_a0475,data/l2arctic_release_v5.0/HJK/wav/arctic_a0475.wav,data/l2arctic_release_v5.0/HJK/annotation/arctic_a0475.TextGrid
YDCK,arctic_a0365,data/l2arctic_release_v5.0/YDCK/wav/arctic_a0365.wav,data/l2arctic_release_v5.0/YDCK/annotation/arctic_a0365.TextGrid
NJS,arctic_a0254,data/l2arctic_release_v5.0/NJS/wav/arctic_a0254.wav,data/l2arctic_release_v5.0/NJS/annotation/arctic_a0254.TextGrid
YBAA,arctic_a0075,data/l2arctic_release_v5.0/YBAA/wav/arctic_a0075.wav,data/l2arctic_release_v5.0/YBAA/annotation/arctic_a0075.TextGrid
ZHAA,arctic_a0126,data/l2arctic_release_v5.0/ZHAA/wav/arctic_a0126.wav,data/l2arctic_release_v5.0/ZHAA/annotation/arctic_a0126.TextGrid
TNI,arctic_a0093,data/l2arctic_release_v5.0/TNI/wav/arctic_a0093.wav,data/l2arctic_release_v5.0/TNI/annotation/arctic_a0093.TextGrid
EBVS,arctic_a0059,data/l2arctic_release_v5.0/EBVS/wav/arctic_a0059.wav,data/l2arctic_release_v5.0/EBVS/annotation/arctic_a0059.TextGrid
HJK,arctic_a0113,data/l2arctic_release_v5.0/HJK/wav/arctic_a0113.wav,data/l2arctic_release_v5.0/HJK/annotation/arctic_a0113.TextGrid
ABA,arctic_b0438,data/l2arctic_release_v5.0/ABA/wav/arctic_b0438.wav,data/l2arctic_release_v5.0/ABA/annotation/arctic_b0438.TextGrid
NCC,arctic_a0045,data/l2arctic_release_v5.0/NCC/wav/arctic_a0045.wav,data/l2arctic_release_v5.0/NCC/annotation/arctic_a0045.TextGrid
LXC,arctic_a0104,data/l2arctic_release_v5.0/LXC/wav/arctic_a0104.wav,data/l2arctic_release_v5.0/LXC/annotation/arctic_a0104.TextGrid
ABA,arctic_a0075,data/l2arctic_release_v5.0/ABA/wav/arctic_a0075.wav,data/l2arctic_release_v5.0/ABA/annotation/arctic_a0075.TextGrid
YDCK,arctic_a0076,data/l2arctic_release_v5.0/YDCK/wav/arctic_a0076.wav,data/l2arctic_release_v5.0/YDCK/annotation/arctic_a0076.TextGrid
TLV,arctic_b0251,data/l2arctic_release_v5.0/TLV/wav/arctic_b0251.wav,data/l2arctic_release_v5.0/TLV/annotation/arctic_b0251.TextGrid
THV,arctic_a0059,data/l2arctic_release_v5.0/THV/wav/arctic_a0059.wav,data/l2arctic_release_v5.0/THV/annotation/arctic_a0059.TextGrid
SKA,arctic_a0071,data/l2arctic_release_v5.0/SKA/wav/arctic_a0071.wav,data/l2arctic_release_v5.0/SKA/annotation/arctic_a0071.TextGrid
RRBI,arctic_a0088,data/l2arctic_release_v5.0/RRBI/wav/arctic_a0088.wav,data/l2arctic_release_v5.0/RRBI/annotation/arctic_a0088.TextGrid
SKA,arctic_b0428,data/l2arctic_release_v5.0/SKA/wav/arctic_b0428.wav,data/l2arctic_release_v5.0/SKA/annotation/arctic_b0428.TextGrid
THV,arctic_a0121,data/l2arctic_release_v5.0/THV/wav/arctic_a0121.wav,data/l2arctic_release_v5.0/THV/annotation/arctic_a0121.TextGrid
ASI,arctic_b0061,data/l2arctic_release_v5.0/ASI/wav/arctic_b0061.wav,data/l2arctic_release_v5.0/ASI/annotation/arctic_b0061.TextGrid
PNV,arctic_a0042,data/l2arctic_release_v5.0/PNV/wav/arctic_a0042.wav,data/l2arctic_release_v5.0/PNV/annotation/arctic_a0042.TextGrid
SVBI,arctic_a0047,data/l2arctic_release_v5.0/SVBI/wav/arctic_a0047.wav,data/l2arctic_release_v5.0/SVBI/annotation/arctic_a0047.TextGrid
SVBI,arctic_b0104,data/l2arctic_release_v5.0/SVBI/wav/arctic_b0104.wav,data/l2arctic_release_v5.0/SVBI/annotation/arctic_b0104.TextGrid
PNV,arctic_a0115,data/l2arctic_release_v5.0/PNV/wav/arctic_a0115.wav,data/l2arctic_release_v5.0/PNV/annotation/arctic_a0115.TextGrid
BWC,arctic_a0120,data/l2arctic_release_v5.0/BWC/wav/arctic_a0120.wav,data/l2arctic_release_v5.0/BWC/annotation/arctic_a0120.TextGrid
NCC,arctic_a0131,data/l2arctic_release_v5.0/NCC/wav/arctic_a0131.wav,data/l2arctic_release_v5.0/NCC/annotation/arctic_a0131.TextGrid
SVBI,arctic_a0089,data/l2arctic_release_v5.0/SVBI/wav/arctic_a0089.wav,data/l2arctic_release_v5.0/SVBI/annotation/arctic_a0089.TextGrid
ASI,arctic_a0019,data/l2arctic_release_v5.0/ASI/wav/arctic_a0019.wav,data/l2arctic_release_v5.0/ASI/annotation/arctic_a0019.TextGrid
ABA,arctic_b0490,data/l2arctic_release_v5.0/ABA/wav/arctic_b0490.wav,data/l2arctic_release_v5.0/ABA/annotation/arctic_b0490.TextGrid
ABA,arctic_b0452,data/l2arctic_release_v5.0/ABA/wav/arctic_b0452.wav,data/l2arctic_release_v5.0/ABA/annotation/arctic_b0452.TextGrid
TNI,arctic_a0042,data/l2arctic_release_v5.0/TNI/wav/arctic_a0042.wav,data/l2arctic_release_v5.0/TNI/annotation/arctic_a0042.TextGrid
YDCK,arctic_a0089,data/l2arctic_release_v5.0/YDCK/wav/arctic_a0089.wav,data/l2arctic_release_v5.0/YDCK/annotation/arctic_a0089.TextGrid
HKK,arctic_a0085,data/l2arctic_release_v5.0/HKK/wav/arctic_a0085.wav,data/l2arctic_release_v5.0/HKK/annotation/arctic_a0085.TextGrid
EBVS,arctic_a0011,data/l2arctic_release_v5.0/EBVS/wav/arctic_a0011.wav,data/l2arctic_release_v5.0/EBVS/annotation/arctic_a0011.TextGrid
YBAA,arctic_a0040,data/l2arctic_release_v5.0/YBAA/wav/arctic_a0040.wav,data/l2arctic_release_v5.0/YBAA/annotation/arctic_a0040.TextGrid
MBMPS,arctic_a0052,data/l2arctic_release_v5.0/MBMPS/wav/arctic_a0052.wav,data/l2arctic_release_v5.0/MBMPS/annotation/arctic_a0052.TextGrid
ASI,arctic_a0045,data/l2arctic_release_v5.0/ASI/wav/arctic_a0045.wav,data/l2arctic_release_v5.0/ASI/annotation/arctic_a0045.TextGrid
NJS,arctic_a0269,data/l2arctic_release_v5.0/NJS/wav/arctic_a0269.wav,data/l2arctic_release_v5.0/NJS/annotation/arctic_a0269.TextGrid
SVBI,arctic_b0017,data/l2arctic_release_v5.0/SVBI/wav/arctic_b0017.wav,data/l2arctic_release_v5.0/SVBI/annotation/arctic_b0017.TextGrid
YDCK,arctic_b0215,data/l2arctic_release_v5.0/YDCK/wav/arctic_b0215.wav,data/l2arctic_release_v5.0/YDCK/annotation/arctic_b0215.TextGrid
YDCK,arctic_a0108,data/l2arctic_release_v5.0/YDCK/wav/arctic_a0108.wav,data/l2arctic_release_v5.0/YDCK/annotation/arctic_a0108.TextGrid
SVBI,arctic_a0078,data/l2arctic_release_v5.0/SVBI/wav/arctic_a0078.wav,data/l2arctic_release_v5.0/SVBI/annotation/arctic_a0078.TextGrid
ASI,arctic_a0109,data/l2arctic_release_v5.0/ASI/wav/arctic_a0109.wav,data/l2arctic_release_v5.0/ASI/annotation/arctic_a0109.TextGrid
ASI,arctic_a0130,data/l2arctic_release_v5.0/ASI/wav/arctic_a0130.wav,data/l2arctic_release_v5.0/ASI/annotation/arctic_a0130.TextGrid
TLV,arctic_a0097,data/l2arctic_release_v5.0/TLV/wav/arctic_a0097.wav,data/l2arctic_release_v5.0/TLV/annotation/arctic_a0097.TextGrid
LXC,arctic_a0096,data/l2arctic_release_v5.0/LXC/wav/arctic_a0096.wav,data/l2arctic_release_v5.0/LXC/annotation/arctic_a0096.TextGrid
HKK,arctic_b0304,data/l2arctic_release_v5.0/HKK/wav/arctic_b0304.wav,data/l2arctic_release_v5.0/HKK/annotation/arctic_b0304.TextGrid
EBVS,arctic_b0538,data/l2arctic_release_v5.0/EBVS/wav/arctic_b0538.wav,data/l2arctic_release_v5.0/EBVS/annotation/arctic_b0538.TextGrid
MBMPS,arctic_a0441,data/l2arctic_release_v5.0/MBMPS/wav/arctic_a0441.wav,data/l2arctic_release_v5.0/MBMPS/annotation/arctic_a0441.TextGrid
THV,arctic_b0165,data/l2arctic_release_v5.0/THV/wav/arctic_b0165.wav,data/l2arctic_release_v5.0/THV/annotation/arctic_b0165.TextGrid
HJK,arctic_a0062,data/l2arctic_release_v5.0/HJK/wav/arctic_a0062.wav,data/l2arctic_release_v5.0/HJK/annotation/arctic_a0062.TextGrid
NJS,arctic_a0007,data/l2arctic_release_v5.0/NJS/wav/arctic_a0007.wav,data/l2arctic_release_v5.0/NJS/annotation/arctic_a0007.TextGrid
ZHAA,arctic_a0026,data/l2arctic_release_v5.0/ZHAA/wav/arctic_a0026.wav,data/l2arctic_release_v5.0/ZHAA/annotation/arctic_a0026.TextGrid
YBAA,arctic_a0123,data/l2arctic_release_v5.0/YBAA/wav/arctic_a0123.wav,data/l2arctic_release_v5.0/YBAA/annotation/arctic_a0123.TextGrid
NCC,arctic_a0010,data/l2arctic_release_v5.0/NCC/wav/arctic_a0010.wav,data/l2arctic_release_v5.0/NCC/annotation/arctic_a0010.TextGrid
NCC,arctic_b0488,data/l2arctic_release_v5.0/NCC/wav/arctic_b0488.wav,data/l2arctic_release_v5.0/NCC/annotation/arctic_b0488.TextGrid
LXC,arctic_a0065,data/l2arctic_release_v5.0/LXC/wav/arctic_a0065.wav,data/l2arctic_release_v5.0/LXC/annotation/arctic_a0065.TextGrid
SVBI,arctic_a0214,data/l2arctic_release_v5.0/SVBI/wav/arctic_a0214.wav,data/l2arctic_release_v5.0/SVBI/annotation/arctic_a0214.TextGrid
SKA,arctic_b0310,data/l2arctic_release_v5.0/SKA/wav/arctic_b0310.wav,data/l2arctic_release_v5.0/SKA/annotation/arctic_b0310.TextGrid
HKK,arctic_b0106,data/l2arctic_release_v5.0/HKK/wav/arctic_b0106.wav,data/l2arctic_release_v5.0/HKK/annotation/arctic_b0106.TextGrid
YDCK,arctic_a0088,data/l2arctic_release_v5.0/YDCK/wav/arctic_a0088.wav,data/l2arctic_release_v5.0/YDCK/annotation/arctic_a0088.TextGrid
PNV,arctic_b0323,data/l2arctic_release_v5.0/PNV/wav/arctic_b0323.wav,data/l2arctic_release_v5.0/PNV/annotation/arctic_b0323.TextGrid
SVBI,arctic_a0134,data/l2arctic_release_v5.0/SVBI/wav/arctic_a0134.wav,data/l2arctic_release_v5.0/SVBI/annotation/arctic_a0134.TextGrid
MBMPS,arctic_a0212,data/l2arctic_release_v5.0/MBMPS/wav/arctic_a0212.wav,data/l2arctic_release_v5.0/MBMPS/annotation/arctic_a0212.TextGrid
YKWK,arctic_b0425,data/l2arctic_release_v5.0/YKWK/wav/arctic_b0425.wav,data/l2arctic_release_v5.0/YKWK/annotation/arctic_b0425.TextGrid
SKA,arctic_a0027,data/l2arctic_release_v5.0/SKA/wav/arctic_a0027.wav,data/l2arctic_release_v5.0/SKA/annotation/arctic_a0027.TextGrid
TNI,arctic_b0411,data/l2arctic_release_v5.0/TNI/wav/arctic_b0411.wav,data/l2arctic_release_v5.0/TNI/annotation/arctic_b0411.TextGrid
ABA,arctic_a0159,data/l2arctic_release_v5.0/ABA/wav/arctic_a0159.wav,data/l2arctic_release_v5.0/ABA/annotation/arctic_a0159.TextGrid
ERMS,arctic_a0045,data/l2arctic_release_v5.0/ERMS/wav/arctic_a0045.wav,data/l2arctic_release_v5.0/ERMS/annotation/arctic_a0045.TextGrid
TXHC,arctic_a0112,data/l2arctic_release_v5.0/TXHC/wav/arctic_a0112.wav,data/l2arctic_release_v5.0/TXHC/annotation/arctic_a0112.TextGrid
TLV,arctic_a0137,data/l2arctic_release_v5.0/TLV/wav/arctic_a0137.wav,data/l2arctic_release_v5.0/TLV/annotation/arctic_a0137.TextGrid
ABA,arctic_b0016,data/l2arctic_release_v5.0/ABA/wav/arctic_b0016.wav,data/l2arctic_release_v5.0/ABA/annotation/arctic_b0016.TextGrid
YKWK,arctic_a0040,data/l2arctic_release_v5.0/YKWK/wav/arctic_a0040.wav,data/l2arctic_release_v5.0/YKWK/annotation/arctic_a0040.TextGrid
TXHC,arctic_a0046,data/l2arctic_release_v5.0/TXHC/wav/arctic_a0046.wav,data/l2arctic_release_v5.0/TXHC/annotation/arctic_a0046.TextGrid
PNV,arctic_a0111,data/l2arctic_release_v5.0/PNV/wav/arctic_a0111.wav,data/l2arctic_release_v5.0/PNV/annotation/arctic_a0111.TextGrid
SKA,arctic_a0046,data/l2arctic_release_v5.0/SKA/wav/arctic_a0046.wav,data/l2arctic_release_v5.0/SKA/annotation/arctic_a0046.TextGrid
SVBI,arctic_a0031,data/l2arctic_release_v5.0/SVBI/wav/arctic_a0031.wav,data/l2arctic_release_v5.0/SVBI/annotation/arctic_a0031.TextGrid
HQTV,arctic_a0209,data/l2arctic_release_v5.0/HQTV/wav/arctic_a0209.wav,data/l2arctic_release_v5.0/HQTV/annotation/arctic_a0209.TextGrid
HJK,arctic_a0127,data/l2arctic_release_v5.0/HJK/wav/arctic_a0127.wav,data/l2arctic_release_v5.0/HJK/annotation/arctic_a0127.TextGrid
BWC,arctic_a0113,data/l2arctic_release_v5.0/BWC/wav/arctic_a0113.wav,data/l2arctic_release_v5.0/BWC/annotation/arctic_a0113.TextGrid
TNI,arctic_a0073,data/l2arctic_release_v5.0/TNI/wav/arctic_a0073.wav,data/l2arctic_release_v5.0/TNI/annotation/arctic_a0073.TextGrid
ERMS,arctic_a0008,data/l2arctic_release_v5.0/ERMS/wav/arctic_a0008.wav,data/l2arctic_release_v5.0/ERMS/annotation/arctic_a0008.TextGrid
BWC,arctic_a0005,data/l2arctic_release_v5.0/BWC/wav/arctic_a0005.wav,data/l2arctic_release_v5.0/BWC/annotation/arctic_a0005.TextGrid
NCC,arctic_a0335,data/l2arctic_release_v5.0/NCC/wav/arctic_a0335.wav,data/l2arctic_release_v5.0/NCC/annotation/arctic_a0335.TextGrid
THV,arctic_a0168,data/l2arctic_release_v5.0/THV/wav/arctic_a0168.wav,data/l2arctic_release_v5.0/THV/annotation/arctic_a0168.TextGrid
EBVS,arctic_a0040,data/l2arctic_release_v5.0/EBVS/wav/arctic_a0040.wav,data/l2arctic_release_v5.0/EBVS/annotation/arctic_a0040.TextGrid
HJK,arctic_a0345,data/l2arctic_release_v5.0/HJK/wav/arctic_a0345.wav,data/l2arctic_release_v5.0/HJK/annotation/arctic_a0345.TextGrid
ZHAA,arctic_b0503,data/l2arctic_release_v5.0/ZHAA/wav/arctic_b0503.wav,data/l2arctic_release_v5.0/ZHAA/annotation/arctic_b0503.TextGrid
SVBI,arctic_a0123,data/l2arctic_release_v5.0/SVBI/wav/arctic_a0123.wav,data/l2arctic_release_v5.0/SVBI/annotation/arctic_a0123.TextGrid
ZHAA,arctic_a0018,data/l2arctic_release_v5.0/ZHAA/wav/arctic_a0018.wav,data/l2arctic_release_v5.0/ZHAA/annotation/arctic_a0018.TextGrid
THV,arctic_b0019,data/l2arctic_release_v5.0/THV/wav/arctic_b0019.wav,data/l2arctic_release_v5.0/THV/annotation/arctic_b0019.TextGrid
NCC,arctic_a0008,data/l2arctic_release_v5.0/NCC/wav/arctic_a0008.wav,data/l2arctic_release_v5.0/NCC/annotation/arctic_a0008.TextGrid
MBMPS,arctic_a0210,data/l2arctic_release_v5.0/MBMPS/wav/arctic_a0210.wav,data/l2arctic_release_v5.0/MBMPS/annotation/arctic_a0210.TextGrid
BWC,arctic_a0109,data/l2arctic_release_v5.0/BWC/wav/arctic_a0109.wav,data/l2arctic_release_v5.0/BWC/annotation/arctic_a0109.TextGrid
BWC,arctic_a0082,data/l2arctic_release_v5.0/BWC/wav/arctic_a0082.wav,data/l2arctic_release_v5.0/BWC/annotation/arctic_a0082.TextGrid
SVBI,arctic_b0433,data/l2arctic_release_v5.0/SVBI/wav/arctic_b0433.wav,data/l2arctic_release_v5.0/SVBI/annotation/arctic_b0433.TextGrid
ZHAA,arctic_a0125,data/l2arctic_release_v5.0/ZHAA/wav/arctic_a0125.wav,data/l2arctic_release_v5.0/ZHAA/annotation/arctic_a0125.TextGrid
YDCK,arctic_a0303,data/l2arctic_release_v5.0/YDCK/wav/arctic_a0303.wav,data/l2arctic_release_v5.0/YDCK/annotation/arctic_a0303.TextGrid
NJS,arctic_a0441,data/l2arctic_release_v5.0/NJS/wav/arctic_a0441.wav,data/l2arctic_release_v5.0/NJS/annotation/arctic_a0441.TextGrid
YKWK,arctic_a0384,data/l2arctic_release_v5.0/YKWK/wav/arctic_a0384.wav,data/l2arctic_release_v5.0/YKWK/annotation/arctic_a0384.TextGrid
HJK,arctic_a0007,data/l2arctic_release_v5.0/HJK/wav/arctic_a0007.wav,data/l2arctic_release_v5.0/HJK/annotation/arctic_a0007.TextGrid
MBMPS,arctic_a0081,data/l2arctic_release_v5.0/MBMPS/wav/arctic_a0081.wav,data/l2arctic_release_v5.0/MBMPS/annotation/arctic_a0081.TextGrid
LXC,arctic_a0108,data/l2arctic_release_v5.0/LXC/wav/arctic_a0108.wav,data/l2arctic_release_v5.0/LXC/annotation/arctic_a0108.TextGrid
ERMS,arctic_a0112,data/l2arctic_release_v5.0/ERMS/wav/arctic_a0112.wav,data/l2arctic_release_v5.0/ERMS/annotation/arctic_a0112.TextGrid
BWC,arctic_a0065,data/l2arctic_release_v5.0/BWC/wav/arctic_a0065.wav,data/l2arctic_release_v5.0/BWC/annotation/arctic_a0065.TextGrid
HKK,arctic_a0109,data/l2arctic_release_v5.0/HKK/wav/arctic_a0109.wav,data/l2arctic_release_v5.0/HKK/annotation/arctic_a0109.TextGrid
LXC,arctic_a0113,data/l2arctic_release_v5.0/LXC/wav/arctic_a0113.wav,data/l2arctic_release_v5.0/LXC/annotation/arctic_a0113.TextGrid
YKWK,arctic_b0225,data/l2arctic_release_v5.0/YKWK/wav/arctic_b0225.wav,data/l2arctic_release_v5.0/YKWK/annotation/arctic_b0225.TextGrid
LXC,arctic_a0093,data/l2arctic_release_v5.0/LXC/wav/arctic_a0093.wav,data/l2arctic_release_v5.0/LXC/annotation/arctic_a0093.TextGrid
TNI,arctic_a0128,data/l2arctic_release_v5.0/TNI/wav/arctic_a0128.wav,data/l2arctic_release_v5.0/TNI/annotation/arctic_a0128.TextGrid
TLV,arctic_a0022,data/l2arctic_release_v5.0/TLV/wav/arctic_a0022.wav,data/l2arctic_release_v5.0/TLV/annotation/arctic_a0022.TextGrid
PNV,arctic_a0475,data/l2arctic_release_v5.0/PNV/wav/arctic_a0475.wav,data/l2arctic_release_v5.0/PNV/annotation/arctic_a0475.TextGrid
BWC,arctic_b0430,data/l2arctic_release_v5.0/BWC/wav/arctic_b0430.wav,data/l2arctic_release_v5.0/BWC/annotation/arctic_b0430.TextGrid
HQTV,arctic_a0115,data/l2arctic_release_v5.0/HQTV/wav/arctic_a0115.wav,data/l2arctic_release_v5.0/HQTV/annotation/arctic_a0115.TextGrid
YDCK,arctic_a0078,data/l2arctic_release_v5.0/YDCK/wav/arctic_a0078.wav,data/l2arctic_release_v5.0/YDCK/annotation/arctic_a0078.TextGrid
YDCK,arctic_b0266,data/l2arctic_release_v5.0/YDCK/wav/arctic_b0266.wav,data/l2arctic_release_v5.0/YDCK/annotation/arctic_b0266.TextGrid
SVBI,arctic_a0003,data/l2arctic_release_v5.0/SVBI/wav/arctic_a0003.wav,data/l2arctic_release_v5.0/SVBI/annotation/arctic_a0003.TextGrid
NJS,arctic_a0303,data/l2arctic_release_v5.0/NJS/wav/arctic_a0303.wav,data/l2arctic_release_v5.0/NJS/annotation/arctic_a0303.TextGrid
ABA,arctic_a0121,data/l2arctic_release_v5.0/ABA/wav/arctic_a0121.wav,data/l2arctic_release_v5.0/ABA/annotation/arctic_a0121.TextGrid
PNV,arctic_b0192,data/l2arctic_release_v5.0/PNV/wav/arctic_b0192.wav,data/l2arctic_release_v5.0/PNV/annotation/arctic_b0192.TextGrid
THV,arctic_a0113,data/l2arctic_release_v5.0/THV/wav/arctic_a0113.wav,data/l2arctic_release_v5.0/THV/annotation/arctic_a0113.TextGrid
LXC,arctic_a0130,data/l2arctic_release_v5.0/LXC/wav/arctic_a0130.wav,data/l2arctic_release_v5.0/LXC/annotation/arctic_a0130.TextGrid
SKA,arctic_a0131,data/l2arctic_release_v5.0/SKA/wav/arctic_a0131.wav,data/l2arctic_release_v5.0/SKA/annotation/arctic_a0131.TextGrid
YKWK,arctic_a0099,data/l2arctic_release_v5.0/YKWK/wav/arctic_a0099.wav,data/l2arctic_release_v5.0/YKWK/annotation/arctic_a0099.TextGrid
NCC,arctic_a0028,data/l2arctic_release_v5.0/NCC/wav/arctic_a0028.wav,data/l2arctic_release_v5.0/NCC/annotation/arctic_a0028.TextGrid
NJS,arctic_a0095,data/l2arctic_release_v5.0/NJS/wav/arctic_a0095.wav,data/l2arctic_release_v5.0/NJS/annotation/arctic_a0095.TextGrid
THV,arctic_a0209,data/l2arctic_release_v5.0/THV/wav/arctic_a0209.wav,data/l2arctic_release_v5.0/THV/annotation/arctic_a0209.TextGrid
NJS,arctic_a0123,data/l2arctic_release_v5.0/NJS/wav/arctic_a0123.wav,data/l2arctic_release_v5.0/NJS/annotation/arctic_a0123.TextGrid
TLV,arctic_a0225,data/l2arctic_release_v5.0/TLV/wav/arctic_a0225.wav,data/l2arctic_release_v5.0/TLV/annotation/arctic_a0225.TextGrid
NJS,arctic_a0010,data/l2arctic_release_v5.0/NJS/wav/arctic_a0010.wav,data/l2arctic_release_v5.0/NJS/annotation/arctic_a0010.TextGrid
HQTV,arctic_a0117,data/l2arctic_release_v5.0/HQTV/wav/arctic_a0117.wav,data/l2arctic_release_v5.0/HQTV/annotation/arctic_a0117.TextGrid
BWC,arctic_a0041,data/l2arctic_release_v5.0/BWC/wav/arctic_a0041.wav,data/l2arctic_release_v5.0/BWC/annotation/arctic_a0041.TextGrid
YDCK,arctic_a0099,data/l2arctic_release_v5.0/YDCK/wav/arctic_a0099.wav,data/l2arctic_release_v5.0/YDCK/annotation/arctic_a0099.TextGrid
YKWK,arctic_a0067,data/l2arctic_release_v5.0/YKWK/wav/arctic_a0067.wav,data/l2arctic_release_v5.0/YKWK/annotation/arctic_a0067.TextGrid
ASI,arctic_a0042,data/l2arctic_release_v5.0/ASI/wav/arctic_a0042.wav,data/l2arctic_release_v5.0/ASI/annotation/arctic_a0042.TextGrid
NJS,arctic_a0029,data/l2arctic_release_v5.0/NJS/wav/arctic_a0029.wav,data/l2arctic_release_v5.0/NJS/annotation/arctic_a0029.TextGrid
HQTV,arctic_b0075,data/l2arctic_release_v5.0/HQTV/wav/arctic_b0075.wav,data/l2arctic_release_v5.0/HQTV/annotation/arctic_b0075.TextGrid
TLV,arctic_a0013,data/l2arctic_release_v5.0/TLV/wav/arctic_a0013.wav,data/l2arctic_release_v5.0/TLV/annotation/arctic_a0013.TextGrid
TXHC,arctic_a0128,data/l2arctic_release_v5.0/TXHC/wav/arctic_a0128.wav,data/l2arctic_release_v5.0/TXHC/annotation/arctic_a0128.TextGrid
YKWK,arctic_a0006,data/l2arctic_release_v5.0/YKWK/wav/arctic_a0006.wav,data/l2arctic_release_v5.0/YKWK/annotation/arctic_a0006.TextGrid
ERMS,arctic_a0058,data/l2arctic_release_v5.0/ERMS/wav/arctic_a0058.wav,data/l2arctic_release_v5.0/ERMS/annotation/arctic_a0058.TextGrid
ABA,arctic_a0101,data/l2arctic_release_v5.0/ABA/wav/arctic_a0101.wav,data/l2arctic_release_v5.0/ABA/annotation/arctic_a0101.TextGrid
YDCK,arctic_a0129,data/l2arctic_release_v5.0/YDCK/wav/arctic_a0129.wav,data/l2arctic_release_v5.0/YDCK/annotation/arctic_a0129.TextGrid
RRBI,arctic_a0144,data/l2arctic_release_v5.0/RRBI/wav/arctic_a0144.wav,data/l2arctic_release_v5.0/RRBI/annotation/arctic_a0144.TextGrid
RRBI,arctic_a0159,data/l2arctic_release_v5.0/RRBI/wav/arctic_a0159.wav,data/l2arctic_release_v5.0/RRBI/annotation/arctic_a0159.TextGrid
HKK,arctic_a0105,data/l2arctic_release_v5.0/HKK/wav/arctic_a0105.wav,data/l2arctic_release_v5.0/HKK/annotation/arctic_a0105.TextGrid
TXHC,arctic_a0036,data/l2arctic_release_v5.0/TXHC/wav/arctic_a0036.wav,data/l2arctic_release_v5.0/TXHC/annotation/arctic_a0036.TextGrid
ASI,arctic_a0301,data/l2arctic_release_v5.0/ASI/wav/arctic_a0301.wav,data/l2arctic_release_v5.0/ASI/annotation/arctic_a0301.TextGrid
EBVS,arctic_b0413,data/l2arctic_release_v5.0/EBVS/wav/arctic_b0413.wav,data/l2arctic_release_v5.0/EBVS/annotation/arctic_b0413.TextGrid
RRBI,arctic_a0040,data/l2arctic_release_v5.0/RRBI/wav/arctic_a0040.wav,data/l2arctic_release_v5.0/RRBI/annotation/arctic_a0040.TextGrid
NJS,arctic_b0413,data/l2arctic_release_v5.0/NJS/wav/arctic_b0413.wav,data/l2arctic_release_v5.0/NJS/annotation/arctic_b0413.TextGrid
PNV,arctic_b0488,data/l2arctic_release_v5.0/PNV/wav/arctic_b0488.wav,data/l2arctic_release_v5.0/PNV/annotation/arctic_b0488.TextGrid
HKK,arctic_a0542,data/l2arctic_release_v5.0/HKK/wav/arctic_a0542.wav,data/l2arctic_release_v5.0/HKK/annotation/arctic_a0542.TextGrid
TNI,arctic_a0054,data/l2arctic_release_v5.0/TNI/wav/arctic_a0054.wav,data/l2arctic_release_v5.0/TNI/annotation/arctic_a0054.TextGrid
HQTV,arctic_a0019,data/l2arctic_release_v5.0/HQTV/wav/arctic_a0019.wav,data/l2arctic_release_v5.0/HQTV/annotation/arctic_a0019.TextGrid
HKK,arctic_a0019,data/l2arctic_release_v5.0/HKK/wav/arctic_a0019.wav,data/l2arctic_release_v5.0/HKK/annotation/arctic_a0019.TextGrid
HKK,arctic_a0048,data/l2arctic_release_v5.0/HKK/wav/arctic_a0048.wav,data/l2arctic_release_v5.0/HKK/annotation/arctic_a0048.TextGrid
NJS,arctic_a0320,data/l2arctic_release_v5.0/NJS/wav/arctic_a0320.wav,data/l2arctic_release_v5.0/NJS/annotation/arctic_a0320.TextGrid
EBVS,arctic_a0076,data/l2arctic_release_v5.0/EBVS/wav/arctic_a0076.wav,data/l2arctic_release_v5.0/EBVS/annotation/arctic_a0076.TextGrid
HJK,arctic_a0128,data/l2arctic_release_v5.0/HJK/wav/arctic_a0128.wav,data/l2arctic_release_v5.0/HJK/annotation/arctic_a0128.TextGrid
NJS,arctic_b0187,data/l2arctic_release_v5.0/NJS/wav/arctic_b0187.wav,data/l2arctic_release_v5.0/NJS/annotation/arctic_b0187.TextGrid
RRBI,arctic_a0136,data/l2arctic_release_v5.0/RRBI/wav/arctic_a0136.wav,data/l2arctic_release_v5.0/RRBI/annotation/arctic_a0136.TextGrid
NJS,arctic_a0037,data/l2arctic_release_v5.0/NJS/wav/arctic_a0037.wav,data/l2arctic_release_v5.0/NJS/annotation/arctic_a0037.TextGrid
SKA,arctic_a0105,data/l2arctic_release_v5.0/SKA/wav/arctic_a0105.wav,data/l2arctic_release_v5.0/SKA/annotation/arctic_a0105.TextGrid
NJS,arctic_a0121,data/l2arctic_release_v5.0/NJS/wav/arctic_a0121.wav,data/l2arctic_release_v5.0/NJS/annotation/arctic_a0121.TextGrid
HQTV,arctic_a0047,data/l2arctic_release_v5.0/HQTV/wav/arctic_a0047.wav,data/l2arctic_release_v5.0/HQTV/annotation/arctic_a0047.TextGrid
LXC,arctic_b0282,data/l2arctic_release_v5.0/LXC/wav/arctic_b0282.wav,data/l2arctic_release_v5.0/LXC/annotation/arctic_b0282.TextGrid
YDCK,arctic_b0503,data/l2arctic_release_v5.0/YDCK/wav/arctic_b0503.wav,data/l2arctic_release_v5.0/YDCK/annotation/arctic_b0503.TextGrid
RRBI,arctic_b0081,data/l2arctic_release_v5.0/RRBI/wav/arctic_b0081.wav,data/l2arctic_release_v5.0/RRBI/annotation/arctic_b0081.TextGrid
BWC,arctic_a0549,data/l2arctic_release_v5.0/BWC/wav/arctic_a0549.wav,data/l2arctic_release_v5.0/BWC/annotation/arctic_a0549.TextGrid
PNV,arctic_a0178,data/l2arctic_release_v5.0/PNV/wav/arctic_a0178.wav,data/l2arctic_release_v5.0/PNV/annotation/arctic_a0178.TextGrid
HJK,arctic_a0103,data/l2arctic_release_v5.0/HJK/wav/arctic_a0103.wav,data/l2arctic_release_v5.0/HJK/annotation/arctic_a0103.TextGrid
ASI,arctic_a0097,data/l2arctic_release_v5.0/ASI/wav/arctic_a0097.wav,data/l2arctic_release_v5.0/ASI/annotation/arctic_a0097.TextGrid
YBAA,arctic_b0434,data/l2arctic_release_v5.0/YBAA/wav/arctic_b0434.wav,data/l2arctic_release_v5.0/YBAA/annotation/arctic_b0434.TextGrid
ERMS,arctic_a0134,data/l2arctic_release_v5.0/ERMS/wav/arctic_a0134.wav,data/l2arctic_release_v5.0/ERMS/annotation/arctic_a0134.TextGrid
EBVS,arctic_a0064,data/l2arctic_release_v5.0/EBVS/wav/arctic_a0064.wav,data/l2arctic_release_v5.0/EBVS/annotation/arctic_a0064.TextGrid
THV,arctic_a0053,data/l2arctic_release_v5.0/THV/wav/arctic_a0053.wav,data/l2arctic_release_v5.0/THV/annotation/arctic_a0053.TextGrid
HQTV,arctic_a0106,data/l2arctic_release_v5.0/HQTV/wav/arctic_a0106.wav,data/l2arctic_release_v5.0/HQTV/annotation/arctic_a0106.TextGrid
YDCK,arctic_a0054,data/l2arctic_release_v5.0/YDCK/wav/arctic_a0054.wav,data/l2arctic_release_v5.0/YDCK/annotation/arctic_a0054.TextGrid
HKK,arctic_b0503,data/l2arctic_release_v5.0/HKK/wav/arctic_b0503.wav,data/l2arctic_release_v5.0/HKK/annotation/arctic_b0503.TextGrid
TNI,arctic_a0052,data/l2arctic_release_v5.0/TNI/wav/arctic_a0052.wav,data/l2arctic_release_v5.0/TNI/annotation/arctic_a0052.TextGrid
TNI,arctic_a0303,data/l2arctic_release_v5.0/TNI/wav/arctic_a0303.wav,data/l2arctic_release_v5.0/TNI/annotation/arctic_a0303.TextGrid
ABA,arctic_b0461,data/l2arctic_release_v5.0/ABA/wav/arctic_b0461.wav,data/l2arctic_release_v5.0/ABA/annotation/arctic_b0461.TextGrid
SVBI,arctic_b0089,data/l2arctic_release_v5.0/SVBI/wav/arctic_b0089.wav,data/l2arctic_release_v5.0/SVBI/annotation/arctic_b0089.TextGrid
YBAA,arctic_b0413,data/l2arctic_release_v5.0/YBAA/wav/arctic_b0413.wav,data/l2arctic_release_v5.0/YBAA/annotation/arctic_b0413.TextGrid
THV,arctic_a0005,data/l2arctic_release_v5.0/THV/wav/arctic_a0005.wav,data/l2arctic_release_v5.0/THV/annotation/arctic_a0005.TextGrid
THV,arctic_a0096,data/l2arctic_release_v5.0/THV/wav/arctic_a0096.wav,data/l2arctic_release_v5.0/THV/annotation/arctic_a0096.TextGrid
PNV,arctic_a0100,data/l2arctic_release_v5.0/PNV/wav/arctic_a0100.wav,data/l2arctic_release_v5.0/PNV/annotation/arctic_a0100.TextGrid
YDCK,arctic_a0116,data/l2arctic_release_v5.0/YDCK/wav/arctic_a0116.wav,data/l2arctic_release_v5.0/YDCK/annotation/arctic_a0116.TextGrid
YKWK,arctic_a0026,data/l2arctic_release_v5.0/YKWK/wav/arctic_a0026.wav,data/l2arctic_release_v5.0/YKWK/annotation/arctic_a0026.TextGrid
HKK,arctic_a0031,data/l2arctic_release_v5.0/HKK/wav/arctic_a0031.wav,data/l2arctic_release_v5.0/HKK/annotation/arctic_a0031.TextGrid
ASI,arctic_a0292,data/l2arctic_release_v5.0/ASI/wav/arctic_a0292.wav,data/l2arctic_release_v5.0/ASI/annotation/arctic_a0292.TextGrid
NJS,arctic_a0131,data/l2arctic_release_v5.0/NJS/wav/arctic_a0131.wav,data/l2arctic_release_v5.0/NJS/annotation/arctic_a0131.TextGrid
HKK,arctic_a0020,data/l2arctic_release_v5.0/HKK/wav/arctic_a0020.wav,data/l2arctic_release_v5.0/HKK/annotation/arctic_a0020.TextGrid
ASI,arctic_b0315,data/l2arctic_release_v5.0/ASI/wav/arctic_b0315.wav,data/l2arctic_release_v5.0/ASI/annotation/arctic_b0315.TextGrid
SVBI,arctic_a0082,data/l2arctic_release_v5.0/SVBI/wav/arctic_a0082.wav,data/l2arctic_release_v5.0/SVBI/annotation/arctic_a0082.TextGrid
MBMPS,arctic_a0062,data/l2arctic_release_v5.0/MBMPS/wav/arctic_a0062.wav,data/l2arctic_release_v5.0/MBMPS/annotation/arctic_a0062.TextGrid
ZHAA,arctic_b0534,data/l2arctic_release_v5.0/ZHAA/wav/arctic_b0534.wav,data/l2arctic_release_v5.0/ZHAA/annotation/arctic_b0534.TextGrid
PNV,arctic_a0139,data/l2arctic_release_v5.0/PNV/wav/arctic_a0139.wav,data/l2arctic_release_v5.0/PNV/annotation/arctic_a0139.TextGrid
HKK,arctic_a0029,data/l2arctic_release_v5.0/HKK/wav/arctic_a0029.wav,data/l2arctic_release_v5.0/HKK/annotation/arctic_a0029.TextGrid
EBVS,arctic_a0091,data/l2arctic_release_v5.0/EBVS/wav/arctic_a0091.wav,data/l2arctic_release_v5.0/EBVS/annotation/arctic_a0091.TextGrid
HQTV,arctic_a0113,data/l2arctic_release_v5.0/HQTV/wav/arctic_a0113.wav,data/l2arctic_release_v5.0/HQTV/annotation/arctic_a0113.TextGrid
YKWK,arctic_b0047,data/l2arctic_release_v5.0/YKWK/wav/arctic_b0047.wav,data/l2arctic_release_v5.0/YKWK/annotation/arctic_b0047.TextGrid
HKK,arctic_a0005,data/l2arctic_release_v5.0/HKK/wav/arctic_a0005.wav,data/l2arctic_release_v5.0/HKK/annotation/arctic_a0005.TextGrid
HKK,arctic_a0032,data/l2arctic_release_v5.0/HKK/wav/arctic_a0032.wav,data/l2arctic_release_v5.0/HKK/annotation/arctic_a0032.TextGrid
BWC,arctic_b0527,data/l2arctic_release_v5.0/BWC/wav/arctic_b0527.wav,data/l2arctic_release_v5.0/BWC/annotation/arctic_b0527.TextGrid
PNV,arctic_b0189,data/l2arctic_release_v5.0/PNV/wav/arctic_b0189.wav,data/l2arctic_release_v5.0/PNV/annotation/arctic_b0189.TextGrid
LXC,arctic_b0004,data/l2arctic_release_v5.0/LXC/wav/arctic_b0004.wav,data/l2arctic_release_v5.0/LXC/annotation/arctic_b0004.TextGrid
TNI,arctic_a0113,data/l2arctic_release_v5.0/TNI/wav/arctic_a0113.wav,data/l2arctic_release_v5.0/TNI/annotation/arctic_a0113.TextGrid
ASI,arctic_a0028,data/l2arctic_release_v5.0/ASI/wav/arctic_a0028.wav,data/l2arctic_release_v5.0/ASI/annotation/arctic_a0028.TextGrid
EBVS,arctic_a0131,data/l2arctic_release_v5.0/EBVS/wav/arctic_a0131.wav,data/l2arctic_release_v5.0/EBVS/annotation/arctic_a0131.TextGrid
THV,arctic_b0106,data/l2arctic_release_v5.0/THV/wav/arctic_b0106.wav,data/l2arctic_release_v5.0/THV/annotation/arctic_b0106.TextGrid
EBVS,arctic_a0094,data/l2arctic_release_v5.0/EBVS/wav/arctic_a0094.wav,data/l2arctic_release_v5.0/EBVS/annotation/arctic_a0094.TextGrid
ASI,arctic_a0139,data/l2arctic_release_v5.0/ASI/wav/arctic_a0139.wav,data/l2arctic_release_v5.0/ASI/annotation/arctic_a0139.TextGrid
THV,arctic_a0126,data/l2arctic_release_v5.0/THV/wav/arctic_a0126.wav,data/l2arctic_release_v5.0/THV/annotation/arctic_a0126.TextGrid
EBVS,arctic_a0010,data/l2arctic_release_v5.0/EBVS/wav/arctic_a0010.wav,data/l2arctic_release_v5.0/EBVS/annotation/arctic_a0010.TextGrid
LXC,arctic_a0081,data/l2arctic_release_v5.0/LXC/wav/arctic_a0081.wav,data/l2arctic_release_v5.0/LXC/annotation/arctic_a0081.TextGrid
TNI,arctic_a0292,data/l2arctic_release_v5.0/TNI/wav/arctic_a0292.wav,data/l2arctic_release_v5.0/TNI/annotation/arctic_a0292.TextGrid
SVBI,arctic_a0065,data/l2arctic_release_v5.0/SVBI/wav/arctic_a0065.wav,data/l2arctic_release_v5.0/SVBI/annotation/arctic_a0065.TextGrid
SKA,arctic_a0159,data/l2arctic_release_v5.0/SKA/wav/arctic_a0159.wav,data/l2arctic_release_v5.0/SKA/annotation/arctic_a0159.TextGrid
NJS,arctic_a0026,data/l2arctic_release_v5.0/NJS/wav/arctic_a0026.wav,data/l2arctic_release_v5.0/NJS/annotation/arctic_a0026.TextGrid
ERMS,arctic_a0120,data/l2arctic_release_v5.0/ERMS/wav/arctic_a0120.wav,data/l2arctic_release_v5.0/ERMS/annotation/arctic_a0120.TextGrid
NJS,arctic_a0416,data/l2arctic_release_v5.0/NJS/wav/arctic_a0416.wav,data/l2arctic_release_v5.0/NJS/annotation/arctic_a0416.TextGrid
YKWK,arctic_a0369,data/l2arctic_release_v5.0/YKWK/wav/arctic_a0369.wav,data/l2arctic_release_v5.0/YKWK/annotation/arctic_a0369.TextGrid
NJS,arctic_a0081,data/l2arctic_release_v5.0/NJS/wav/arctic_a0081.wav,data/l2arctic_release_v5.0/NJS/annotation/arctic_a0081.TextGrid
ERMS,arctic_a0040,data/l2arctic_release_v5.0/ERMS/wav/arctic_a0040.wav,data/l2arctic_release_v5.0/ERMS/annotation/arctic_a0040.TextGrid
HKK,arctic_a0090,data/l2arctic_release_v5.0/HKK/wav/arctic_a0090.wav,data/l2arctic_release_v5.0/HKK/annotation/arctic_a0090.TextGrid
ASI,arctic_a0040,data/l2arctic_release_v5.0/ASI/wav/arctic_a0040.wav,data/l2arctic_release_v5.0/ASI/annotation/arctic_a0040.TextGrid
HKK,arctic_a0131,data/l2arctic_release_v5.0/HKK/wav/arctic_a0131.wav,data/l2arctic_release_v5.0/HKK/annotation/arctic_a0131.TextGrid
THV,arctic_b0416,data/l2arctic_release_v5.0/THV/wav/arctic_b0416.wav,data/l2arctic_release_v5.0/THV/annotation/arctic_b0416.TextGrid
HJK,arctic_a0379,data/l2arctic_release_v5.0/HJK/wav/arctic_a0379.wav,data/l2arctic_release_v5.0/HJK/annotation/arctic_a0379.TextGrid
NJS,arctic_a0048,data/l2arctic_release_v5.0/NJS/wav/arctic_a0048.wav,data/l2arctic_release_v5.0/NJS/annotation/arctic_a0048.TextGrid
RRBI,arctic_a0199,data/l2arctic_release_v5.0/RRBI/wav/arctic_a0199.wav,data/l2arctic_release_v5.0/RRBI/annotation/arctic_a0199.TextGrid
SKA,arctic_a0300,data/l2arctic_release_v5.0/SKA/wav/arctic_a0300.wav,data/l2arctic_release_v5.0/SKA/annotation/arctic_a0300.TextGrid
YDCK,arctic_a0029,data/l2arctic_release_v5.0/YDCK/wav/arctic_a0029.wav,data/l2arctic_release_v5.0/YDCK/annotation/arctic_a0029.TextGrid
TXHC,arctic_b0430,data/l2arctic_release_v5.0/TXHC/wav/arctic_b0430.wav,data/l2arctic_release_v5.0/TXHC/annotation/arctic_b0430.TextGrid
RRBI,arctic_b0061,data/l2arctic_release_v5.0/RRBI/wav/arctic_b0061.wav,data/l2arctic_release_v5.0/RRBI/annotation/arctic_b0061.TextGrid
LXC,arctic_a0013,data/l2arctic_release_v5.0/LXC/wav/arctic_a0013.wav,data/l2arctic_release_v5.0/LXC/annotation/arctic_a0013.TextGrid
TNI,arctic_a0078,data/l2arctic_release_v5.0/TNI/wav/arctic_a0078.wav,data/l2arctic_release_v5.0/TNI/annotation/arctic_a0078.TextGrid
RRBI,arctic_a0028,data/l2arctic_release_v5.0/RRBI/wav/arctic_a0028.wav,data/l2arctic_release_v5.0/RRBI/annotation/arctic_a0028.TextGrid
YKWK,arctic_a0027,data/l2arctic_release_v5.0/YKWK/wav/arctic_a0027.wav,data/l2arctic_release_v5.0/YKWK/annotation/arctic_a0027.TextGrid
LXC,arctic_a0007,data/l2arctic_release_v5.0/LXC/wav/arctic_a0007.wav,data/l2arctic_release_v5.0/LXC/annotation/arctic_a0007.TextGrid
EBVS,arctic_b0042,data/l2arctic_release_v5.0/EBVS/wav/arctic_b0042.wav,data/l2arctic_release_v5.0/EBVS/annotation/arctic_b0042.TextGrid
BWC,arctic_a0098,data/l2arctic_release_v5.0/BWC/wav/arctic_a0098.wav,data/l2arctic_release_v5.0/BWC/annotation/arctic_a0098.TextGrid
HJK,arctic_a0145,data/l2arctic_release_v5.0/HJK/wav/arctic_a0145.wav,data/l2arctic_release_v5.0/HJK/annotation/arctic_a0145.TextGrid
NJS,arctic_a0265,data/l2arctic_release_v5.0/NJS/wav/arctic_a0265.wav,data/l2arctic_release_v5.0/NJS/annotation/arctic_a0265.TextGrid
RRBI,arctic_a0117,data/l2arctic_release_v5.0/RRBI/wav/arctic_a0117.wav,data/l2arctic_release_v5.0/RRBI/annotation/arctic_a0117.TextGrid
ASI,arctic_a0089,data/l2arctic_release_v5.0/ASI/wav/arctic_a0089.wav,data/l2arctic_release_v5.0/ASI/annotation/arctic_a0089.TextGrid
HKK,arctic_a0416,data/l2arctic_release_v5.0/HKK/wav/arctic_a0416.wav,data/l2arctic_release_v5.0/HKK/annotation/arctic_a0416.TextGrid
THV,arctic_a0067,data/l2arctic_release_v5.0/THV/wav/arctic_a0067.wav,data/l2arctic_release_v5.0/THV/annotation/arctic_a0067.TextGrid
ERMS,arctic_a0123,data/l2arctic_release_v5.0/ERMS/wav/arctic_a0123.wav,data/l2arctic_release_v5.0/ERMS/annotation/arctic_a0123.TextGrid
YBAA,arctic_a0095,data/l2arctic_release_v5.0/YBAA/wav/arctic_a0095.wav,data/l2arctic_release_v5.0/YBAA/annotation/arctic_a0095.TextGrid
YKWK,arctic_a0028,data/l2arctic_release_v5.0/YKWK/wav/arctic_a0028.wav,data/l2arctic_release_v5.0/YKWK/annotation/arctic_a0028.TextGrid
RRBI,arctic_a0269,data/l2arctic_release_v5.0/RRBI/wav/arctic_a0269.wav,data/l2arctic_release_v5.0/RRBI/annotation/arctic_a0269.TextGrid
HJK,arctic_a0022,data/l2arctic_release_v5.0/HJK/wav/arctic_a0022.wav,data/l2arctic_release_v5.0/HJK/annotation/arctic_a0022.TextGrid
HJK,arctic_a0075,data/l2arctic_release_v5.0/HJK/wav/arctic_a0075.wav,data/l2arctic_release_v5.0/HJK/annotation/arctic_a0075.TextGrid
TLV,arctic_b0355,data/l2arctic_release_v5.0/TLV/wav/arctic_b0355.wav,data/l2arctic_release_v5.0/TLV/annotation/arctic_b0355.TextGrid
HJK,arctic_a0121,data/l2arctic_release_v5.0/HJK/wav/arctic_a0121.wav,data/l2arctic_release_v5.0/HJK/annotation/arctic_a0121.TextGrid
YDCK,arctic_b0518,data/l2arctic_release_v5.0/YDCK/wav/arctic_b0518.wav,data/l2arctic_release_v5.0/YDCK/annotation/arctic_b0518.TextGrid
HJK,arctic_a0053,data/l2arctic_release_v5.0/HJK/wav/arctic_a0053.wav,data/l2arctic_release_v5.0/HJK/annotation/arctic_a0053.TextGrid
SVBI,arctic_b0215,data/l2arctic_release_v5.0/SVBI/wav/arctic_b0215.wav,data/l2arctic_release_v5.0/SVBI/annotation/arctic_b0215.TextGrid
YKWK,arctic_a0076,data/l2arctic_release_v5.0/YKWK/wav/arctic_a0076.wav,data/l2arctic_release_v5.0/YKWK/annotation/arctic_a0076.TextGrid
SVBI,arctic_a0079,data/l2arctic_release_v5.0/SVBI/wav/arctic_a0079.wav,data/l2arctic_release_v5.0/SVBI/annotation/arctic_a0079.TextGrid
YBAA,arctic_a0078,data/l2arctic_release_v5.0/YBAA/wav/arctic_a0078.wav,data/l2arctic_release_v5.0/YBAA/annotation/arctic_a0078.TextGrid
THV,arctic_b0527,data/l2arctic_release_v5.0/THV/wav/arctic_b0527.wav,data/l2arctic_release_v5.0/THV/annotation/arctic_b0527.TextGrid
EBVS,arctic_a0134,data/l2arctic_release_v5.0/EBVS/wav/arctic_a0134.wav,data/l2arctic_release_v5.0/EBVS/annotation/arctic_a0134.TextGrid
ABA,arctic_a0048,data/l2arctic_release_v5.0/ABA/wav/arctic_a0048.wav,data/l2arctic_release_v5.0/ABA/annotation/arctic_a0048.TextGrid
YBAA,arctic_a0102,data/l2arctic_release_v5.0/YBAA/wav/arctic_a0102.wav,data/l2arctic_release_v5.0/YBAA/annotation/arctic_a0102.TextGrid
YKWK,arctic_a0053,data/l2arctic_release_v5.0/YKWK/wav/arctic_a0053.wav,data/l2arctic_release_v5.0/YKWK/annotation/arctic_a0053.TextGrid
ZHAA,arctic_b0413,data/l2arctic_release_v5.0/ZHAA/wav/arctic_b0413.wav,data/l2arctic_release_v5.0/ZHAA/annotation/arctic_b0413.TextGrid
SKA,arctic_a0113,data/l2arctic_release_v5.0/SKA/wav/arctic_a0113.wav,data/l2arctic_release_v5.0/SKA/annotation/arctic_a0113.TextGrid
ERMS,arctic_a0022,data/l2arctic_release_v5.0/ERMS/wav/arctic_a0022.wav,data/l2arctic_release_v5.0/ERMS/annotation/arctic_a0022.TextGrid
TLV,arctic_a0051,data/l2arctic_release_v5.0/TLV/wav/arctic_a0051.wav,data/l2arctic_release_v5.0/TLV/annotation/arctic_a0051.TextGrid
HJK,arctic_a0027,data/l2arctic_release_v5.0/HJK/wav/arctic_a0027.wav,data/l2arctic_release_v5.0/HJK/annotation/arctic_a0027.TextGrid
YDCK,arctic_b0469,data/l2arctic_release_v5.0/YDCK/wav/arctic_b0469.wav,data/l2arctic_release_v5.0/YDCK/annotation/arctic_b0469.TextGrid
YKWK,arctic_a0233,data/l2arctic_release_v5.0/YKWK/wav/arctic_a0233.wav,data/l2arctic_release_v5.0/YKWK/annotation/arctic_a0233.TextGrid
SVBI,arctic_b0118,data/l2arctic_release_v5.0/SVBI/wav/arctic_b0118.wav,data/l2arctic_release_v5.0/SVBI/annotation/arctic_b0118.TextGrid
YBAA,arctic_b0083,data/l2arctic_release_v5.0/YBAA/wav/arctic_b0083.wav,data/l2arctic_release_v5.0/YBAA/annotation/arctic_b0083.TextGrid
TLV,arctic_a0038,data/l2arctic_release_v5.0/TLV/wav/arctic_a0038.wav,data/l2arctic_release_v5.0/TLV/annotation/arctic_a0038.TextGrid
HQTV,arctic_a0008,data/l2arctic_release_v5.0/HQTV/wav/arctic_a0008.wav,data/l2arctic_release_v5.0/HQTV/annotation/arctic_a0008.TextGrid
TXHC,arctic_a0098,data/l2arctic_release_v5.0/TXHC/wav/arctic_a0098.wav,data/l2arctic_release_v5.0/TXHC/annotation/arctic_a0098.TextGrid
YBAA,arctic_a0036,data/l2arctic_release_v5.0/YBAA/wav/arctic_a0036.wav,data/l2arctic_release_v5.0/YBAA/annotation/arctic_a0036.TextGrid
SVBI,arctic_a0117,data/l2arctic_release_v5.0/SVBI/wav/arctic_a0117.wav,data/l2arctic_release_v5.0/SVBI/annotation/arctic_a0117.TextGrid
ABA,arctic_a0076,data/l2arctic_release_v5.0/ABA/wav/arctic_a0076.wav,data/l2arctic_release_v5.0/ABA/annotation/arctic_a0076.TextGrid
ABA,arctic_b0469,data/l2arctic_release_v5.0/ABA/wav/arctic_b0469.wav,data/l2arctic_release_v5.0/ABA/annotation/arctic_b0469.TextGrid
ZHAA,arctic_b0126,data/l2arctic_release_v5.0/ZHAA/wav/arctic_b0126.wav,data/l2arctic_release_v5.0/ZHAA/annotation/arctic_b0126.TextGrid
SKA,arctic_a0112,data/l2arctic_release_v5.0/SKA/wav/arctic_a0112.wav,data/l2arctic_release_v5.0/SKA/annotation/arctic_a0112.TextGrid
HKK,arctic_a0122,data/l2arctic_release_v5.0/HKK/wav/arctic_a0122.wav,data/l2arctic_release_v5.0/HKK/annotation/arctic_a0122.TextGrid
ERMS,arctic_a0145,data/l2arctic_release_v5.0/ERMS/wav/arctic_a0145.wav,data/l2arctic_release_v5.0/ERMS/annotation/arctic_a0145.TextGrid
NCC,arctic_a0139,data/l2arctic_release_v5.0/NCC/wav/arctic_a0139.wav,data/l2arctic_release_v5.0/NCC/annotation/arctic_a0139.TextGrid
TNI,arctic_a0098,data/l2arctic_release_v5.0/TNI/wav/arctic_a0098.wav,data/l2arctic_release_v5.0/TNI/annotation/arctic_a0098.TextGrid
YBAA,arctic_a0107,data/l2arctic_release_v5.0/YBAA/wav/arctic_a0107.wav,data/l2arctic_release_v5.0/YBAA/annotation/arctic_a0107.TextGrid
ZHAA,arctic_a0063,data/l2arctic_release_v5.0/ZHAA/wav/arctic_a0063.wav,data/l2arctic_release_v5.0/ZHAA/annotation/arctic_a0063.TextGrid
ERMS,arctic_a0295,data/l2arctic_release_v5.0/ERMS/wav/arctic_a0295.wav,data/l2arctic_release_v5.0/ERMS/annotation/arctic_a0295.TextGrid
BWC,arctic_a0245,data/l2arctic_release_v5.0/BWC/wav/arctic_a0245.wav,data/l2arctic_release_v5.0/BWC/annotation/arctic_a0245.TextGrid
ABA,arctic_b0103,data/l2arctic_release_v5.0/ABA/wav/arctic_b0103.wav,data/l2arctic_release_v5.0/ABA/annotation/arctic_b0103.TextGrid
TLV,arctic_a0052,data/l2arctic_release_v5.0/TLV/wav/arctic_a0052.wav,data/l2arctic_release_v5.0/TLV/annotation/arctic_a0052.TextGrid
SKA,arctic_a0076,data/l2arctic_release_v5.0/SKA/wav/arctic_a0076.wav,data/l2arctic_release_v5.0/SKA/annotation/arctic_a0076.TextGrid
ASI,arctic_a0105,data/l2arctic_release_v5.0/ASI/wav/arctic_a0105.wav,data/l2arctic_release_v5.0/ASI/annotation/arctic_a0105.TextGrid
ERMS,arctic_a0011,data/l2arctic_release_v5.0/ERMS/wav/arctic_a0011.wav,data/l2arctic_release_v5.0/ERMS/annotation/arctic_a0011.TextGrid
LXC,arctic_a0067,data/l2arctic_release_v5.0/LXC/wav/arctic_a0067.wav,data/l2arctic_release_v5.0/LXC/annotation/arctic_a0067.TextGrid
TNI,arctic_a0022,data/l2arctic_release_v5.0/TNI/wav/arctic_a0022.wav,data/l2arctic_release_v5.0/TNI/annotation/arctic_a0022.TextGrid
PNV,arctic_a0032,data/l2arctic_release_v5.0/PNV/wav/arctic_a0032.wav,data/l2arctic_release_v5.0/PNV/annotation/arctic_a0032.TextGrid
SKA,arctic_b0150,data/l2arctic_release_v5.0/SKA/wav/arctic_b0150.wav,data/l2arctic_release_v5.0/SKA/annotation/arctic_b0150.TextGrid
THV,arctic_a0101,data/l2arctic_release_v5.0/THV/wav/arctic_a0101.wav,data/l2arctic_release_v5.0/THV/annotation/arctic_a0101.TextGrid
YDCK,arctic_a0082,data/l2arctic_release_v5.0/YDCK/wav/arctic_a0082.wav,data/l2arctic_release_v5.0/YDCK/annotation/arctic_a0082.TextGrid
TXHC,arctic_a0053,data/l2arctic_release_v5.0/TXHC/wav/arctic_a0053.wav,data/l2arctic_release_v5.0/TXHC/annotation/arctic_a0053.TextGrid
YKWK,arctic_a0065,data/l2arctic_release_v5.0/YKWK/wav/arctic_a0065.wav,data/l2arctic_release_v5.0/YKWK/annotation/arctic_a0065.TextGrid
NJS,arctic_a0122,data/l2arctic_release_v5.0/NJS/wav/arctic_a0122.wav,data/l2arctic_release_v5.0/NJS/annotation/arctic_a0122.TextGrid
SVBI,arctic_a0022,data/l2arctic_release_v5.0/SVBI/wav/arctic_a0022.wav,data/l2arctic_release_v5.0/SVBI/annotation/arctic_a0022.TextGrid
ABA,arctic_a0139,data/l2arctic_release_v5.0/ABA/wav/arctic_a0139.wav,data/l2arctic_release_v5.0/ABA/annotation/arctic_a0139.TextGrid
TNI,arctic_a0106,data/l2arctic_release_v5.0/TNI/wav/arctic_a0106.wav,data/l2arctic_release_v5.0/TNI/annotation/arctic_a0106.TextGrid
RRBI,arctic_a0024,data/l2arctic_release_v5.0/RRBI/wav/arctic_a0024.wav,data/l2arctic_release_v5.0/RRBI/annotation/arctic_a0024.TextGrid
TLV,arctic_b0469,data/l2arctic_release_v5.0/TLV/wav/arctic_b0469.wav,data/l2arctic_release_v5.0/TLV/annotation/arctic_b0469.TextGrid
HJK,arctic_a0369,data/l2arctic_release_v5.0/HJK/wav/arctic_a0369.wav,data/l2arctic_release_v5.0/HJK/annotation/arctic_a0369.TextGrid
ABA,arctic_a0548,data/l2arctic_release_v5.0/ABA/wav/arctic_a0548.wav,data/l2arctic_release_v5.0/ABA/annotation/arctic_a0548.TextGrid
HQTV,arctic_a0107,data/l2arctic_release_v5.0/HQTV/wav/arctic_a0107.wav,data/l2arctic_release_v5.0/HQTV/annotation/arctic_a0107.TextGrid
ZHAA,arctic_a0076,data/l2arctic_release_v5.0/ZHAA/wav/arctic_a0076.wav,data/l2arctic_release_v5.0/ZHAA/annotation/arctic_a0076.TextGrid
LXC,arctic_b0185,data/l2arctic_release_v5.0/LXC/wav/arctic_b0185.wav,data/l2arctic_release_v5.0/LXC/annotation/arctic_b0185.TextGrid
HKK,arctic_a0475,data/l2arctic_release_v5.0/HKK/wav/arctic_a0475.wav,data/l2arctic_release_v5.0/HKK/annotation/arctic_a0475.TextGrid
LXC,arctic_a0006,data/l2arctic_release_v5.0/LXC/wav/arctic_a0006.wav,data/l2arctic_release_v5.0/LXC/annotation/arctic_a0006.TextGrid
SVBI,arctic_a0424,data/l2arctic_release_v5.0/SVBI/wav/arctic_a0424.wav,data/l2arctic_release_v5.0/SVBI/annotation/arctic_a0424.TextGrid
HQTV,arctic_b0469,data/l2arctic_release_v5.0/HQTV/wav/arctic_b0469.wav,data/l2arctic_release_v5.0/HQTV/annotation/arctic_b0469.TextGrid
HQTV,arctic_a0108,data/l2arctic_release_v5.0/HQTV/wav/arctic_a0108.wav,data/l2arctic_release_v5.0/HQTV/annotation/arctic_a0108.TextGrid
THV,arctic_b0075,data/l2arctic_release_v5.0/THV/wav/arctic_b0075.wav,data/l2arctic_release_v5.0/THV/annotation/arctic_b0075.TextGrid
MBMPS,arctic_a0031,data/l2arctic_release_v5.0/MBMPS/wav/arctic_a0031.wav,data/l2arctic_release_v5.0/MBMPS/annotation/arctic_a0031.TextGrid
BWC,arctic_a0006,data/l2arctic_release_v5.0/BWC/wav/arctic_a0006.wav,data/l2arctic_release_v5.0/BWC/annotation/arctic_a0006.TextGrid
YKWK,arctic_b0304,data/l2arctic_release_v5.0/YKWK/wav/arctic_b0304.wav,data/l2arctic_release_v5.0/YKWK/annotation/arctic_b0304.TextGrid
EBVS,arctic_a0441,data/l2arctic_release_v5.0/EBVS/wav/arctic_a0441.wav,data/l2arctic_release_v5.0/EBVS/annotation/arctic_a0441.TextGrid
NJS,arctic_a0053,data/l2arctic_release_v5.0/NJS/wav/arctic_a0053.wav,data/l2arctic_release_v5.0/NJS/annotation/arctic_a0053.TextGrid
NCC,arctic_b0422,data/l2arctic_release_v5.0/NCC/wav/arctic_b0422.wav,data/l2arctic_release_v5.0/NCC/annotation/arctic_b0422.TextGrid
LXC,arctic_a0101,data/l2arctic_release_v5.0/LXC/wav/arctic_a0101.wav,data/l2arctic_release_v5.0/LXC/annotation/arctic_a0101.TextGrid
ASI,arctic_b0215,data/l2arctic_release_v5.0/ASI/wav/arctic_b0215.wav,data/l2arctic_release_v5.0/ASI/annotation/arctic_b0215.TextGrid
HJK,arctic_a0013,data/l2arctic_release_v5.0/HJK/wav/arctic_a0013.wav,data/l2arctic_release_v5.0/HJK/annotation/arctic_a0013.TextGrid
ASI,arctic_a0024,data/l2arctic_release_v5.0/ASI/wav/arctic_a0024.wav,data/l2arctic_release_v5.0/ASI/annotation/arctic_a0024.TextGrid
EBVS,arctic_a0101,data/l2arctic_release_v5.0/EBVS/wav/arctic_a0101.wav,data/l2arctic_release_v5.0/EBVS/annotation/arctic_a0101.TextGrid
ZHAA,arctic_a0300,data/l2arctic_release_v5.0/ZHAA/wav/arctic_a0300.wav,data/l2arctic_release_v5.0/ZHAA/annotation/arctic_a0300.TextGrid
TLV,arctic_b0465,data/l2arctic_release_v5.0/TLV/wav/arctic_b0465.wav,data/l2arctic_release_v5.0/TLV/annotation/arctic_b0465.TextGrid
YKWK,arctic_b0215,data/l2arctic_release_v5.0/YKWK/wav/arctic_b0215.wav,data/l2arctic_release_v5.0/YKWK/annotation/arctic_b0215.TextGrid
PNV,arctic_a0021,data/l2arctic_release_v5.0/PNV/wav/arctic_a0021.wav,data/l2arctic_release_v5.0/PNV/annotation/arctic_a0021.TextGrid
HQTV,arctic_a0091,data/l2arctic_release_v5.0/HQTV/wav/arctic_a0091.wav,data/l2arctic_release_v5.0/HQTV/annotation/arctic_a0091.TextGrid
SKA,arctic_b0340,data/l2arctic_release_v5.0/SKA/wav/arctic_b0340.wav,data/l2arctic_release_v5.0/SKA/annotation/arctic_b0340.TextGrid
YDCK,arctic_a0094,data/l2arctic_release_v5.0/YDCK/wav/arctic_a0094.wav,data/l2arctic_release_v5.0/YDCK/annotation/arctic_a0094.TextGrid
YKWK,arctic_a0258,data/l2arctic_release_v5.0/YKWK/wav/arctic_a0258.wav,data/l2arctic_release_v5.0/YKWK/annotation/arctic_a0258.TextGrid
YBAA,arctic_a0024,data/l2arctic_release_v5.0/YBAA/wav/arctic_a0024.wav,data/l2arctic_release_v5.0/YBAA/annotation/arctic_a0024.TextGrid
TLV,arctic_a0011,data/l2arctic_release_v5.0/TLV/wav/arctic_a0011.wav,data/l2arctic_release_v5.0/TLV/annotation/arctic_a0011.TextGrid
MBMPS,arctic_a0071,data/l2arctic_release_v5.0/MBMPS/wav/arctic_a0071.wav,data/l2arctic_release_v5.0/MBMPS/annotation/arctic_a0071.TextGrid
YBAA,arctic_a0109,data/l2arctic_release_v5.0/YBAA/wav/arctic_a0109.wav,data/l2arctic_release_v5.0/YBAA/annotation/arctic_a0109.TextGrid
SKA,arctic_a0086,data/l2arctic_release_v5.0/SKA/wav/arctic_a0086.wav,data/l2arctic_release_v5.0/SKA/annotation/arctic_a0086.TextGrid
TXHC,arctic_a0031,data/l2arctic_release_v5.0/TXHC/wav/arctic_a0031.wav,data/l2arctic_release_v5.0/TXHC/annotation/arctic_a0031.TextGrid
NCC,arctic_b0004,data/l2arctic_release_v5.0/NCC/wav/arctic_b0004.wav,data/l2arctic_release_v5.0/NCC/annotation/arctic_b0004.TextGrid
LXC,arctic_b0481,data/l2arctic_release_v5.0/LXC/wav/arctic_b0481.wav,data/l2arctic_release_v5.0/LXC/annotation/arctic_b0481.TextGrid
ASI,arctic_a0037,data/l2arctic_release_v5.0/ASI/wav/arctic_a0037.wav,data/l2arctic_release_v5.0/ASI/annotation/arctic_a0037.TextGrid
YBAA,arctic_a0076,data/l2arctic_release_v5.0/YBAA/wav/arctic_a0076.wav,data/l2arctic_release_v5.0/YBAA/annotation/arctic_a0076.TextGrid
LXC,arctic_a0028,data/l2arctic_release_v5.0/LXC/wav/arctic_a0028.wav,data/l2arctic_release_v5.0/LXC/annotation/arctic_a0028.TextGrid
HQTV,arctic_a0042,data/l2arctic_release_v5.0/HQTV/wav/arctic_a0042.wav,data/l2arctic_release_v5.0/HQTV/annotation/arctic_a0042.TextGrid
RRBI,arctic_a0020,data/l2arctic_release_v5.0/RRBI/wav/arctic_a0020.wav,data/l2arctic_release_v5.0/RRBI/annotation/arctic_a0020.TextGrid
TLV,arctic_a0010,data/l2arctic_release_v5.0/TLV/wav/arctic_a0010.wav,data/l2arctic_release_v5.0/TLV/annotation/arctic_a0010.TextGrid
THV,arctic_a0107,data/l2arctic_release_v5.0/THV/wav/arctic_a0107.wav,data/l2arctic_release_v5.0/THV/annotation/arctic_a0107.TextGrid
ERMS,arctic_a0099,data/l2arctic_release_v5.0/ERMS/wav/arctic_a0099.wav,data/l2arctic_release_v5.0/ERMS/annotation/arctic_a0099.TextGrid
THV,arctic_a0020,data/l2arctic_release_v5.0/THV/wav/arctic_a0020.wav,data/l2arctic_release_v5.0/THV/annotation/arctic_a0020.TextGrid
NCC,arctic_b0075,data/l2arctic_release_v5.0/NCC/wav/arctic_b0075.wav,data/l2arctic_release_v5.0/NCC/annotation/arctic_b0075.TextGrid
TNI,arctic_a0103,data/l2arctic_release_v5.0/TNI/wav/arctic_a0103.wav,data/l2arctic_release_v5.0/TNI/annotation/arctic_a0103.TextGrid
TXHC,arctic_b0185,data/l2arctic_release_v5.0/TXHC/wav/arctic_b0185.wav,data/l2arctic_release_v5.0/TXHC/annotation/arctic_b0185.TextGrid
HKK,arctic_a0365,data/l2arctic_release_v5.0/HKK/wav/arctic_a0365.wav,data/l2arctic_release_v5.0/HKK/annotation/arctic_a0365.TextGrid
SKA,arctic_a0137,data/l2arctic_release_v5.0/SKA/wav/arctic_a0137.wav,data/l2arctic_release_v5.0/SKA/annotation/arctic_a0137.TextGrid
TNI,arctic_a0039,data/l2arctic_release_v5.0/TNI/wav/arctic_a0039.wav,data/l2arctic_release_v5.0/TNI/annotation/arctic_a0039.TextGrid
TLV,arctic_a0093,data/l2arctic_release_v5.0/TLV/wav/arctic_a0093.wav,data/l2arctic_release_v5.0/TLV/annotation/arctic_a0093.TextGrid
PNV,arctic_b0048,data/l2arctic_release_v5.0/PNV/wav/arctic_b0048.wav,data/l2arctic_release_v5.0/PNV/annotation/arctic_b0048.TextGrid
TNI,arctic_a0159,data/l2arctic_release_v5.0/TNI/wav/arctic_a0159.wav,data/l2arctic_release_v5.0/TNI/annotation/arctic_a0159.TextGrid
TLV,arctic_a0064,data/l2arctic_release_v5.0/TLV/wav/arctic_a0064.wav,data/l2arctic_release_v5.0/TLV/annotation/arctic_a0064.TextGrid
SVBI,arctic_b0160,data/l2arctic_release_v5.0/SVBI/wav/arctic_b0160.wav,data/l2arctic_release_v5.0/SVBI/annotation/arctic_b0160.TextGrid
HQTV,arctic_a0095,data/l2arctic_release_v5.0/HQTV/wav/arctic_a0095.wav,data/l2arctic_release_v5.0/HQTV/annotation/arctic_a0095.TextGrid
TXHC,arctic_a0078,data/l2arctic_release_v5.0/TXHC/wav/arctic_a0078.wav,data/l2arctic_release_v5.0/TXHC/annotation/arctic_a0078.TextGrid
EBVS,arctic_a0128,data/l2arctic_release_v5.0/EBVS/wav/arctic_a0128.wav,data/l2arctic_release_v5.0/EBVS/annotation/arctic_a0128.TextGrid
LXC,arctic_a0126,data/l2arctic_release_v5.0/LXC/wav/arctic_a0126.wav,data/l2arctic_release_v5.0/LXC/annotation/arctic_a0126.TextGrid
EBVS,arctic_a0298,data/l2arctic_release_v5.0/EBVS/wav/arctic_a0298.wav,data/l2arctic_release_v5.0/EBVS/annotation/arctic_a0298.TextGrid
ZHAA,arctic_b0461,data/l2arctic_release_v5.0/ZHAA/wav/arctic_b0461.wav,data/l2arctic_release_v5.0/ZHAA/annotation/arctic_b0461.TextGrid
HJK,arctic_a0090,data/l2arctic_release_v5.0/HJK/wav/arctic_a0090.wav,data/l2arctic_release_v5.0/HJK/annotation/arctic_a0090.TextGrid
HKK,arctic_a0139,data/l2arctic_release_v5.0/HKK/wav/arctic_a0139.wav,data/l2arctic_release_v5.0/HKK/annotation/arctic_a0139.TextGrid
ASI,arctic_a0266,data/l2arctic_release_v5.0/ASI/wav/arctic_a0266.wav,data/l2arctic_release_v5.0/ASI/annotation/arctic_a0266.TextGrid
HQTV,arctic_a0032,data/l2arctic_release_v5.0/HQTV/wav/arctic_a0032.wav,data/l2arctic_release_v5.0/HQTV/annotation/arctic_a0032.TextGrid
HKK,arctic_a0137,data/l2arctic_release_v5.0/HKK/wav/arctic_a0137.wav,data/l2arctic_release_v5.0/HKK/annotation/arctic_a0137.TextGrid
BWC,arctic_a0105,data/l2arctic_release_v5.0/BWC/wav/arctic_a0105.wav,data/l2arctic_release_v5.0/BWC/annotation/arctic_a0105.TextGrid
NCC,arctic_a0082,data/l2arctic_release_v5.0/NCC/wav/arctic_a0082.wav,data/l2arctic_release_v5.0/NCC/annotation/arctic_a0082.TextGrid
TNI,arctic_a0384,data/l2arctic_release_v5.0/TNI/wav/arctic_a0384.wav,data/l2arctic_release_v5.0/TNI/annotation/arctic_a0384.TextGrid
YBAA,arctic_a0103,data/l2arctic_release_v5.0/YBAA/wav/arctic_a0103.wav,data/l2arctic_release_v5.0/YBAA/annotation/arctic_a0103.TextGrid
YDCK,arctic_a0131,data/l2arctic_release_v5.0/YDCK/wav/arctic_a0131.wav,data/l2arctic_release_v5.0/YDCK/annotation/arctic_a0131.TextGrid
NCC,arctic_a0098,data/l2arctic_release_v5.0/NCC/wav/arctic_a0098.wav,data/l2arctic_release_v5.0/NCC/annotation/arctic_a0098.TextGrid
MBMPS,arctic_a0042,data/l2arctic_release_v5.0/MBMPS/wav/arctic_a0042.wav,data/l2arctic_release_v5.0/MBMPS/annotation/arctic_a0042.TextGrid
YBAA,arctic_a0426,data/l2arctic_release_v5.0/YBAA/wav/arctic_a0426.wav,data/l2arctic_release_v5.0/YBAA/annotation/arctic_a0426.TextGrid
NCC,arctic_a0102,data/l2arctic_release_v5.0/NCC/wav/arctic_a0102.wav,data/l2arctic_release_v5.0/NCC/annotation/arctic_a0102.TextGrid
NJS,arctic_a0500,data/l2arctic_release_v5.0/NJS/wav/arctic_a0500.wav,data/l2arctic_release_v5.0/NJS/annotation/arctic_a0500.TextGrid
SVBI,arctic_a0063,data/l2arctic_release_v5.0/SVBI/wav/arctic_a0063.wav,data/l2arctic_release_v5.0/SVBI/annotation/arctic_a0063.TextGrid
ABA,arctic_a0097,data/l2arctic_release_v5.0/ABA/wav/arctic_a0097.wav,data/l2arctic_release_v5.0/ABA/annotation/arctic_a0097.TextGrid
NJS,arctic_b0019,data/l2arctic_release_v5.0/NJS/wav/arctic_b0019.wav,data/l2arctic_release_v5.0/NJS/annotation/arctic_b0019.TextGrid
ASI,arctic_a0384,data/l2arctic_release_v5.0/ASI/wav/arctic_a0384.wav,data/l2arctic_release_v5.0/ASI/annotation/arctic_a0384.TextGrid
TXHC,arctic_a0245,data/l2arctic_release_v5.0/TXHC/wav/arctic_a0245.wav,data/l2arctic_release_v5.0/TXHC/annotation/arctic_a0245.TextGrid
NCC,arctic_a0011,data/l2arctic_release_v5.0/NCC/wav/arctic_a0011.wav,data/l2arctic_release_v5.0/NCC/annotation/arctic_a0011.TextGrid
BWC,arctic_a0096,data/l2arctic_release_v5.0/BWC/wav/arctic_a0096.wav,data/l2arctic_release_v5.0/BWC/annotation/arctic_a0096.TextGrid
MBMPS,arctic_a0303,data/l2arctic_release_v5.0/MBMPS/wav/arctic_a0303.wav,data/l2arctic_release_v5.0/MBMPS/annotation/arctic_a0303.TextGrid
YKWK,arctic_a0036,data/l2arctic_release_v5.0/YKWK/wav/arctic_a0036.wav,data/l2arctic_release_v5.0/YKWK/annotation/arctic_a0036.TextGrid
PNV,arctic_b0342,data/l2arctic_release_v5.0/PNV/wav/arctic_b0342.wav,data/l2arctic_release_v5.0/PNV/annotation/arctic_b0342.TextGrid
MBMPS,arctic_b0494,data/l2arctic_release_v5.0/MBMPS/wav/arctic_b0494.wav,data/l2arctic_release_v5.0/MBMPS/annotation/arctic_b0494.TextGrid
TLV,arctic_b0415,data/l2arctic_release_v5.0/TLV/wav/arctic_b0415.wav,data/l2arctic_release_v5.0/TLV/annotation/arctic_b0415.TextGrid
NJS,arctic_a0271,data/l2arctic_release_v5.0/NJS/wav/arctic_a0271.wav,data/l2arctic_release_v5.0/NJS/annotation/arctic_a0271.TextGrid
ZHAA,arctic_b0452,data/l2arctic_release_v5.0/ZHAA/wav/arctic_b0452.wav,data/l2arctic_release_v5.0/ZHAA/annotation/arctic_b0452.TextGrid
NJS,arctic_a0079,data/l2arctic_release_v5.0/NJS/wav/arctic_a0079.wav,data/l2arctic_release_v5.0/NJS/annotation/arctic_a0079.TextGrid
SVBI,arctic_a0077,data/l2arctic_release_v5.0/SVBI/wav/arctic_a0077.wav,data/l2arctic_release_v5.0/SVBI/annotation/arctic_a0077.TextGrid
MBMPS,arctic_a0131,data/l2arctic_release_v5.0/MBMPS/wav/arctic_a0131.wav,data/l2arctic_release_v5.0/MBMPS/annotation/arctic_a0131.TextGrid
MBMPS,arctic_a0005,data/l2arctic_release_v5.0/MBMPS/wav/arctic_a0005.wav,data/l2arctic_release_v5.0/MBMPS/annotation/arctic_a0005.TextGrid
MBMPS,arctic_a0105,data/l2arctic_release_v5.0/MBMPS/wav/arctic_a0105.wav,data/l2arctic_release_v5.0/MBMPS/annotation/arctic_a0105.TextGrid
YKWK,arctic_a0081,data/l2arctic_release_v5.0/YKWK/wav/arctic_a0081.wav,data/l2arctic_release_v5.0/YKWK/annotation/arctic_a0081.TextGrid
TNI,arctic_a0301,data/l2arctic_release_v5.0/TNI/wav/arctic_a0301.wav,data/l2arctic_release_v5.0/TNI/annotation/arctic_a0301.TextGrid
TLV,arctic_b0534,data/l2arctic_release_v5.0/TLV/wav/arctic_b0534.wav,data/l2arctic_release_v5.0/TLV/annotation/arctic_b0534.TextGrid
PNV,arctic_a0088,data/l2arctic_release_v5.0/PNV/wav/arctic_a0088.wav,data/l2arctic_release_v5.0/PNV/annotation/arctic_a0088.TextGrid
NCC,arctic_a0085,data/l2arctic_release_v5.0/NCC/wav/arctic_a0085.wav,data/l2arctic_release_v5.0/NCC/annotation/arctic_a0085.TextGrid
TLV,arctic_a0059,data/l2arctic_release_v5.0/TLV/wav/arctic_a0059.wav,data/l2arctic_release_v5.0/TLV/annotation/arctic_a0059.TextGrid
SKA,arctic_b0425,data/l2arctic_release_v5.0/SKA/wav/arctic_b0425.wav,data/l2arctic_release_v5.0/SKA/annotation/arctic_b0425.TextGrid
PNV,arctic_a0013,data/l2arctic_release_v5.0/PNV/wav/arctic_a0013.wav,data/l2arctic_release_v5.0/PNV/annotation/arctic_a0013.TextGrid
YDCK,arctic_a0120,data/l2arctic_release_v5.0/YDCK/wav/arctic_a0120.wav,data/l2arctic_release_v5.0/YDCK/annotation/arctic_a0120.TextGrid
HJK,arctic_a0048,data/l2arctic_release_v5.0/HJK/wav/arctic_a0048.wav,data/l2arctic_release_v5.0/HJK/annotation/arctic_a0048.TextGrid
YBAA,arctic_a0096,data/l2arctic_release_v5.0/YBAA/wav/arctic_a0096.wav,data/l2arctic_release_v5.0/YBAA/annotation/arctic_a0096.TextGrid
YBAA,arctic_a0079,data/l2arctic_release_v5.0/YBAA/wav/arctic_a0079.wav,data/l2arctic_release_v5.0/YBAA/annotation/arctic_a0079.TextGrid
TNI,arctic_a0006,data/l2arctic_release_v5.0/TNI/wav/arctic_a0006.wav,data/l2arctic_release_v5.0/TNI/annotation/arctic_a0006.TextGrid
EBVS,arctic_a0030,data/l2arctic_release_v5.0/EBVS/wav/arctic_a0030.wav,data/l2arctic_release_v5.0/EBVS/annotation/arctic_a0030.TextGrid
HKK,arctic_a0104,data/l2arctic_release_v5.0/HKK/wav/arctic_a0104.wav,data/l2arctic_release_v5.0/HKK/annotation/arctic_a0104.TextGrid
ERMS,arctic_a0271,data/l2arctic_release_v5.0/ERMS/wav/arctic_a0271.wav,data/l2arctic_release_v5.0/ERMS/annotation/arctic_a0271.TextGrid
EBVS,arctic_a0416,data/l2arctic_release_v5.0/EBVS/wav/arctic_a0416.wav,data/l2arctic_release_v5.0/EBVS/annotation/arctic_a0416.TextGrid
BWC,arctic_a0131,data/l2arctic_release_v5.0/BWC/wav/arctic_a0131.wav,data/l2arctic_release_v5.0/BWC/annotation/arctic_a0131.TextGrid
YBAA,arctic_b0433,data/l2arctic_release_v5.0/YBAA/wav/arctic_b0433.wav,data/l2arctic_release_v5.0/YBAA/annotation/arctic_b0433.TextGrid
YBAA,arctic_a0461,data/l2arctic_release_v5.0/YBAA/wav/arctic_a0461.wav,data/l2arctic_release_v5.0/YBAA/annotation/arctic_a0461.TextGrid
THV,arctic_b0358,data/l2arctic_release_v5.0/THV/wav/arctic_b0358.wav,data/l2arctic_release_v5.0/THV/annotation/arctic_b0358.TextGrid
TXHC,arctic_a0127,data/l2arctic_release_v5.0/TXHC/wav/arctic_a0127.wav,data/l2arctic_release_v5.0/TXHC/annotation/arctic_a0127.TextGrid
LXC,arctic_b0189,data/l2arctic_release_v5.0/LXC/wav/arctic_b0189.wav,data/l2arctic_release_v5.0/LXC/annotation/arctic_b0189.TextGrid
YDCK,arctic_a0052,data/l2arctic_release_v5.0/YDCK/wav/arctic_a0052.wav,data/l2arctic_release_v5.0/YDCK/annotation/arctic_a0052.TextGrid
ABA,arctic_a0116,data/l2arctic_release_v5.0/ABA/wav/arctic_a0116.wav,data/l2arctic_release_v5.0/ABA/annotation/arctic_a0116.TextGrid
NJS,arctic_a0098,data/l2arctic_release_v5.0/NJS/wav/arctic_a0098.wav,data/l2arctic_release_v5.0/NJS/annotation/arctic_a0098.TextGrid
RRBI,arctic_b0104,data/l2arctic_release_v5.0/RRBI/wav/arctic_b0104.wav,data/l2arctic_release_v5.0/RRBI/annotation/arctic_b0104.TextGrid
PNV,arctic_b0315,data/l2arctic_release_v5.0/PNV/wav/arctic_b0315.wav,data/l2arctic_release_v5.0/PNV/annotation/arctic_b0315.TextGrid
TXHC,arctic_b0140,data/l2arctic_release_v5.0/TXHC/wav/arctic_b0140.wav,data/l2arctic_release_v5.0/TXHC/annotation/arctic_b0140.TextGrid
YBAA,arctic_b0158,data/l2arctic_release_v5.0/YBAA/wav/arctic_b0158.wav,data/l2arctic_release_v5.0/YBAA/annotation/arctic_b0158.TextGrid
HQTV,arctic_a0168,data/l2arctic_release_v5.0/HQTV/wav/arctic_a0168.wav,data/l2arctic_release_v5.0/HQTV/annotation/arctic_a0168.TextGrid
PNV,arctic_a0005,data/l2arctic_release_v5.0/PNV/wav/arctic_a0005.wav,data/l2arctic_release_v5.0/PNV/annotation/arctic_a0005.TextGrid
YKWK,arctic_b0238,data/l2arctic_release_v5.0/YKWK/wav/arctic_b0238.wav,data/l2arctic_release_v5.0/YKWK/annotation/arctic_b0238.TextGrid
PNV,arctic_a0079,data/l2arctic_release_v5.0/PNV/wav/arctic_a0079.wav,data/l2arctic_release_v5.0/PNV/annotation/arctic_a0079.TextGrid
YDCK,arctic_a0005,data/l2arctic_release_v5.0/YDCK/wav/arctic_a0005.wav,data/l2arctic_release_v5.0/YDCK/annotation/arctic_a0005.TextGrid
THV,arctic_a0062,data/l2arctic_release_v5.0/THV/wav/arctic_a0062.wav,data/l2arctic_release_v5.0/THV/annotation/arctic_a0062.TextGrid
YDCK,arctic_a0098,data/l2arctic_release_v5.0/YDCK/wav/arctic_a0098.wav,data/l2arctic_release_v5.0/YDCK/annotation/arctic_a0098.TextGrid
HKK,arctic_a0258,data/l2arctic_release_v5.0/HKK/wav/arctic_a0258.wav,data/l2arctic_release_v5.0/HKK/annotation/arctic_a0258.TextGrid
YKWK,arctic_a0131,data/l2arctic_release_v5.0/YKWK/wav/arctic_a0131.wav,data/l2arctic_release_v5.0/YKWK/annotation/arctic_a0131.TextGrid
LXC,arctic_b0366,data/l2arctic_release_v5.0/LXC/wav/arctic_b0366.wav,data/l2arctic_release_v5.0/LXC/annotation/arctic_b0366.TextGrid
TNI,arctic_a0144,data/l2arctic_release_v5.0/TNI/wav/arctic_a0144.wav,data/l2arctic_release_v5.0/TNI/annotation/arctic_a0144.TextGrid
PNV,arctic_b0165,data/l2arctic_release_v5.0/PNV/wav/arctic_b0165.wav,data/l2arctic_release_v5.0/PNV/annotation/arctic_b0165.TextGrid
EBVS,arctic_a0031,data/l2arctic_release_v5.0/EBVS/wav/arctic_a0031.wav,data/l2arctic_release_v5.0/EBVS/annotation/arctic_a0031.TextGrid
RRBI,arctic_a0089,data/l2arctic_release_v5.0/RRBI/wav/arctic_a0089.wav,data/l2arctic_release_v5.0/RRBI/annotation/arctic_a0089.TextGrid
YDCK,arctic_b0019,data/l2arctic_release_v5.0/YDCK/wav/arctic_b0019.wav,data/l2arctic_release_v5.0/YDCK/annotation/arctic_b0019.TextGrid
TXHC,arctic_b0358,data/l2arctic_release_v5.0/TXHC/wav/arctic_b0358.wav,data/l2arctic_release_v5.0/TXHC/annotation/arctic_b0358.TextGrid
ERMS,arctic_a0170,data/l2arctic_release_v5.0/ERMS/wav/arctic_a0170.wav,data/l2arctic_release_v5.0/ERMS/annotation/arctic_a0170.TextGrid
EBVS,arctic_a0320,data/l2arctic_release_v5.0/EBVS/wav/arctic_a0320.wav,data/l2arctic_release_v5.0/EBVS/annotation/arctic_a0320.TextGrid
YBAA,arctic_a0003,data/l2arctic_release_v5.0/YBAA/wav/arctic_a0003.wav,data/l2arctic_release_v5.0/YBAA/annotation/arctic_a0003.TextGrid
HJK,arctic_a0096,data/l2arctic_release_v5.0/HJK/wav/arctic_a0096.wav,data/l2arctic_release_v5.0/HJK/annotation/arctic_a0096.TextGrid
NCC,arctic_a0013,data/l2arctic_release_v5.0/NCC/wav/arctic_a0013.wav,data/l2arctic_release_v5.0/NCC/annotation/arctic_a0013.TextGrid
ZHAA,arctic_a0089,data/l2arctic_release_v5.0/ZHAA/wav/arctic_a0089.wav,data/l2arctic_release_v5.0/ZHAA/annotation/arctic_a0089.TextGrid
ASI,arctic_a0030,data/l2arctic_release_v5.0/ASI/wav/arctic_a0030.wav,data/l2arctic_release_v5.0/ASI/annotation/arctic_a0030.TextGrid
RRBI,arctic_a0246,data/l2arctic_release_v5.0/RRBI/wav/arctic_a0246.wav,data/l2arctic_release_v5.0/RRBI/annotation/arctic_a0246.TextGrid
ZHAA,arctic_a0092,data/l2arctic_release_v5.0/ZHAA/wav/arctic_a0092.wav,data/l2arctic_release_v5.0/ZHAA/annotation/arctic_a0092.TextGrid
PNV,arctic_b0019,data/l2arctic_release_v5.0/PNV/wav/arctic_b0019.wav,data/l2arctic_release_v5.0/PNV/annotation/arctic_b0019.TextGrid
YBAA,arctic_a0042,data/l2arctic_release_v5.0/YBAA/wav/arctic_a0042.wav,data/l2arctic_release_v5.0/YBAA/annotation/arctic_a0042.TextGrid
HJK,arctic_a0134,data/l2arctic_release_v5.0/HJK/wav/arctic_a0134.wav,data/l2arctic_release_v5.0/HJK/annotation/arctic_a0134.TextGrid
MBMPS,arctic_a0003,data/l2arctic_release_v5.0/MBMPS/wav/arctic_a0003.wav,data/l2arctic_release_v5.0/MBMPS/annotation/arctic_a0003.TextGrid
NJS,arctic_a0030,data/l2arctic_release_v5.0/NJS/wav/arctic_a0030.wav,data/l2arctic_release_v5.0/NJS/annotation/arctic_a0030.TextGrid
RRBI,arctic_a0045,data/l2arctic_release_v5.0/RRBI/wav/arctic_a0045.wav,data/l2arctic_release_v5.0/RRBI/annotation/arctic_a0045.TextGrid
RRBI,arctic_a0051,data/l2arctic_release_v5.0/RRBI/wav/arctic_a0051.wav,data/l2arctic_release_v5.0/RRBI/annotation/arctic_a0051.TextGrid
YKWK,arctic_a0030,data/l2arctic_release_v5.0/YKWK/wav/arctic_a0030.wav,data/l2arctic_release_v5.0/YKWK/annotation/arctic_a0030.TextGrid
ERMS,arctic_a0063,data/l2arctic_release_v5.0/ERMS/wav/arctic_a0063.wav,data/l2arctic_release_v5.0/ERMS/annotation/arctic_a0063.TextGrid
TNI,arctic_a0416,data/l2arctic_release_v5.0/TNI/wav/arctic_a0416.wav,data/l2arctic_release_v5.0/TNI/annotation/arctic_a0416.TextGrid
RRBI,arctic_a0094,data/l2arctic_release_v5.0/RRBI/wav/arctic_a0094.wav,data/l2arctic_release_v5.0/RRBI/annotation/arctic_a0094.TextGrid
HQTV,arctic_a0065,data/l2arctic_release_v5.0/HQTV/wav/arctic_a0065.wav,data/l2arctic_release_v5.0/HQTV/annotation/arctic_a0065.TextGrid
NCC,arctic_a0120,data/l2arctic_release_v5.0/NCC/wav/arctic_a0120.wav,data/l2arctic_release_v5.0/NCC/annotation/arctic_a0120.TextGrid
ZHAA,arctic_a0052,data/l2arctic_release_v5.0/ZHAA/wav/arctic_a0052.wav,data/l2arctic_release_v5.0/ZHAA/annotation/arctic_a0052.TextGrid
HKK,arctic_a0271,data/l2arctic_release_v5.0/HKK/wav/arctic_a0271.wav,data/l2arctic_release_v5.0/HKK/annotation/arctic_a0271.TextGrid
PNV,arctic_a0378,data/l2arctic_release_v5.0/PNV/wav/arctic_a0378.wav,data/l2arctic_release_v5.0/PNV/annotation/arctic_a0378.TextGrid
LXC,arctic_a0107,data/l2arctic_release_v5.0/LXC/wav/arctic_a0107.wav,data/l2arctic_release_v5.0/LXC/annotation/arctic_a0107.TextGrid
TXHC,arctic_b0189,data/l2arctic_release_v5.0/TXHC/wav/arctic_b0189.wav,data/l2arctic_release_v5.0/TXHC/annotation/arctic_b0189.TextGrid
NCC,arctic_a0052,data/l2arctic_release_v5.0/NCC/wav/arctic_a0052.wav,data/l2arctic_release_v5.0/NCC/annotation/arctic_a0052.TextGrid
SVBI,arctic_a0052,data/l2arctic_release_v5.0/SVBI/wav/arctic_a0052.wav,data/l2arctic_release_v5.0/SVBI/annotation/arctic_a0052.TextGrid
ZHAA,arctic_b0469,data/l2arctic_release_v5.0/ZHAA/wav/arctic_b0469.wav,data/l2arctic_release_v5.0/ZHAA/annotation/arctic_b0469.TextGrid
SKA,arctic_a0024,data/l2arctic_release_v5.0/SKA/wav/arctic_a0024.wav,data/l2arctic_release_v5.0/SKA/annotation/arctic_a0024.TextGrid
PNV,arctic_a0046,data/l2arctic_release_v5.0/PNV/wav/arctic_a0046.wav,data/l2arctic_release_v5.0/PNV/annotation/arctic_a0046.TextGrid
TNI,arctic_a0040,data/l2arctic_release_v5.0/TNI/wav/arctic_a0040.wav,data/l2arctic_release_v5.0/TNI/annotation/arctic_a0040.TextGrid
YBAA,arctic_b0307,data/l2arctic_release_v5.0/YBAA/wav/arctic_b0307.wav,data/l2arctic_release_v5.0/YBAA/annotation/arctic_b0307.TextGrid
BWC,arctic_a0089,data/l2arctic_release_v5.0/BWC/wav/arctic_a0089.wav,data/l2arctic_release_v5.0/BWC/annotation/arctic_a0089.TextGrid
NCC,arctic_a0040,data/l2arctic_release_v5.0/NCC/wav/arctic_a0040.wav,data/l2arctic_release_v5.0/NCC/annotation/arctic_a0040.TextGrid
ABA,arctic_a0053,data/l2arctic_release_v5.0/ABA/wav/arctic_a0053.wav,data/l2arctic_release_v5.0/ABA/annotation/arctic_a0053.TextGrid
NJS,arctic_a0094,data/l2arctic_release_v5.0/NJS/wav/arctic_a0094.wav,data/l2arctic_release_v5.0/NJS/annotation/arctic_a0094.TextGrid
MBMPS,arctic_b0042,data/l2arctic_release_v5.0/MBMPS/wav/arctic_b0042.wav,data/l2arctic_release_v5.0/MBMPS/annotation/arctic_b0042.TextGrid
YDCK,arctic_b0197,data/l2arctic_release_v5.0/YDCK/wav/arctic_b0197.wav,data/l2arctic_release_v5.0/YDCK/annotation/arctic_b0197.TextGrid
HQTV,arctic_a0082,data/l2arctic_release_v5.0/HQTV/wav/arctic_a0082.wav,data/l2arctic_release_v5.0/HQTV/annotation/arctic_a0082.TextGrid
TNI,arctic_a0126,data/l2arctic_release_v5.0/TNI/wav/arctic_a0126.wav,data/l2arctic_release_v5.0/TNI/annotation/arctic_a0126.TextGrid
HQTV,arctic_a0036,data/l2arctic_release_v5.0/HQTV/wav/arctic_a0036.wav,data/l2arctic_release_v5.0/HQTV/annotation/arctic_a0036.TextGrid
BWC,arctic_a0075,data/l2arctic_release_v5.0/BWC/wav/arctic_a0075.wav,data/l2arctic_release_v5.0/BWC/annotation/arctic_a0075.TextGrid
HJK,arctic_a0144,data/l2arctic_release_v5.0/HJK/wav/arctic_a0144.wav,data/l2arctic_release_v5.0/HJK/annotation/arctic_a0144.TextGrid
YBAA,arctic_b0103,data/l2arctic_release_v5.0/YBAA/wav/arctic_b0103.wav,data/l2arctic_release_v5.0/YBAA/annotation/arctic_b0103.TextGrid
RRBI,arctic_b0047,data/l2arctic_release_v5.0/RRBI/wav/arctic_b0047.wav,data/l2arctic_release_v5.0/RRBI/annotation/arctic_b0047.TextGrid
YBAA,arctic_b0428,data/l2arctic_release_v5.0/YBAA/wav/arctic_b0428.wav,data/l2arctic_release_v5.0/YBAA/annotation/arctic_b0428.TextGrid
HJK,arctic_a0018,data/l2arctic_release_v5.0/HJK/wav/arctic_a0018.wav,data/l2arctic_release_v5.0/HJK/annotation/arctic_a0018.TextGrid
TXHC,arctic_a0052,data/l2arctic_release_v5.0/TXHC/wav/arctic_a0052.wav,data/l2arctic_release_v5.0/TXHC/annotation/arctic_a0052.TextGrid
SVBI,arctic_a0139,data/l2arctic_release_v5.0/SVBI/wav/arctic_a0139.wav,data/l2arctic_release_v5.0/SVBI/annotation/arctic_a0139.TextGrid
NJS,arctic_a0073,data/l2arctic_release_v5.0/NJS/wav/arctic_a0073.wav,data/l2arctic_release_v5.0/NJS/annotation/arctic_a0073.TextGrid
SKA,arctic_a0031,data/l2arctic_release_v5.0/SKA/wav/arctic_a0031.wav,data/l2arctic_release_v5.0/SKA/annotation/arctic_a0031.TextGrid
HKK,arctic_a0011,data/l2arctic_release_v5.0/HKK/wav/arctic_a0011.wav,data/l2arctic_release_v5.0/HKK/annotation/arctic_a0011.TextGrid
HKK,arctic_a0272,data/l2arctic_release_v5.0/HKK/wav/arctic_a0272.wav,data/l2arctic_release_v5.0/HKK/annotation/arctic_a0272.TextGrid
HKK,arctic_a0128,data/l2arctic_release_v5.0/HKK/wav/arctic_a0128.wav,data/l2arctic_release_v5.0/HKK/annotation/arctic_a0128.TextGrid
BWC,arctic_a0136,data/l2arctic_release_v5.0/BWC/wav/arctic_a0136.wav,data/l2arctic_release_v5.0/BWC/annotation/arctic_a0136.TextGrid
MBMPS,arctic_b0187,data/l2arctic_release_v5.0/MBMPS/wav/arctic_b0187.wav,data/l2arctic_release_v5.0/MBMPS/annotation/arctic_b0187.TextGrid
NJS,arctic_a0054,data/l2arctic_release_v5.0/NJS/wav/arctic_a0054.wav,data/l2arctic_release_v5.0/NJS/annotation/arctic_a0054.TextGrid
BWC,arctic_a0134,data/l2arctic_release_v5.0/BWC/wav/arctic_a0134.wav,data/l2arctic_release_v5.0/BWC/annotation/arctic_a0134.TextGrid
NCC,arctic_a0122,data/l2arctic_release_v5.0/NCC/wav/arctic_a0122.wav,data/l2arctic_release_v5.0/NCC/annotation/arctic_a0122.TextGrid
YDCK,arctic_a0345,data/l2arctic_release_v5.0/YDCK/wav/arctic_a0345.wav,data/l2arctic_release_v5.0/YDCK/annotation/arctic_a0345.TextGrid
HKK,arctic_b0047,data/l2arctic_release_v5.0/HKK/wav/arctic_b0047.wav,data/l2arctic_release_v5.0/HKK/annotation/arctic_b0047.TextGrid
YDCK,arctic_b0304,data/l2arctic_release_v5.0/YDCK/wav/arctic_b0304.wav,data/l2arctic_release_v5.0/YDCK/annotation/arctic_b0304.TextGrid
YBAA,arctic_b0438,data/l2arctic_release_v5.0/YBAA/wav/arctic_b0438.wav,data/l2arctic_release_v5.0/YBAA/annotation/arctic_b0438.TextGrid
HJK,arctic_a0178,data/l2arctic_release_v5.0/HJK/wav/arctic_a0178.wav,data/l2arctic_release_v5.0/HJK/annotation/arctic_a0178.TextGrid
YKWK,arctic_a0064,data/l2arctic_release_v5.0/YKWK/wav/arctic_a0064.wav,data/l2arctic_release_v5.0/YKWK/annotation/arctic_a0064.TextGrid
SKA,arctic_a0129,data/l2arctic_release_v5.0/SKA/wav/arctic_a0129.wav,data/l2arctic_release_v5.0/SKA/annotation/arctic_a0129.TextGrid
NCC,arctic_a0108,data/l2arctic_release_v5.0/NCC/wav/arctic_a0108.wav,data/l2arctic_release_v5.0/NCC/annotation/arctic_a0108.TextGrid
ABA,arctic_a0106,data/l2arctic_release_v5.0/ABA/wav/arctic_a0106.wav,data/l2arctic_release_v5.0/ABA/annotation/arctic_a0106.TextGrid
THV,arctic_a0108,data/l2arctic_release_v5.0/THV/wav/arctic_a0108.wav,data/l2arctic_release_v5.0/THV/annotation/arctic_a0108.TextGrid
ABA,arctic_a0117,data/l2arctic_release_v5.0/ABA/wav/arctic_a0117.wav,data/l2arctic_release_v5.0/ABA/annotation/arctic_a0117.TextGrid
BWC,arctic_a0094,data/l2arctic_release_v5.0/BWC/wav/arctic_a0094.wav,data/l2arctic_release_v5.0/BWC/annotation/arctic_a0094.TextGrid
HJK,arctic_a0042,data/l2arctic_release_v5.0/HJK/wav/arctic_a0042.wav,data/l2arctic_release_v5.0/HJK/annotation/arctic_a0042.TextGrid
EBVS,arctic_a0082,data/l2arctic_release_v5.0/EBVS/wav/arctic_a0082.wav,data/l2arctic_release_v5.0/EBVS/annotation/arctic_a0082.TextGrid
LXC,arctic_b0479,data/l2arctic_release_v5.0/LXC/wav/arctic_b0479.wav,data/l2arctic_release_v5.0/LXC/annotation/arctic_b0479.TextGrid
SVBI,arctic_a0127,data/l2arctic_release_v5.0/SVBI/wav/arctic_a0127.wav,data/l2arctic_release_v5.0/SVBI/annotation/arctic_a0127.TextGrid
YDCK,arctic_a0079,data/l2arctic_release_v5.0/YDCK/wav/arctic_a0079.wav,data/l2arctic_release_v5.0/YDCK/annotation/arctic_a0079.TextGrid
YKWK,arctic_a0364,data/l2arctic_release_v5.0/YKWK/wav/arctic_a0364.wav,data/l2arctic_release_v5.0/YKWK/annotation/arctic_a0364.TextGrid
HKK,arctic_a0065,data/l2arctic_release_v5.0/HKK/wav/arctic_a0065.wav,data/l2arctic_release_v5.0/HKK/annotation/arctic_a0065.TextGrid
TNI,arctic_a0102,data/l2arctic_release_v5.0/TNI/wav/arctic_a0102.wav,data/l2arctic_release_v5.0/TNI/annotation/arctic_a0102.TextGrid
SVBI,arctic_b0073,data/l2arctic_release_v5.0/SVBI/wav/arctic_b0073.wav,data/l2arctic_release_v5.0/SVBI/annotation/arctic_b0073.TextGrid
TXHC,arctic_a0030,data/l2arctic_release_v5.0/TXHC/wav/arctic_a0030.wav,data/l2arctic_release_v5.0/TXHC/annotation/arctic_a0030.TextGrid
ZHAA,arctic_a0120,data/l2arctic_release_v5.0/ZHAA/wav/arctic_a0120.wav,data/l2arctic_release_v5.0/ZHAA/annotation/arctic_a0120.TextGrid
THV,arctic_a0051,data/l2arctic_release_v5.0/THV/wav/arctic_a0051.wav,data/l2arctic_release_v5.0/THV/annotation/arctic_a0051.TextGrid
ABA,arctic_a0027,data/l2arctic_release_v5.0/ABA/wav/arctic_a0027.wav,data/l2arctic_release_v5.0/ABA/annotation/arctic_a0027.TextGrid
PNV,arctic_b0534,data/l2arctic_release_v5.0/PNV/wav/arctic_b0534.wav,data/l2arctic_release_v5.0/PNV/annotation/arctic_b0534.TextGrid
SKA,arctic_a0529,data/l2arctic_release_v5.0/SKA/wav/arctic_a0529.wav,data/l2arctic_release_v5.0/SKA/annotation/arctic_a0529.TextGrid
YDCK,arctic_a0111,data/l2arctic_release_v5.0/YDCK/wav/arctic_a0111.wav,data/l2arctic_release_v5.0/YDCK/annotation/arctic_a0111.TextGrid
NCC,arctic_b0476,data/l2arctic_release_v5.0/NCC/wav/arctic_b0476.wav,data/l2arctic_release_v5.0/NCC/annotation/arctic_b0476.TextGrid
PNV,arctic_b0415,data/l2arctic_release_v5.0/PNV/wav/arctic_b0415.wav,data/l2arctic_release_v5.0/PNV/annotation/arctic_b0415.TextGrid
MBMPS,arctic_a0102,data/l2arctic_release_v5.0/MBMPS/wav/arctic_a0102.wav,data/l2arctic_release_v5.0/MBMPS/annotation/arctic_a0102.TextGrid
MBMPS,arctic_a0023,data/l2arctic_release_v5.0/MBMPS/wav/arctic_a0023.wav,data/l2arctic_release_v5.0/MBMPS/annotation/arctic_a0023.TextGrid
YBAA,arctic_a0026,data/l2arctic_release_v5.0/YBAA/wav/arctic_a0026.wav,data/l2arctic_release_v5.0/YBAA/annotation/arctic_a0026.TextGrid
BWC,arctic_b0358,data/l2arctic_release_v5.0/BWC/wav/arctic_b0358.wav,data/l2arctic_release_v5.0/BWC/annotation/arctic_b0358.TextGrid
ASI,arctic_b0371,data/l2arctic_release_v5.0/ASI/wav/arctic_b0371.wav,data/l2arctic_release_v5.0/ASI/annotation/arctic_b0371.TextGrid
LXC,arctic_b0400,data/l2arctic_release_v5.0/LXC/wav/arctic_b0400.wav,data/l2arctic_release_v5.0/LXC/annotation/arctic_b0400.TextGrid
LXC,arctic_a0063,data/l2arctic_release_v5.0/LXC/wav/arctic_a0063.wav,data/l2arctic_release_v5.0/LXC/annotation/arctic_a0063.TextGrid
YDCK,arctic_a0112,data/l2arctic_release_v5.0/YDCK/wav/arctic_a0112.wav,data/l2arctic_release_v5.0/YDCK/annotation/arctic_a0112.TextGrid
NCC,arctic_a0103,data/l2arctic_release_v5.0/NCC/wav/arctic_a0103.wav,data/l2arctic_release_v5.0/NCC/annotation/arctic_a0103.TextGrid
TNI,arctic_a0365,data/l2arctic_release_v5.0/TNI/wav/arctic_a0365.wav,data/l2arctic_release_v5.0/TNI/annotation/arctic_a0365.TextGrid
HQTV,arctic_b0358,data/l2arctic_release_v5.0/HQTV/wav/arctic_b0358.wav,data/l2arctic_release_v5.0/HQTV/annotation/arctic_b0358.TextGrid
ERMS,arctic_a0053,data/l2arctic_release_v5.0/ERMS/wav/arctic_a0053.wav,data/l2arctic_release_v5.0/ERMS/annotation/arctic_a0053.TextGrid
RRBI,arctic_b0433,data/l2arctic_release_v5.0/RRBI/wav/arctic_b0433.wav,data/l2arctic_release_v5.0/RRBI/annotation/arctic_b0433.TextGrid
ASI,arctic_b0396,data/l2arctic_release_v5.0/ASI/wav/arctic_b0396.wav,data/l2arctic_release_v5.0/ASI/annotation/arctic_b0396.TextGrid
BWC,arctic_b0393,data/l2arctic_release_v5.0/BWC/wav/arctic_b0393.wav,data/l2arctic_release_v5.0/BWC/annotation/arctic_b0393.TextGrid
YDCK,arctic_a0117,data/l2arctic_release_v5.0/YDCK/wav/arctic_a0117.wav,data/l2arctic_release_v5.0/YDCK/annotation/arctic_a0117.TextGrid
PNV,arctic_a0126,data/l2arctic_release_v5.0/PNV/wav/arctic_a0126.wav,data/l2arctic_release_v5.0/PNV/annotation/arctic_a0126.TextGrid
HQTV,arctic_b0106,data/l2arctic_release_v5.0/HQTV/wav/arctic_b0106.wav,data/l2arctic_release_v5.0/HQTV/annotation/arctic_b0106.TextGrid
LXC,arctic_a0025,data/l2arctic_release_v5.0/LXC/wav/arctic_a0025.wav,data/l2arctic_release_v5.0/LXC/annotation/arctic_a0025.TextGrid
ABA,arctic_a0037,data/l2arctic_release_v5.0/ABA/wav/arctic_a0037.wav,data/l2arctic_release_v5.0/ABA/annotation/arctic_a0037.TextGrid
YKWK,arctic_a0086,data/l2arctic_release_v5.0/YKWK/wav/arctic_a0086.wav,data/l2arctic_release_v5.0/YKWK/annotation/arctic_a0086.TextGrid
HKK,arctic_a0078,data/l2arctic_release_v5.0/HKK/wav/arctic_a0078.wav,data/l2arctic_release_v5.0/HKK/annotation/arctic_a0078.TextGrid
NJS,arctic_a0127,data/l2arctic_release_v5.0/NJS/wav/arctic_a0127.wav,data/l2arctic_release_v5.0/NJS/annotation/arctic_a0127.TextGrid
EBVS,arctic_a0111,data/l2arctic_release_v5.0/EBVS/wav/arctic_a0111.wav,data/l2arctic_release_v5.0/EBVS/annotation/arctic_a0111.TextGrid
THV,arctic_a0003,data/l2arctic_release_v5.0/THV/wav/arctic_a0003.wav,data/l2arctic_release_v5.0/THV/annotation/arctic_a0003.TextGrid
LXC,arctic_b0531,data/l2arctic_release_v5.0/LXC/wav/arctic_b0531.wav,data/l2arctic_release_v5.0/LXC/annotation/arctic_b0531.TextGrid
PNV,arctic_a0081,data/l2arctic_release_v5.0/PNV/wav/arctic_a0081.wav,data/l2arctic_release_v5.0/PNV/annotation/arctic_a0081.TextGrid
EBVS,arctic_a0116,data/l2arctic_release_v5.0/EBVS/wav/arctic_a0116.wav,data/l2arctic_release_v5.0/EBVS/annotation/arctic_a0116.TextGrid
ASI,arctic_a0121,data/l2arctic_release_v5.0/ASI/wav/arctic_a0121.wav,data/l2arctic_release_v5.0/ASI/annotation/arctic_a0121.TextGrid
HQTV,arctic_a0123,data/l2arctic_release_v5.0/HQTV/wav/arctic_a0123.wav,data/l2arctic_release_v5.0/HQTV/annotation/arctic_a0123.TextGrid
YDCK,arctic_a0026,data/l2arctic_release_v5.0/YDCK/wav/arctic_a0026.wav,data/l2arctic_release_v5.0/YDCK/annotation/arctic_a0026.TextGrid
LXC,arctic_a0127,data/l2arctic_release_v5.0/LXC/wav/arctic_a0127.wav,data/l2arctic_release_v5.0/LXC/annotation/arctic_a0127.TextGrid
YKWK,arctic_a0054,data/l2arctic_release_v5.0/YKWK/wav/arctic_a0054.wav,data/l2arctic_release_v5.0/YKWK/annotation/arctic_a0054.TextGrid
RRBI,arctic_b0411,data/l2arctic_release_v5.0/RRBI/wav/arctic_b0411.wav,data/l2arctic_release_v5.0/RRBI/annotation/arctic_b0411.TextGrid
THV,arctic_b0201,data/l2arctic_release_v5.0/THV/wav/arctic_b0201.wav,data/l2arctic_release_v5.0/THV/annotation/arctic_b0201.TextGrid
YKWK,arctic_a0105,data/l2arctic_release_v5.0/YKWK/wav/arctic_a0105.wav,data/l2arctic_release_v5.0/YKWK/annotation/arctic_a0105.TextGrid
LXC,arctic_a0032,data/l2arctic_release_v5.0/LXC/wav/arctic_a0032.wav,data/l2arctic_release_v5.0/LXC/annotation/arctic_a0032.TextGrid
HQTV,arctic_a0076,data/l2arctic_release_v5.0/HQTV/wav/arctic_a0076.wav,data/l2arctic_release_v5.0/HQTV/annotation/arctic_a0076.TextGrid
HJK,arctic_b0266,data/l2arctic_release_v5.0/HJK/wav/arctic_b0266.wav,data/l2arctic_release_v5.0/HJK/annotation/arctic_b0266.TextGrid
HKK,arctic_a0003,data/l2arctic_release_v5.0/HKK/wav/arctic_a0003.wav,data/l2arctic_release_v5.0/HKK/annotation/arctic_a0003.TextGrid
NCC,arctic_a0113,data/l2arctic_release_v5.0/NCC/wav/arctic_a0113.wav,data/l2arctic_release_v5.0/NCC/annotation/arctic_a0113.TextGrid
PNV,arctic_a0093,data/l2arctic_release_v5.0/PNV/wav/arctic_a0093.wav,data/l2arctic_release_v5.0/PNV/annotation/arctic_a0093.TextGrid
YDCK,arctic_a0063,data/l2arctic_release_v5.0/YDCK/wav/arctic_a0063.wav,data/l2arctic_release_v5.0/YDCK/annotation/arctic_a0063.TextGrid
HQTV,arctic_a0006,data/l2arctic_release_v5.0/HQTV/wav/arctic_a0006.wav,data/l2arctic_release_v5.0/HQTV/annotation/arctic_a0006.TextGrid
LXC,arctic_a0064,data/l2arctic_release_v5.0/LXC/wav/arctic_a0064.wav,data/l2arctic_release_v5.0/LXC/annotation/arctic_a0064.TextGrid
NJS,arctic_a0062,data/l2arctic_release_v5.0/NJS/wav/arctic_a0062.wav,data/l2arctic_release_v5.0/NJS/annotation/arctic_a0062.TextGrid
ERMS,arctic_a0102,data/l2arctic_release_v5.0/ERMS/wav/arctic_a0102.wav,data/l2arctic_release_v5.0/ERMS/annotation/arctic_a0102.TextGrid
SVBI,arctic_a0136,data/l2arctic_release_v5.0/SVBI/wav/arctic_a0136.wav,data/l2arctic_release_v5.0/SVBI/annotation/arctic_a0136.TextGrid
MBMPS,arctic_a0082,data/l2arctic_release_v5.0/MBMPS/wav/arctic_a0082.wav,data/l2arctic_release_v5.0/MBMPS/annotation/arctic_a0082.TextGrid
RRBI,arctic_a0052,data/l2arctic_release_v5.0/RRBI/wav/arctic_a0052.wav,data/l2arctic_release_v5.0/RRBI/annotation/arctic_a0052.TextGrid
HKK,arctic_a0036,data/l2arctic_release_v5.0/HKK/wav/arctic_a0036.wav,data/l2arctic_release_v5.0/HKK/annotation/arctic_a0036.TextGrid
ASI,arctic_b0017,data/l2arctic_release_v5.0/ASI/wav/arctic_b0017.wav,data/l2arctic_release_v5.0/ASI/annotation/arctic_b0017.TextGrid
ASI,arctic_a0047,data/l2arctic_release_v5.0/ASI/wav/arctic_a0047.wav,data/l2arctic_release_v5.0/ASI/annotation/arctic_a0047.TextGrid
YBAA,arctic_a0081,data/l2arctic_release_v5.0/YBAA/wav/arctic_a0081.wav,data/l2arctic_release_v5.0/YBAA/annotation/arctic_a0081.TextGrid
ABA,arctic_a0300,data/l2arctic_release_v5.0/ABA/wav/arctic_a0300.wav,data/l2arctic_release_v5.0/ABA/annotation/arctic_a0300.TextGrid
PNV,arctic_a0128,data/l2arctic_release_v5.0/PNV/wav/arctic_a0128.wav,data/l2arctic_release_v5.0/PNV/annotation/arctic_a0128.TextGrid
RRBI,arctic_a0092,data/l2arctic_release_v5.0/RRBI/wav/arctic_a0092.wav,data/l2arctic_release_v5.0/RRBI/annotation/arctic_a0092.TextGrid
PNV,arctic_a0003,data/l2arctic_release_v5.0/PNV/wav/arctic_a0003.wav,data/l2arctic_release_v5.0/PNV/annotation/arctic_a0003.TextGrid
TLV,arctic_a0121,data/l2arctic_release_v5.0/TLV/wav/arctic_a0121.wav,data/l2arctic_release_v5.0/TLV/annotation/arctic_a0121.TextGrid
HKK,arctic_a0148,data/l2arctic_release_v5.0/HKK/wav/arctic_a0148.wav,data/l2arctic_release_v5.0/HKK/annotation/arctic_a0148.TextGrid
YDCK,arctic_a0067,data/l2arctic_release_v5.0/YDCK/wav/arctic_a0067.wav,data/l2arctic_release_v5.0/YDCK/annotation/arctic_a0067.TextGrid
TNI,arctic_a0129,data/l2arctic_release_v5.0/TNI/wav/arctic_a0129.wav,data/l2arctic_release_v5.0/TNI/annotation/arctic_a0129.TextGrid
MBMPS,arctic_a0064,data/l2arctic_release_v5.0/MBMPS/wav/arctic_a0064.wav,data/l2arctic_release_v5.0/MBMPS/annotation/arctic_a0064.TextGrid
SKA,arctic_b0534,data/l2arctic_release_v5.0/SKA/wav/arctic_b0534.wav,data/l2arctic_release_v5.0/SKA/annotation/arctic_b0534.TextGrid
ZHAA,arctic_a0047,data/l2arctic_release_v5.0/ZHAA/wav/arctic_a0047.wav,data/l2arctic_release_v5.0/ZHAA/annotation/arctic_a0047.TextGrid
SKA,arctic_a0501,data/l2arctic_release_v5.0/SKA/wav/arctic_a0501.wav,data/l2arctic_release_v5.0/SKA/annotation/arctic_a0501.TextGrid
THV,arctic_a0098,data/l2arctic_release_v5.0/THV/wav/arctic_a0098.wav,data/l2arctic_release_v5.0/THV/annotation/arctic_a0098.TextGrid
ASI,arctic_a0059,data/l2arctic_release_v5.0/ASI/wav/arctic_a0059.wav,data/l2arctic_release_v5.0/ASI/annotation/arctic_a0059.TextGrid
TXHC,arctic_a0081,data/l2arctic_release_v5.0/TXHC/wav/arctic_a0081.wav,data/l2arctic_release_v5.0/TXHC/annotation/arctic_a0081.TextGrid
PNV,arctic_a0037,data/l2arctic_release_v5.0/PNV/wav/arctic_a0037.wav,data/l2arctic_release_v5.0/PNV/annotation/arctic_a0037.TextGrid
YBAA,arctic_a0129,data/l2arctic_release_v5.0/YBAA/wav/arctic_a0129.wav,data/l2arctic_release_v5.0/YBAA/annotation/arctic_a0129.TextGrid
ERMS,arctic_a0139,data/l2arctic_release_v5.0/ERMS/wav/arctic_a0139.wav,data/l2arctic_release_v5.0/ERMS/annotation/arctic_a0139.TextGrid
RRBI,arctic_a0037,data/l2arctic_release_v5.0/RRBI/wav/arctic_a0037.wav,data/l2arctic_release_v5.0/RRBI/annotation/arctic_a0037.TextGrid
EBVS,arctic_a0112,data/l2arctic_release_v5.0/EBVS/wav/arctic_a0112.wav,data/l2arctic_release_v5.0/EBVS/annotation/arctic_a0112.TextGrid
NCC,arctic_a0021,data/l2arctic_release_v5.0/NCC/wav/arctic_a0021.wav,data/l2arctic_release_v5.0/NCC/annotation/arctic_a0021.TextGrid
THV,arctic_a0076,data/l2arctic_release_v5.0/THV/wav/arctic_a0076.wav,data/l2arctic_release_v5.0/THV/annotation/arctic_a0076.TextGrid
NJS,arctic_a0120,data/l2arctic_release_v5.0/NJS/wav/arctic_a0120.wav,data/l2arctic_release_v5.0/NJS/annotation/arctic_a0120.TextGrid
ABA,arctic_a0128,data/l2arctic_release_v5.0/ABA/wav/arctic_a0128.wav,data/l2arctic_release_v5.0/ABA/annotation/arctic_a0128.TextGrid
NJS,arctic_a0018,data/l2arctic_release_v5.0/NJS/wav/arctic_a0018.wav,data/l2arctic_release_v5.0/NJS/annotation/arctic_a0018.TextGrid
ABA,arctic_a0005,data/l2arctic_release_v5.0/ABA/wav/arctic_a0005.wav,data/l2arctic_release_v5.0/ABA/annotation/arctic_a0005.TextGrid
HKK,arctic_b0530,data/l2arctic_release_v5.0/HKK/wav/arctic_b0530.wav,data/l2arctic_release_v5.0/HKK/annotation/arctic_b0530.TextGrid
ZHAA,arctic_a0097,data/l2arctic_release_v5.0/ZHAA/wav/arctic_a0097.wav,data/l2arctic_release_v5.0/ZHAA/annotation/arctic_a0097.TextGrid
NJS,arctic_a0091,data/l2arctic_release_v5.0/NJS/wav/arctic_a0091.wav,data/l2arctic_release_v5.0/NJS/annotation/arctic_a0091.TextGrid
SKA,arctic_a0003,data/l2arctic_release_v5.0/SKA/wav/arctic_a0003.wav,data/l2arctic_release_v5.0/SKA/annotation/arctic_a0003.TextGrid
RRBI,arctic_a0131,data/l2arctic_release_v5.0/RRBI/wav/arctic_a0131.wav,data/l2arctic_release_v5.0/RRBI/annotation/arctic_a0131.TextGrid
TNI,arctic_a0109,data/l2arctic_release_v5.0/TNI/wav/arctic_a0109.wav,data/l2arctic_release_v5.0/TNI/annotation/arctic_a0109.TextGrid
YDCK,arctic_a0019,data/l2arctic_release_v5.0/YDCK/wav/arctic_a0019.wav,data/l2arctic_release_v5.0/YDCK/annotation/arctic_a0019.TextGrid
PNV,arctic_b0386,data/l2arctic_release_v5.0/PNV/wav/arctic_b0386.wav,data/l2arctic_release_v5.0/PNV/annotation/arctic_b0386.TextGrid
MBMPS,arctic_a0006,data/l2arctic_release_v5.0/MBMPS/wav/arctic_a0006.wav,data/l2arctic_release_v5.0/MBMPS/annotation/arctic_a0006.TextGrid
ABA,arctic_a0115,data/l2arctic_release_v5.0/ABA/wav/arctic_a0115.wav,data/l2arctic_release_v5.0/ABA/annotation/arctic_a0115.TextGrid
ABA,arctic_a0112,data/l2arctic_release_v5.0/ABA/wav/arctic_a0112.wav,data/l2arctic_release_v5.0/ABA/annotation/arctic_a0112.TextGrid
YKWK,arctic_a0113,data/l2arctic_release_v5.0/YKWK/wav/arctic_a0113.wav,data/l2arctic_release_v5.0/YKWK/annotation/arctic_a0113.TextGrid
HJK,arctic_a0011,data/l2arctic_release_v5.0/HJK/wav/arctic_a0011.wav,data/l2arctic_release_v5.0/HJK/annotation/arctic_a0011.TextGrid
PNV,arctic_a0063,data/l2arctic_release_v5.0/PNV/wav/arctic_a0063.wav,data/l2arctic_release_v5.0/PNV/annotation/arctic_a0063.TextGrid
THV,arctic_a0115,data/l2arctic_release_v5.0/THV/wav/arctic_a0115.wav,data/l2arctic_release_v5.0/THV/annotation/arctic_a0115.TextGrid
SVBI,arctic_a0025,data/l2arctic_release_v5.0/SVBI/wav/arctic_a0025.wav,data/l2arctic_release_v5.0/SVBI/annotation/arctic_a0025.TextGrid
ABA,arctic_a0058,data/l2arctic_release_v5.0/ABA/wav/arctic_a0058.wav,data/l2arctic_release_v5.0/ABA/annotation/arctic_a0058.TextGrid
YDCK,arctic_a0115,data/l2arctic_release_v5.0/YDCK/wav/arctic_a0115.wav,data/l2arctic_release_v5.0/YDCK/annotation/arctic_a0115.TextGrid
MBMPS,arctic_a0416,data/l2arctic_release_v5.0/MBMPS/wav/arctic_a0416.wav,data/l2arctic_release_v5.0/MBMPS/annotation/arctic_a0416.TextGrid
TNI,arctic_a0032,data/l2arctic_release_v5.0/TNI/wav/arctic_a0032.wav,data/l2arctic_release_v5.0/TNI/annotation/arctic_a0032.TextGrid
HQTV,arctic_b0422,data/l2arctic_release_v5.0/HQTV/wav/arctic_b0422.wav,data/l2arctic_release_v5.0/HQTV/annotation/arctic_b0422.TextGrid
TLV,arctic_a0459,data/l2arctic_release_v5.0/TLV/wav/arctic_a0459.wav,data/l2arctic_release_v5.0/TLV/annotation/arctic_a0459.TextGrid
HQTV,arctic_b0048,data/l2arctic_release_v5.0/HQTV/wav/arctic_b0048.wav,data/l2arctic_release_v5.0/HQTV/annotation/arctic_b0048.TextGrid
YDCK,arctic_b0201,data/l2arctic_release_v5.0/YDCK/wav/arctic_b0201.wav,data/l2arctic_release_v5.0/YDCK/annotation/arctic_b0201.TextGrid
ABA,arctic_a0379,data/l2arctic_release_v5.0/ABA/wav/arctic_a0379.wav,data/l2arctic_release_v5.0/ABA/annotation/arctic_a0379.TextGrid
BWC,arctic_a0051,data/l2arctic_release_v5.0/BWC/wav/arctic_a0051.wav,data/l2arctic_release_v5.0/BWC/annotation/arctic_a0051.TextGrid
SVBI,arctic_b0047,data/l2arctic_release_v5.0/SVBI/wav/arctic_b0047.wav,data/l2arctic_release_v5.0/SVBI/annotation/arctic_b0047.TextGrid
ASI,arctic_a0159,data/l2arctic_release_v5.0/ASI/wav/arctic_a0159.wav,data/l2arctic_release_v5.0/ASI/annotation/arctic_a0159.TextGrid
YDCK,arctic_a0209,data/l2arctic_release_v5.0/YDCK/wav/arctic_a0209.wav,data/l2arctic_release_v5.0/YDCK/annotation/arctic_a0209.TextGrid
ERMS,arctic_a0178,data/l2arctic_release_v5.0/ERMS/wav/arctic_a0178.wav,data/l2arctic_release_v5.0/ERMS/annotation/arctic_a0178.TextGrid
TXHC,arctic_b0483,data/l2arctic_release_v5.0/TXHC/wav/arctic_b0483.wav,data/l2arctic_release_v5.0/TXHC/annotation/arctic_b0483.TextGrid
TXHC,arctic_a0549,data/l2arctic_release_v5.0/TXHC/wav/arctic_a0549.wav,data/l2arctic_release_v5.0/TXHC/annotation/arctic_a0549.TextGrid
HKK,arctic_a0064,data/l2arctic_release_v5.0/HKK/wav/arctic_a0064.wav,data/l2arctic_release_v5.0/HKK/annotation/arctic_a0064.TextGrid
ERMS,arctic_a0122,data/l2arctic_release_v5.0/ERMS/wav/arctic_a0122.wav,data/l2arctic_release_v5.0/ERMS/annotation/arctic_a0122.TextGrid
HQTV,arctic_b0425,data/l2arctic_release_v5.0/HQTV/wav/arctic_b0425.wav,data/l2arctic_release_v5.0/HQTV/annotation/arctic_b0425.TextGrid
ZHAA,arctic_a0081,data/l2arctic_release_v5.0/ZHAA/wav/arctic_a0081.wav,data/l2arctic_release_v5.0/ZHAA/annotation/arctic_a0081.TextGrid
HKK,arctic_a0091,data/l2arctic_release_v5.0/HKK/wav/arctic_a0091.wav,data/l2arctic_release_v5.0/HKK/annotation/arctic_a0091.TextGrid
NJS,arctic_a0071,data/l2arctic_release_v5.0/NJS/wav/arctic_a0071.wav,data/l2arctic_release_v5.0/NJS/annotation/arctic_a0071.TextGrid
TXHC,arctic_a0082,data/l2arctic_release_v5.0/TXHC/wav/arctic_a0082.wav,data/l2arctic_release_v5.0/TXHC/annotation/arctic_a0082.TextGrid
RRBI,arctic_a0091,data/l2arctic_release_v5.0/RRBI/wav/arctic_a0091.wav,data/l2arctic_release_v5.0/RRBI/annotation/arctic_a0091.TextGrid
TXHC,arctic_a0010,data/l2arctic_release_v5.0/TXHC/wav/arctic_a0010.wav,data/l2arctic_release_v5.0/TXHC/annotation/arctic_a0010.TextGrid
ERMS,arctic_a0023,data/l2arctic_release_v5.0/ERMS/wav/arctic_a0023.wav,data/l2arctic_release_v5.0/ERMS/annotation/arctic_a0023.TextGrid
EBVS,arctic_a0117,data/l2arctic_release_v5.0/EBVS/wav/arctic_a0117.wav,data/l2arctic_release_v5.0/EBVS/annotation/arctic_a0117.TextGrid
MBMPS,arctic_a0019,data/l2arctic_release_v5.0/MBMPS/wav/arctic_a0019.wav,data/l2arctic_release_v5.0/MBMPS/annotation/arctic_a0019.TextGrid
MBMPS,arctic_a0029,data/l2arctic_release_v5.0/MBMPS/wav/arctic_a0029.wav,data/l2arctic_release_v5.0/MBMPS/annotation/arctic_a0029.TextGrid
YDCK,arctic_a0092,data/l2arctic_release_v5.0/YDCK/wav/arctic_a0092.wav,data/l2arctic_release_v5.0/YDCK/annotation/arctic_a0092.TextGrid
YBAA,arctic_b0534,data/l2arctic_release_v5.0/YBAA/wav/arctic_b0534.wav,data/l2arctic_release_v5.0/YBAA/annotation/arctic_b0534.TextGrid
THV,arctic_b0342,data/l2arctic_release_v5.0/THV/wav/arctic_b0342.wav,data/l2arctic_release_v5.0/THV/annotation/arctic_b0342.TextGrid
NJS,arctic_a0031,data/l2arctic_release_v5.0/NJS/wav/arctic_a0031.wav,data/l2arctic_release_v5.0/NJS/annotation/arctic_a0031.TextGrid
HKK,arctic_a0108,data/l2arctic_release_v5.0/HKK/wav/arctic_a0108.wav,data/l2arctic_release_v5.0/HKK/annotation/arctic_a0108.TextGrid
YKWK,arctic_a0117,data/l2arctic_release_v5.0/YKWK/wav/arctic_a0117.wav,data/l2arctic_release_v5.0/YKWK/annotation/arctic_a0117.TextGrid
RRBI,arctic_a0129,data/l2arctic_release_v5.0/RRBI/wav/arctic_a0129.wav,data/l2arctic_release_v5.0/RRBI/annotation/arctic_a0129.TextGrid
NCC,arctic_a0100,data/l2arctic_release_v5.0/NCC/wav/arctic_a0100.wav,data/l2arctic_release_v5.0/NCC/annotation/arctic_a0100.TextGrid
NJS,arctic_b0042,data/l2arctic_release_v5.0/NJS/wav/arctic_b0042.wav,data/l2arctic_release_v5.0/NJS/annotation/arctic_b0042.TextGrid
EBVS,arctic_a0097,data/l2arctic_release_v5.0/EBVS/wav/arctic_a0097.wav,data/l2arctic_release_v5.0/EBVS/annotation/arctic_a0097.TextGrid
BWC,arctic_a0078,data/l2arctic_release_v5.0/BWC/wav/arctic_a0078.wav,data/l2arctic_release_v5.0/BWC/annotation/arctic_a0078.TextGrid
SVBI,arctic_b0136,data/l2arctic_release_v5.0/SVBI/wav/arctic_b0136.wav,data/l2arctic_release_v5.0/SVBI/annotation/arctic_b0136.TextGrid
HQTV,arctic_a0048,data/l2arctic_release_v5.0/HQTV/wav/arctic_a0048.wav,data/l2arctic_release_v5.0/HQTV/annotation/arctic_a0048.TextGrid
HJK,arctic_a0064,data/l2arctic_release_v5.0/HJK/wav/arctic_a0064.wav,data/l2arctic_release_v5.0/HJK/annotation/arctic_a0064.TextGrid
YBAA,arctic_a0098,data/l2arctic_release_v5.0/YBAA/wav/arctic_a0098.wav,data/l2arctic_release_v5.0/YBAA/annotation/arctic_a0098.TextGrid
ZHAA,arctic_b0433,data/l2arctic_release_v5.0/ZHAA/wav/arctic_b0433.wav,data/l2arctic_release_v5.0/ZHAA/annotation/arctic_b0433.TextGrid
YKWK,arctic_a0121,data/l2arctic_release_v5.0/YKWK/wav/arctic_a0121.wav,data/l2arctic_release_v5.0/YKWK/annotation/arctic_a0121.TextGrid
YKWK,arctic_a0042,data/l2arctic_release_v5.0/YKWK/wav/arctic_a0042.wav,data/l2arctic_release_v5.0/YKWK/annotation/arctic_a0042.TextGrid
NCC,arctic_b0366,data/l2arctic_release_v5.0/NCC/wav/arctic_b0366.wav,data/l2arctic_release_v5.0/NCC/annotation/arctic_b0366.TextGrid
EBVS,arctic_a0303,data/l2arctic_release_v5.0/EBVS/wav/arctic_a0303.wav,data/l2arctic_release_v5.0/EBVS/annotation/arctic_a0303.TextGrid
TLV,arctic_b0481,data/l2arctic_release_v5.0/TLV/wav/arctic_b0481.wav,data/l2arctic_release_v5.0/TLV/annotation/arctic_b0481.TextGrid
ZHAA,arctic_a0010,data/l2arctic_release_v5.0/ZHAA/wav/arctic_a0010.wav,data/l2arctic_release_v5.0/ZHAA/annotation/arctic_a0010.TextGrid
ASI,arctic_a0117,data/l2arctic_release_v5.0/ASI/wav/arctic_a0117.wav,data/l2arctic_release_v5.0/ASI/annotation/arctic_a0117.TextGrid
HQTV,arctic_a0031,data/l2arctic_release_v5.0/HQTV/wav/arctic_a0031.wav,data/l2arctic_release_v5.0/HQTV/annotation/arctic_a0031.TextGrid
TLV,arctic_a0047,data/l2arctic_release_v5.0/TLV/wav/arctic_a0047.wav,data/l2arctic_release_v5.0/TLV/annotation/arctic_a0047.TextGrid
SKA,arctic_a0136,data/l2arctic_release_v5.0/SKA/wav/arctic_a0136.wav,data/l2arctic_release_v5.0/SKA/annotation/arctic_a0136.TextGrid
THV,arctic_a0099,data/l2arctic_release_v5.0/THV/wav/arctic_a0099.wav,data/l2arctic_release_v5.0/THV/annotation/arctic_a0099.TextGrid
ABA,arctic_a0500,data/l2arctic_release_v5.0/ABA/wav/arctic_a0500.wav,data/l2arctic_release_v5.0/ABA/annotation/arctic_a0500.TextGrid
ZHAA,arctic_a0007,data/l2arctic_release_v5.0/ZHAA/wav/arctic_a0007.wav,data/l2arctic_release_v5.0/ZHAA/annotation/arctic_a0007.TextGrid
NCC,arctic_a0095,data/l2arctic_release_v5.0/NCC/wav/arctic_a0095.wav,data/l2arctic_release_v5.0/NCC/annotation/arctic_a0095.TextGrid
ASI,arctic_a0424,data/l2arctic_release_v5.0/ASI/wav/arctic_a0424.wav,data/l2arctic_release_v5.0/ASI/annotation/arctic_a0424.TextGrid
TNI,arctic_a0091,data/l2arctic_release_v5.0/TNI/wav/arctic_a0091.wav,data/l2arctic_release_v5.0/TNI/annotation/arctic_a0091.TextGrid
YKWK,arctic_a0125,data/l2arctic_release_v5.0/YKWK/wav/arctic_a0125.wav,data/l2arctic_release_v5.0/YKWK/annotation/arctic_a0125.TextGrid
NCC,arctic_b0531,data/l2arctic_release_v5.0/NCC/wav/arctic_b0531.wav,data/l2arctic_release_v5.0/NCC/annotation/arctic_b0531.TextGrid
YDCK,arctic_a0024,data/l2arctic_release_v5.0/YDCK/wav/arctic_a0024.wav,data/l2arctic_release_v5.0/YDCK/annotation/arctic_a0024.TextGrid
TLV,arctic_a0108,data/l2arctic_release_v5.0/TLV/wav/arctic_a0108.wav,data/l2arctic_release_v5.0/TLV/annotation/arctic_a0108.TextGrid
LXC,arctic_b0456,data/l2arctic_release_v5.0/LXC/wav/arctic_b0456.wav,data/l2arctic_release_v5.0/LXC/annotation/arctic_b0456.TextGrid
ERMS,arctic_b0304,data/l2arctic_release_v5.0/ERMS/wav/arctic_b0304.wav,data/l2arctic_release_v5.0/ERMS/annotation/arctic_b0304.TextGrid
HKK,arctic_a0303,data/l2arctic_release_v5.0/HKK/wav/arctic_a0303.wav,data/l2arctic_release_v5.0/HKK/annotation/arctic_a0303.TextGrid
THV,arctic_a0018,data/l2arctic_release_v5.0/THV/wav/arctic_a0018.wav,data/l2arctic_release_v5.0/THV/annotation/arctic_a0018.TextGrid
TLV,arctic_a0129,data/l2arctic_release_v5.0/TLV/wav/arctic_a0129.wav,data/l2arctic_release_v5.0/TLV/annotation/arctic_a0129.TextGrid
EBVS,arctic_a0046,data/l2arctic_release_v5.0/EBVS/wav/arctic_a0046.wav,data/l2arctic_release_v5.0/EBVS/annotation/arctic_a0046.TextGrid
HJK,arctic_a0076,data/l2arctic_release_v5.0/HJK/wav/arctic_a0076.wav,data/l2arctic_release_v5.0/HJK/annotation/arctic_a0076.TextGrid
SVBI,arctic_a0071,data/l2arctic_release_v5.0/SVBI/wav/arctic_a0071.wav,data/l2arctic_release_v5.0/SVBI/annotation/arctic_a0071.TextGrid
HJK,arctic_a0047,data/l2arctic_release_v5.0/HJK/wav/arctic_a0047.wav,data/l2arctic_release_v5.0/HJK/annotation/arctic_a0047.TextGrid
HQTV,arctic_a0125,data/l2arctic_release_v5.0/HQTV/wav/arctic_a0125.wav,data/l2arctic_release_v5.0/HQTV/annotation/arctic_a0125.TextGrid
LXC,arctic_a0005,data/l2arctic_release_v5.0/LXC/wav/arctic_a0005.wav,data/l2arctic_release_v5.0/LXC/annotation/arctic_a0005.TextGrid
BWC,arctic_a0117,data/l2arctic_release_v5.0/BWC/wav/arctic_a0117.wav,data/l2arctic_release_v5.0/BWC/annotation/arctic_a0117.TextGrid
LXC,arctic_b0418,data/l2arctic_release_v5.0/LXC/wav/arctic_b0418.wav,data/l2arctic_release_v5.0/LXC/annotation/arctic_b0418.TextGrid
LXC,arctic_a0097,data/l2arctic_release_v5.0/LXC/wav/arctic_a0097.wav,data/l2arctic_release_v5.0/LXC/annotation/arctic_a0097.TextGrid
ZHAA,arctic_b0324,data/l2arctic_release_v5.0/ZHAA/wav/arctic_b0324.wav,data/l2arctic_release_v5.0/ZHAA/annotation/arctic_b0324.TextGrid
MBMPS,arctic_a0170,data/l2arctic_release_v5.0/MBMPS/wav/arctic_a0170.wav,data/l2arctic_release_v5.0/MBMPS/annotation/arctic_a0170.TextGrid
HQTV,arctic_a0010,data/l2arctic_release_v5.0/HQTV/wav/arctic_a0010.wav,data/l2arctic_release_v5.0/HQTV/annotation/arctic_a0010.TextGrid
RRBI,arctic_a0384,data/l2arctic_release_v5.0/RRBI/wav/arctic_a0384.wav,data/l2arctic_release_v5.0/RRBI/annotation/arctic_a0384.TextGrid
RRBI,arctic_a0096,data/l2arctic_release_v5.0/RRBI/wav/arctic_a0096.wav,data/l2arctic_release_v5.0/RRBI/annotation/arctic_a0096.TextGrid
YDCK,arctic_a0101,data/l2arctic_release_v5.0/YDCK/wav/arctic_a0101.wav,data/l2arctic_release_v5.0/YDCK/annotation/arctic_a0101.TextGrid
TNI,arctic_a0071,data/l2arctic_release_v5.0/TNI/wav/arctic_a0071.wav,data/l2arctic_release_v5.0/TNI/annotation/arctic_a0071.TextGrid
HQTV,arctic_a0077,data/l2arctic_release_v5.0/HQTV/wav/arctic_a0077.wav,data/l2arctic_release_v5.0/HQTV/annotation/arctic_a0077.TextGrid
HKK,arctic_a0025,data/l2arctic_release_v5.0/HKK/wav/arctic_a0025.wav,data/l2arctic_release_v5.0/HKK/annotation/arctic_a0025.TextGrid
YKWK,arctic_b0355,data/l2arctic_release_v5.0/YKWK/wav/arctic_b0355.wav,data/l2arctic_release_v5.0/YKWK/annotation/arctic_b0355.TextGrid
ABA,arctic_b0434,data/l2arctic_release_v5.0/ABA/wav/arctic_b0434.wav,data/l2arctic_release_v5.0/ABA/annotation/arctic_b0434.TextGrid
MBMPS,arctic_a0008,data/l2arctic_release_v5.0/MBMPS/wav/arctic_a0008.wav,data/l2arctic_release_v5.0/MBMPS/annotation/arctic_a0008.TextGrid
ABA,arctic_a0073,data/l2arctic_release_v5.0/ABA/wav/arctic_a0073.wav,data/l2arctic_release_v5.0/ABA/annotation/arctic_a0073.TextGrid
NCC,arctic_a0024,data/l2arctic_release_v5.0/NCC/wav/arctic_a0024.wav,data/l2arctic_release_v5.0/NCC/annotation/arctic_a0024.TextGrid
MBMPS,arctic_a0092,data/l2arctic_release_v5.0/MBMPS/wav/arctic_a0092.wav,data/l2arctic_release_v5.0/MBMPS/annotation/arctic_a0092.TextGrid
HJK,arctic_a0137,data/l2arctic_release_v5.0/HJK/wav/arctic_a0137.wav,data/l2arctic_release_v5.0/HJK/annotation/arctic_a0137.TextGrid
SKA,arctic_a0121,data/l2arctic_release_v5.0/SKA/wav/arctic_a0121.wav,data/l2arctic_release_v5.0/SKA/annotation/arctic_a0121.TextGrid
SVBI,arctic_a0208,data/l2arctic_release_v5.0/SVBI/wav/arctic_a0208.wav,data/l2arctic_release_v5.0/SVBI/annotation/arctic_a0208.TextGrid
TNI,arctic_a0041,data/l2arctic_release_v5.0/TNI/wav/arctic_a0041.wav,data/l2arctic_release_v5.0/TNI/annotation/arctic_a0041.TextGrid
MBMPS,arctic_a0045,data/l2arctic_release_v5.0/MBMPS/wav/arctic_a0045.wav,data/l2arctic_release_v5.0/MBMPS/annotation/arctic_a0045.TextGrid
NCC,arctic_b0142,data/l2arctic_release_v5.0/NCC/wav/arctic_b0142.wav,data/l2arctic_release_v5.0/NCC/annotation/arctic_b0142.TextGrid
SKA,arctic_a0047,data/l2arctic_release_v5.0/SKA/wav/arctic_a0047.wav,data/l2arctic_release_v5.0/SKA/annotation/arctic_a0047.TextGrid
SKA,arctic_b0103,data/l2arctic_release_v5.0/SKA/wav/arctic_b0103.wav,data/l2arctic_release_v5.0/SKA/annotation/arctic_b0103.TextGrid
LXC,arctic_a0121,data/l2arctic_release_v5.0/LXC/wav/arctic_a0121.wav,data/l2arctic_release_v5.0/LXC/annotation/arctic_a0121.TextGrid
SVBI,arctic_a0128,data/l2arctic_release_v5.0/SVBI/wav/arctic_a0128.wav,data/l2arctic_release_v5.0/SVBI/annotation/arctic_a0128.TextGrid
TXHC,arctic_b0416,data/l2arctic_release_v5.0/TXHC/wav/arctic_b0416.wav,data/l2arctic_release_v5.0/TXHC/annotation/arctic_b0416.TextGrid
ZHAA,arctic_b0506,data/l2arctic_release_v5.0/ZHAA/wav/arctic_b0506.wav,data/l2arctic_release_v5.0/ZHAA/annotation/arctic_b0506.TextGrid
YKWK,arctic_a0011,data/l2arctic_release_v5.0/YKWK/wav/arctic_a0011.wav,data/l2arctic_release_v5.0/YKWK/annotation/arctic_a0011.TextGrid
YDCK,arctic_b0225,data/l2arctic_release_v5.0/YDCK/wav/arctic_b0225.wav,data/l2arctic_release_v5.0/YDCK/annotation/arctic_b0225.TextGrid
PNV,arctic_a0018,data/l2arctic_release_v5.0/PNV/wav/arctic_a0018.wav,data/l2arctic_release_v5.0/PNV/annotation/arctic_a0018.TextGrid
HJK,arctic_b0022,data/l2arctic_release_v5.0/HJK/wav/arctic_b0022.wav,data/l2arctic_release_v5.0/HJK/annotation/arctic_b0022.TextGrid
EBVS,arctic_a0041,data/l2arctic_release_v5.0/EBVS/wav/arctic_a0041.wav,data/l2arctic_release_v5.0/EBVS/annotation/arctic_a0041.TextGrid
TLV,arctic_a0542,data/l2arctic_release_v5.0/TLV/wav/arctic_a0542.wav,data/l2arctic_release_v5.0/TLV/annotation/arctic_a0542.TextGrid
TLV,arctic_a0104,data/l2arctic_release_v5.0/TLV/wav/arctic_a0104.wav,data/l2arctic_release_v5.0/TLV/annotation/arctic_a0104.TextGrid
HQTV,arctic_a0064,data/l2arctic_release_v5.0/HQTV/wav/arctic_a0064.wav,data/l2arctic_release_v5.0/HQTV/annotation/arctic_a0064.TextGrid
EBVS,arctic_a0071,data/l2arctic_release_v5.0/EBVS/wav/arctic_a0071.wav,data/l2arctic_release_v5.0/EBVS/annotation/arctic_a0071.TextGrid
YBAA,arctic_a0018,data/l2arctic_release_v5.0/YBAA/wav/arctic_a0018.wav,data/l2arctic_release_v5.0/YBAA/annotation/arctic_a0018.TextGrid
YDCK,arctic_a0260,data/l2arctic_release_v5.0/YDCK/wav/arctic_a0260.wav,data/l2arctic_release_v5.0/YDCK/annotation/arctic_a0260.TextGrid
TLV,arctic_a0112,data/l2arctic_release_v5.0/TLV/wav/arctic_a0112.wav,data/l2arctic_release_v5.0/TLV/annotation/arctic_a0112.TextGrid
YDCK,arctic_a0125,data/l2arctic_release_v5.0/YDCK/wav/arctic_a0125.wav,data/l2arctic_release_v5.0/YDCK/annotation/arctic_a0125.TextGrid
HKK,arctic_a0113,data/l2arctic_release_v5.0/HKK/wav/arctic_a0113.wav,data/l2arctic_release_v5.0/HKK/annotation/arctic_a0113.TextGrid
MBMPS,arctic_a0101,data/l2arctic_release_v5.0/MBMPS/wav/arctic_a0101.wav,data/l2arctic_release_v5.0/MBMPS/annotation/arctic_a0101.TextGrid
HKK,arctic_a0100,data/l2arctic_release_v5.0/HKK/wav/arctic_a0100.wav,data/l2arctic_release_v5.0/HKK/annotation/arctic_a0100.TextGrid
HQTV,arctic_a0094,data/l2arctic_release_v5.0/HQTV/wav/arctic_a0094.wav,data/l2arctic_release_v5.0/HQTV/annotation/arctic_a0094.TextGrid
SKA,arctic_a0115,data/l2arctic_release_v5.0/SKA/wav/arctic_a0115.wav,data/l2arctic_release_v5.0/SKA/annotation/arctic_a0115.TextGrid
SVBI,arctic_a0168,data/l2arctic_release_v5.0/SVBI/wav/arctic_a0168.wav,data/l2arctic_release_v5.0/SVBI/annotation/arctic_a0168.TextGrid
LXC,arctic_a0335,data/l2arctic_release_v5.0/LXC/wav/arctic_a0335.wav,data/l2arctic_release_v5.0/LXC/annotation/arctic_a0335.TextGrid
HQTV,arctic_a0120,data/l2arctic_release_v5.0/HQTV/wav/arctic_a0120.wav,data/l2arctic_release_v5.0/HQTV/annotation/arctic_a0120.TextGrid
YBAA,arctic_a0105,data/l2arctic_release_v5.0/YBAA/wav/arctic_a0105.wav,data/l2arctic_release_v5.0/YBAA/annotation/arctic_a0105.TextGrid
YBAA,arctic_b0340,data/l2arctic_release_v5.0/YBAA/wav/arctic_b0340.wav,data/l2arctic_release_v5.0/YBAA/annotation/arctic_b0340.TextGrid
PNV,arctic_a0052,data/l2arctic_release_v5.0/PNV/wav/arctic_a0052.wav,data/l2arctic_release_v5.0/PNV/annotation/arctic_a0052.TextGrid
NJS,arctic_a0019,data/l2arctic_release_v5.0/NJS/wav/arctic_a0019.wav,data/l2arctic_release_v5.0/NJS/annotation/arctic_a0019.TextGrid
RRBI,arctic_a0134,data/l2arctic_release_v5.0/RRBI/wav/arctic_a0134.wav,data/l2arctic_release_v5.0/RRBI/annotation/arctic_a0134.TextGrid
YKWK,arctic_a0062,data/l2arctic_release_v5.0/YKWK/wav/arctic_a0062.wav,data/l2arctic_release_v5.0/YKWK/annotation/arctic_a0062.TextGrid
TLV,arctic_a0100,data/l2arctic_release_v5.0/TLV/wav/arctic_a0100.wav,data/l2arctic_release_v5.0/TLV/annotation/arctic_a0100.TextGrid
ZHAA,arctic_a0071,data/l2arctic_release_v5.0/ZHAA/wav/arctic_a0071.wav,data/l2arctic_release_v5.0/ZHAA/annotation/arctic_a0071.TextGrid
ZHAA,arctic_a0028,data/l2arctic_release_v5.0/ZHAA/wav/arctic_a0028.wav,data/l2arctic_release_v5.0/ZHAA/annotation/arctic_a0028.TextGrid
YDCK,arctic_b0530,data/l2arctic_release_v5.0/YDCK/wav/arctic_b0530.wav,data/l2arctic_release_v5.0/YDCK/annotation/arctic_b0530.TextGrid
HJK,arctic_b0068,data/l2arctic_release_v5.0/HJK/wav/arctic_b0068.wav,data/l2arctic_release_v5.0/HJK/annotation/arctic_b0068.TextGrid
ZHAA,arctic_a0085,data/l2arctic_release_v5.0/ZHAA/wav/arctic_a0085.wav,data/l2arctic_release_v5.0/ZHAA/annotation/arctic_a0085.TextGrid
MBMPS,arctic_a0025,data/l2arctic_release_v5.0/MBMPS/wav/arctic_a0025.wav,data/l2arctic_release_v5.0/MBMPS/annotation/arctic_a0025.TextGrid
HQTV,arctic_a0053,data/l2arctic_release_v5.0/HQTV/wav/arctic_a0053.wav,data/l2arctic_release_v5.0/HQTV/annotation/arctic_a0053.TextGrid
ASI,arctic_a0025,data/l2arctic_release_v5.0/ASI/wav/arctic_a0025.wav,data/l2arctic_release_v5.0/ASI/annotation/arctic_a0025.TextGrid
BWC,arctic_a0011,data/l2arctic_release_v5.0/BWC/wav/arctic_a0011.wav,data/l2arctic_release_v5.0/BWC/annotation/arctic_a0011.TextGrid
LXC,arctic_a0115,data/l2arctic_release_v5.0/LXC/wav/arctic_a0115.wav,data/l2arctic_release_v5.0/LXC/annotation/arctic_a0115.TextGrid
SKA,arctic_a0130,data/l2arctic_release_v5.0/SKA/wav/arctic_a0130.wav,data/l2arctic_release_v5.0/SKA/annotation/arctic_a0130.TextGrid
TXHC,arctic_a0038,data/l2arctic_release_v5.0/TXHC/wav/arctic_a0038.wav,data/l2arctic_release_v5.0/TXHC/annotation/arctic_a0038.TextGrid
ASI,arctic_b0038,data/l2arctic_release_v5.0/ASI/wav/arctic_b0038.wav,data/l2arctic_release_v5.0/ASI/annotation/arctic_b0038.TextGrid
MBMPS,arctic_a0032,data/l2arctic_release_v5.0/MBMPS/wav/arctic_a0032.wav,data/l2arctic_release_v5.0/MBMPS/annotation/arctic_a0032.TextGrid
RRBI,arctic_b0057,data/l2arctic_release_v5.0/RRBI/wav/arctic_b0057.wav,data/l2arctic_release_v5.0/RRBI/annotation/arctic_b0057.TextGrid
HKK,arctic_b0225,data/l2arctic_release_v5.0/HKK/wav/arctic_b0225.wav,data/l2arctic_release_v5.0/HKK/annotation/arctic_b0225.TextGrid
SKA,arctic_b0444,data/l2arctic_release_v5.0/SKA/wav/arctic_b0444.wav,data/l2arctic_release_v5.0/SKA/annotation/arctic_b0444.TextGrid
RRBI,arctic_b0141,data/l2arctic_release_v5.0/RRBI/wav/arctic_b0141.wav,data/l2arctic_release_v5.0/RRBI/annotation/arctic_b0141.TextGrid
HQTV,arctic_a0021,data/l2arctic_release_v5.0/HQTV/wav/arctic_a0021.wav,data/l2arctic_release_v5.0/HQTV/annotation/arctic_a0021.TextGrid
NJS,arctic_a0025,data/l2arctic_release_v5.0/NJS/wav/arctic_a0025.wav,data/l2arctic_release_v5.0/NJS/annotation/arctic_a0025.TextGrid
TXHC,arctic_a0028,data/l2arctic_release_v5.0/TXHC/wav/arctic_a0028.wav,data/l2arctic_release_v5.0/TXHC/annotation/arctic_a0028.TextGrid
YKWK,arctic_a0092,data/l2arctic_release_v5.0/YKWK/wav/arctic_a0092.wav,data/l2arctic_release_v5.0/YKWK/annotation/arctic_a0092.TextGrid
HJK,arctic_a0063,data/l2arctic_release_v5.0/HJK/wav/arctic_a0063.wav,data/l2arctic_release_v5.0/HJK/annotation/arctic_a0063.TextGrid
YBAA,arctic_a0111,data/l2arctic_release_v5.0/YBAA/wav/arctic_a0111.wav,data/l2arctic_release_v5.0/YBAA/annotation/arctic_a0111.TextGrid
SVBI,arctic_a0095,data/l2arctic_release_v5.0/SVBI/wav/arctic_a0095.wav,data/l2arctic_release_v5.0/SVBI/annotation/arctic_a0095.TextGrid
YBAA,arctic_b0126,data/l2arctic_release_v5.0/YBAA/wav/arctic_b0126.wav,data/l2arctic_release_v5.0/YBAA/annotation/arctic_b0126.TextGrid
HQTV,arctic_b0481,data/l2arctic_release_v5.0/HQTV/wav/arctic_b0481.wav,data/l2arctic_release_v5.0/HQTV/annotation/arctic_b0481.TextGrid
ASI,arctic_b0411,data/l2arctic_release_v5.0/ASI/wav/arctic_b0411.wav,data/l2arctic_release_v5.0/ASI/annotation/arctic_b0411.TextGrid
THV,arctic_a0375,data/l2arctic_release_v5.0/THV/wav/arctic_a0375.wav,data/l2arctic_release_v5.0/THV/annotation/arctic_a0375.TextGrid
SVBI,arctic_a0121,data/l2arctic_release_v5.0/SVBI/wav/arctic_a0121.wav,data/l2arctic_release_v5.0/SVBI/annotation/arctic_a0121.TextGrid
TLV,arctic_a0048,data/l2arctic_release_v5.0/TLV/wav/arctic_a0048.wav,data/l2arctic_release_v5.0/TLV/annotation/arctic_a0048.TextGrid
HQTV,arctic_b0465,data/l2arctic_release_v5.0/HQTV/wav/arctic_b0465.wav,data/l2arctic_release_v5.0/HQTV/annotation/arctic_b0465.TextGrid
SKA,arctic_a0041,data/l2arctic_release_v5.0/SKA/wav/arctic_a0041.wav,data/l2arctic_release_v5.0/SKA/annotation/arctic_a0041.TextGrid
ABA,arctic_b0126,data/l2arctic_release_v5.0/ABA/wav/arctic_b0126.wav,data/l2arctic_release_v5.0/ABA/annotation/arctic_b0126.TextGrid
TXHC,arctic_a0011,data/l2arctic_release_v5.0/TXHC/wav/arctic_a0011.wav,data/l2arctic_release_v5.0/TXHC/annotation/arctic_a0011.TextGrid
HJK,arctic_a0364,data/l2arctic_release_v5.0/HJK/wav/arctic_a0364.wav,data/l2arctic_release_v5.0/HJK/annotation/arctic_a0364.TextGrid
TLV,arctic_a0094,data/l2arctic_release_v5.0/TLV/wav/arctic_a0094.wav,data/l2arctic_release_v5.0/TLV/annotation/arctic_a0094.TextGrid
EBVS,arctic_b0279,data/l2arctic_release_v5.0/EBVS/wav/arctic_b0279.wav,data/l2arctic_release_v5.0/EBVS/annotation/arctic_b0279.TextGrid
THV,arctic_b0288,data/l2arctic_release_v5.0/THV/wav/arctic_b0288.wav,data/l2arctic_release_v5.0/THV/annotation/arctic_b0288.TextGrid
RRBI,arctic_a0011,data/l2arctic_release_v5.0/RRBI/wav/arctic_a0011.wav,data/l2arctic_release_v5.0/RRBI/annotation/arctic_a0011.TextGrid
ABA,arctic_a0054,data/l2arctic_release_v5.0/ABA/wav/arctic_a0054.wav,data/l2arctic_release_v5.0/ABA/annotation/arctic_a0054.TextGrid
ERMS,arctic_a0100,data/l2arctic_release_v5.0/ERMS/wav/arctic_a0100.wav,data/l2arctic_release_v5.0/ERMS/annotation/arctic_a0100.TextGrid
THV,arctic_a0260,data/l2arctic_release_v5.0/THV/wav/arctic_a0260.wav,data/l2arctic_release_v5.0/THV/annotation/arctic_a0260.TextGrid
ASI,arctic_a0106,data/l2arctic_release_v5.0/ASI/wav/arctic_a0106.wav,data/l2arctic_release_v5.0/ASI/annotation/arctic_a0106.TextGrid
MBMPS,arctic_a0198,data/l2arctic_release_v5.0/MBMPS/wav/arctic_a0198.wav,data/l2arctic_release_v5.0/MBMPS/annotation/arctic_a0198.TextGrid
YBAA,arctic_b0444,data/l2arctic_release_v5.0/YBAA/wav/arctic_b0444.wav,data/l2arctic_release_v5.0/YBAA/annotation/arctic_b0444.TextGrid
NCC,arctic_a0005,data/l2arctic_release_v5.0/NCC/wav/arctic_a0005.wav,data/l2arctic_release_v5.0/NCC/annotation/arctic_a0005.TextGrid
ERMS,arctic_a0096,data/l2arctic_release_v5.0/ERMS/wav/arctic_a0096.wav,data/l2arctic_release_v5.0/ERMS/annotation/arctic_a0096.TextGrid
THV,arctic_a0100,data/l2arctic_release_v5.0/THV/wav/arctic_a0100.wav,data/l2arctic_release_v5.0/THV/annotation/arctic_a0100.TextGrid
TXHC,arctic_a0075,data/l2arctic_release_v5.0/TXHC/wav/arctic_a0075.wav,data/l2arctic_release_v5.0/TXHC/annotation/arctic_a0075.TextGrid
THV,arctic_b0422,data/l2arctic_release_v5.0/THV/wav/arctic_b0422.wav,data/l2arctic_release_v5.0/THV/annotation/arctic_b0422.TextGrid
ASI,arctic_a0100,data/l2arctic_release_v5.0/ASI/wav/arctic_a0100.wav,data/l2arctic_release_v5.0/ASI/annotation/arctic_a0100.TextGrid
SKA,arctic_a0030,data/l2arctic_release_v5.0/SKA/wav/arctic_a0030.wav,data/l2arctic_release_v5.0/SKA/annotation/arctic_a0030.TextGrid
NJS,arctic_a0011,data/l2arctic_release_v5.0/NJS/wav/arctic_a0011.wav,data/l2arctic_release_v5.0/NJS/annotation/arctic_a0011.TextGrid
LXC,arctic_a0111,data/l2arctic_release_v5.0/LXC/wav/arctic_a0111.wav,data/l2arctic_release_v5.0/LXC/annotation/arctic_a0111.TextGrid
TLV,arctic_b0358,data/l2arctic_release_v5.0/TLV/wav/arctic_b0358.wav,data/l2arctic_release_v5.0/TLV/annotation/arctic_b0358.TextGrid
ABA,arctic_a0046,data/l2arctic_release_v5.0/ABA/wav/arctic_a0046.wav,data/l2arctic_release_v5.0/ABA/annotation/arctic_a0046.TextGrid
HQTV,arctic_a0128,data/l2arctic_release_v5.0/HQTV/wav/arctic_a0128.wav,data/l2arctic_release_v5.0/HQTV/annotation/arctic_a0128.TextGrid
YBAA,arctic_a0091,data/l2arctic_release_v5.0/YBAA/wav/arctic_a0091.wav,data/l2arctic_release_v5.0/YBAA/annotation/arctic_a0091.TextGrid
NJS,arctic_a0082,data/l2arctic_release_v5.0/NJS/wav/arctic_a0082.wav,data/l2arctic_release_v5.0/NJS/annotation/arctic_a0082.TextGrid
ASI,arctic_a0405,data/l2arctic_release_v5.0/ASI/wav/arctic_a0405.wav,data/l2arctic_release_v5.0/ASI/annotation/arctic_a0405.TextGrid
ERMS,arctic_a0101,data/l2arctic_release_v5.0/ERMS/wav/arctic_a0101.wav,data/l2arctic_release_v5.0/ERMS/annotation/arctic_a0101.TextGrid
SKA,arctic_b0438,data/l2arctic_release_v5.0/SKA/wav/arctic_b0438.wav,data/l2arctic_release_v5.0/SKA/annotation/arctic_b0438.TextGrid
ERMS,arctic_a0130,data/l2arctic_release_v5.0/ERMS/wav/arctic_a0130.wav,data/l2arctic_release_v5.0/ERMS/annotation/arctic_a0130.TextGrid
TNI,arctic_a0075,data/l2arctic_release_v5.0/TNI/wav/arctic_a0075.wav,data/l2arctic_release_v5.0/TNI/annotation/arctic_a0075.TextGrid
ERMS,arctic_a0021,data/l2arctic_release_v5.0/ERMS/wav/arctic_a0021.wav,data/l2arctic_release_v5.0/ERMS/annotation/arctic_a0021.TextGrid
TNI,arctic_a0082,data/l2arctic_release_v5.0/TNI/wav/arctic_a0082.wav,data/l2arctic_release_v5.0/TNI/annotation/arctic_a0082.TextGrid
THV,arctic_a0111,data/l2arctic_release_v5.0/THV/wav/arctic_a0111.wav,data/l2arctic_release_v5.0/THV/annotation/arctic_a0111.TextGrid
HQTV,arctic_a0058,data/l2arctic_release_v5.0/HQTV/wav/arctic_a0058.wav,data/l2arctic_release_v5.0/HQTV/annotation/arctic_a0058.TextGrid
TNI,arctic_a0094,data/l2arctic_release_v5.0/TNI/wav/arctic_a0094.wav,data/l2arctic_release_v5.0/TNI/annotation/arctic_a0094.TextGrid
EBVS,arctic_a0299,data/l2arctic_release_v5.0/EBVS/wav/arctic_a0299.wav,data/l2arctic_release_v5.0/EBVS/annotation/arctic_a0299.TextGrid
ZHAA,arctic_a0548,data/l2arctic_release_v5.0/ZHAA/wav/arctic_a0548.wav,data/l2arctic_release_v5.0/ZHAA/annotation/arctic_a0548.TextGrid
YBAA,arctic_b0538,data/l2arctic_release_v5.0/YBAA/wav/arctic_b0538.wav,data/l2arctic_release_v5.0/YBAA/annotation/arctic_b0538.TextGrid
HKK,arctic_a0442,data/l2arctic_release_v5.0/HKK/wav/arctic_a0442.wav,data/l2arctic_release_v5.0/HKK/annotation/arctic_a0442.TextGrid
BWC,arctic_b0416,data/l2arctic_release_v5.0/BWC/wav/arctic_b0416.wav,data/l2arctic_release_v5.0/BWC/annotation/arctic_b0416.TextGrid
THV,arctic_a0097,data/l2arctic_release_v5.0/THV/wav/arctic_a0097.wav,data/l2arctic_release_v5.0/THV/annotation/arctic_a0097.TextGrid
RRBI,arctic_a0041,data/l2arctic_release_v5.0/RRBI/wav/arctic_a0041.wav,data/l2arctic_release_v5.0/RRBI/annotation/arctic_a0041.TextGrid
BWC,arctic_a0137,data/l2arctic_release_v5.0/BWC/wav/arctic_a0137.wav,data/l2arctic_release_v5.0/BWC/annotation/arctic_a0137.TextGrid
SVBI,arctic_a0098,data/l2arctic_release_v5.0/SVBI/wav/arctic_a0098.wav,data/l2arctic_release_v5.0/SVBI/annotation/arctic_a0098.TextGrid
HQTV,arctic_b0534,data/l2arctic_release_v5.0/HQTV/wav/arctic_b0534.wav,data/l2arctic_release_v5.0/HQTV/annotation/arctic_b0534.TextGrid
EBVS,arctic_a0548,data/l2arctic_release_v5.0/EBVS/wav/arctic_a0548.wav,data/l2arctic_release_v5.0/EBVS/annotation/arctic_a0548.TextGrid
PNV,arctic_b0201,data/l2arctic_release_v5.0/PNV/wav/arctic_b0201.wav,data/l2arctic_release_v5.0/PNV/annotation/arctic_b0201.TextGrid
EBVS,arctic_a0065,data/l2arctic_release_v5.0/EBVS/wav/arctic_a0065.wav,data/l2arctic_release_v5.0/EBVS/annotation/arctic_a0065.TextGrid
ERMS,arctic_a0212,data/l2arctic_release_v5.0/ERMS/wav/arctic_a0212.wav,data/l2arctic_release_v5.0/ERMS/annotation/arctic_a0212.TextGrid
EBVS,arctic_a0060,data/l2arctic_release_v5.0/EBVS/wav/arctic_a0060.wav,data/l2arctic_release_v5.0/EBVS/annotation/arctic_a0060.TextGrid
MBMPS,arctic_a0063,data/l2arctic_release_v5.0/MBMPS/wav/arctic_a0063.wav,data/l2arctic_release_v5.0/MBMPS/annotation/arctic_a0063.TextGrid
HKK,arctic_a0233,data/l2arctic_release_v5.0/HKK/wav/arctic_a0233.wav,data/l2arctic_release_v5.0/HKK/annotation/arctic_a0233.TextGrid
HQTV,arctic_b0416,data/l2arctic_release_v5.0/HQTV/wav/arctic_b0416.wav,data/l2arctic_release_v5.0/HQTV/annotation/arctic_b0416.TextGrid
BWC,arctic_a0038,data/l2arctic_release_v5.0/BWC/wav/arctic_a0038.wav,data/l2arctic_release_v5.0/BWC/annotation/arctic_a0038.TextGrid
ZHAA,arctic_b0504,data/l2arctic_release_v5.0/ZHAA/wav/arctic_b0504.wav,data/l2arctic_release_v5.0/ZHAA/annotation/arctic_b0504.TextGrid
NCC,arctic_a0576,data/l2arctic_release_v5.0/NCC/wav/arctic_a0576.wav,data/l2arctic_release_v5.0/NCC/annotation/arctic_a0576.TextGrid
ABA,arctic_a0030,data/l2arctic_release_v5.0/ABA/wav/arctic_a0030.wav,data/l2arctic_release_v5.0/ABA/annotation/arctic_a0030.TextGrid
HJK,arctic_a0094,data/l2arctic_release_v5.0/HJK/wav/arctic_a0094.wav,data/l2arctic_release_v5.0/HJK/annotation/arctic_a0094.TextGrid
TNI,arctic_b0321,data/l2arctic_release_v5.0/TNI/wav/arctic_b0321.wav,data/l2arctic_release_v5.0/TNI/annotation/arctic_b0321.TextGrid
SKA,arctic_a0127,data/l2arctic_release_v5.0/SKA/wav/arctic_a0127.wav,data/l2arctic_release_v5.0/SKA/annotation/arctic_a0127.TextGrid
SVBI,arctic_a0029,data/l2arctic_release_v5.0/SVBI/wav/arctic_a0029.wav,data/l2arctic_release_v5.0/SVBI/annotation/arctic_a0029.TextGrid
NCC,arctic_a0007,data/l2arctic_release_v5.0/NCC/wav/arctic_a0007.wav,data/l2arctic_release_v5.0/NCC/annotation/arctic_a0007.TextGrid
TNI,arctic_a0077,data/l2arctic_release_v5.0/TNI/wav/arctic_a0077.wav,data/l2arctic_release_v5.0/TNI/annotation/arctic_a0077.TextGrid
NCC,arctic_a0075,data/l2arctic_release_v5.0/NCC/wav/arctic_a0075.wav,data/l2arctic_release_v5.0/NCC/annotation/arctic_a0075.TextGrid
NCC,arctic_a0020,data/l2arctic_release_v5.0/NCC/wav/arctic_a0020.wav,data/l2arctic_release_v5.0/NCC/annotation/arctic_a0020.TextGrid
ASI,arctic_a0046,data/l2arctic_release_v5.0/ASI/wav/arctic_a0046.wav,data/l2arctic_release_v5.0/ASI/annotation/arctic_a0046.TextGrid
ABA,arctic_a0081,data/l2arctic_release_v5.0/ABA/wav/arctic_a0081.wav,data/l2arctic_release_v5.0/ABA/annotation/arctic_a0081.TextGrid
TXHC,arctic_a0575,data/l2arctic_release_v5.0/TXHC/wav/arctic_a0575.wav,data/l2arctic_release_v5.0/TXHC/annotation/arctic_a0575.TextGrid
EBVS,arctic_b0269,data/l2arctic_release_v5.0/EBVS/wav/arctic_b0269.wav,data/l2arctic_release_v5.0/EBVS/annotation/arctic_b0269.TextGrid
SKA,arctic_b0016,data/l2arctic_release_v5.0/SKA/wav/arctic_b0016.wav,data/l2arctic_release_v5.0/SKA/annotation/arctic_b0016.TextGrid
SKA,arctic_a0108,data/l2arctic_release_v5.0/SKA/wav/arctic_a0108.wav,data/l2arctic_release_v5.0/SKA/annotation/arctic_a0108.TextGrid
THV,arctic_a0094,data/l2arctic_release_v5.0/THV/wav/arctic_a0094.wav,data/l2arctic_release_v5.0/THV/annotation/arctic_a0094.TextGrid
YKWK,arctic_b0503,data/l2arctic_release_v5.0/YKWK/wav/arctic_b0503.wav,data/l2arctic_release_v5.0/YKWK/annotation/arctic_b0503.TextGrid
EBVS,arctic_a0170,data/l2arctic_release_v5.0/EBVS/wav/arctic_a0170.wav,data/l2arctic_release_v5.0/EBVS/annotation/arctic_a0170.TextGrid
ABA,arctic_a0011,data/l2arctic_release_v5.0/ABA/wav/arctic_a0011.wav,data/l2arctic_release_v5.0/ABA/annotation/arctic_a0011.TextGrid
NCC,arctic_a0019,data/l2arctic_release_v5.0/NCC/wav/arctic_a0019.wav,data/l2arctic_release_v5.0/NCC/annotation/arctic_a0019.TextGrid
TXHC,arctic_b0074,data/l2arctic_release_v5.0/TXHC/wav/arctic_b0074.wav,data/l2arctic_release_v5.0/TXHC/annotation/arctic_b0074.TextGrid
SKA,arctic_a0022,data/l2arctic_release_v5.0/SKA/wav/arctic_a0022.wav,data/l2arctic_release_v5.0/SKA/annotation/arctic_a0022.TextGrid
TNI,arctic_a0085,data/l2arctic_release_v5.0/TNI/wav/arctic_a0085.wav,data/l2arctic_release_v5.0/TNI/annotation/arctic_a0085.TextGrid
MBMPS,arctic_a0227,data/l2arctic_release_v5.0/MBMPS/wav/arctic_a0227.wav,data/l2arctic_release_v5.0/MBMPS/annotation/arctic_a0227.TextGrid
HKK,arctic_a0125,data/l2arctic_release_v5.0/HKK/wav/arctic_a0125.wav,data/l2arctic_release_v5.0/HKK/annotation/arctic_a0125.TextGrid
PNV,arctic_a0065,data/l2arctic_release_v5.0/PNV/wav/arctic_a0065.wav,data/l2arctic_release_v5.0/PNV/annotation/arctic_a0065.TextGrid
RRBI,arctic_a0039,data/l2arctic_release_v5.0/RRBI/wav/arctic_a0039.wav,data/l2arctic_release_v5.0/RRBI/annotation/arctic_a0039.TextGrid
SKA,arctic_b0083,data/l2arctic_release_v5.0/SKA/wav/arctic_b0083.wav,data/l2arctic_release_v5.0/SKA/annotation/arctic_b0083.TextGrid
HJK,arctic_a0101,data/l2arctic_release_v5.0/HJK/wav/arctic_a0101.wav,data/l2arctic_release_v5.0/HJK/annotation/arctic_a0101.TextGrid
YBAA,arctic_a0047,data/l2arctic_release_v5.0/YBAA/wav/arctic_a0047.wav,data/l2arctic_release_v5.0/YBAA/annotation/arctic_a0047.TextGrid
HQTV,arctic_a0092,data/l2arctic_release_v5.0/HQTV/wav/arctic_a0092.wav,data/l2arctic_release_v5.0/HQTV/annotation/arctic_a0092.TextGrid
MBMPS,arctic_b0434,data/l2arctic_release_v5.0/MBMPS/wav/arctic_b0434.wav,data/l2arctic_release_v5.0/MBMPS/annotation/arctic_b0434.TextGrid
THV,arctic_a0102,data/l2arctic_release_v5.0/THV/wav/arctic_a0102.wav,data/l2arctic_release_v5.0/THV/annotation/arctic_a0102.TextGrid
ERMS,arctic_a0233,data/l2arctic_release_v5.0/ERMS/wav/arctic_a0233.wav,data/l2arctic_release_v5.0/ERMS/annotation/arctic_a0233.TextGrid
TLV,arctic_a0065,data/l2arctic_release_v5.0/TLV/wav/arctic_a0065.wav,data/l2arctic_release_v5.0/TLV/annotation/arctic_a0065.TextGrid
HKK,arctic_a0039,data/l2arctic_release_v5.0/HKK/wav/arctic_a0039.wav,data/l2arctic_release_v5.0/HKK/annotation/arctic_a0039.TextGrid
EBVS,arctic_a0019,data/l2arctic_release_v5.0/EBVS/wav/arctic_a0019.wav,data/l2arctic_release_v5.0/EBVS/annotation/arctic_a0019.TextGrid
RRBI,arctic_a0137,data/l2arctic_release_v5.0/RRBI/wav/arctic_a0137.wav,data/l2arctic_release_v5.0/RRBI/annotation/arctic_a0137.TextGrid
ASI,arctic_a0067,data/l2arctic_release_v5.0/ASI/wav/arctic_a0067.wav,data/l2arctic_release_v5.0/ASI/annotation/arctic_a0067.TextGrid
ASI,arctic_b0197,data/l2arctic_release_v5.0/ASI/wav/arctic_b0197.wav,data/l2arctic_release_v5.0/ASI/annotation/arctic_b0197.TextGrid
BWC,arctic_a0032,data/l2arctic_release_v5.0/BWC/wav/arctic_a0032.wav,data/l2arctic_release_v5.0/BWC/annotation/arctic_a0032.TextGrid
TXHC,arctic_a0089,data/l2arctic_release_v5.0/TXHC/wav/arctic_a0089.wav,data/l2arctic_release_v5.0/TXHC/annotation/arctic_a0089.TextGrid
HKK,arctic_a0046,data/l2arctic_release_v5.0/HKK/wav/arctic_a0046.wav,data/l2arctic_release_v5.0/HKK/annotation/arctic_a0046.TextGrid
HQTV,arctic_a0136,data/l2arctic_release_v5.0/HQTV/wav/arctic_a0136.wav,data/l2arctic_release_v5.0/HQTV/annotation/arctic_a0136.TextGrid
SVBI,arctic_a0105,data/l2arctic_release_v5.0/SVBI/wav/arctic_a0105.wav,data/l2arctic_release_v5.0/SVBI/annotation/arctic_a0105.TextGrid
TLV,arctic_a0071,data/l2arctic_release_v5.0/TLV/wav/arctic_a0071.wav,data/l2arctic_release_v5.0/TLV/annotation/arctic_a0071.TextGrid
EBVS,arctic_a0062,data/l2arctic_release_v5.0/EBVS/wav/arctic_a0062.wav,data/l2arctic_release_v5.0/EBVS/annotation/arctic_a0062.TextGrid
SVBI,arctic_b0371,data/l2arctic_release_v5.0/SVBI/wav/arctic_b0371.wav,data/l2arctic_release_v5.0/SVBI/annotation/arctic_b0371.TextGrid
LXC,arctic_a0082,data/l2arctic_release_v5.0/LXC/wav/arctic_a0082.wav,data/l2arctic_release_v5.0/LXC/annotation/arctic_a0082.TextGrid
PNV,arctic_b0140,data/l2arctic_release_v5.0/PNV/wav/arctic_b0140.wav,data/l2arctic_release_v5.0/PNV/annotation/arctic_b0140.TextGrid
LXC,arctic_a0099,data/l2arctic_release_v5.0/LXC/wav/arctic_a0099.wav,data/l2arctic_release_v5.0/LXC/annotation/arctic_a0099.TextGrid
RRBI,arctic_a0054,data/l2arctic_release_v5.0/RRBI/wav/arctic_a0054.wav,data/l2arctic_release_v5.0/RRBI/annotation/arctic_a0054.TextGrid
TNI,arctic_a0005,data/l2arctic_release_v5.0/TNI/wav/arctic_a0005.wav,data/l2arctic_release_v5.0/TNI/annotation/arctic_a0005.TextGrid
HQTV,arctic_a0045,data/l2arctic_release_v5.0/HQTV/wav/arctic_a0045.wav,data/l2arctic_release_v5.0/HQTV/annotation/arctic_a0045.TextGrid
HQTV,arctic_a0096,data/l2arctic_release_v5.0/HQTV/wav/arctic_a0096.wav,data/l2arctic_release_v5.0/HQTV/annotation/arctic_a0096.TextGrid
HQTV,arctic_a0026,data/l2arctic_release_v5.0/HQTV/wav/arctic_a0026.wav,data/l2arctic_release_v5.0/HQTV/annotation/arctic_a0026.TextGrid
SVBI,arctic_b0141,data/l2arctic_release_v5.0/SVBI/wav/arctic_b0141.wav,data/l2arctic_release_v5.0/SVBI/annotation/arctic_b0141.TextGrid
RRBI,arctic_a0126,data/l2arctic_release_v5.0/RRBI/wav/arctic_a0126.wav,data/l2arctic_release_v5.0/RRBI/annotation/arctic_a0126.TextGrid
TXHC,arctic_a0062,data/l2arctic_release_v5.0/TXHC/wav/arctic_a0062.wav,data/l2arctic_release_v5.0/TXHC/annotation/arctic_a0062.TextGrid
ASI,arctic_b0136,data/l2arctic_release_v5.0/ASI/wav/arctic_b0136.wav,data/l2arctic_release_v5.0/ASI/annotation/arctic_b0136.TextGrid
THV,arctic_a0064,data/l2arctic_release_v5.0/THV/wav/arctic_a0064.wav,data/l2arctic_release_v5.0/THV/annotation/arctic_a0064.TextGrid
YDCK,arctic_a0102,data/l2arctic_release_v5.0/YDCK/wav/arctic_a0102.wav,data/l2arctic_release_v5.0/YDCK/annotation/arctic_a0102.TextGrid
TLV,arctic_a0364,data/l2arctic_release_v5.0/TLV/wav/arctic_a0364.wav,data/l2arctic_release_v5.0/TLV/annotation/arctic_a0364.TextGrid
TLV,arctic_b0518,data/l2arctic_release_v5.0/TLV/wav/arctic_b0518.wav,data/l2arctic_release_v5.0/TLV/annotation/arctic_b0518.TextGrid
NCC,arctic_a0094,data/l2arctic_release_v5.0/NCC/wav/arctic_a0094.wav,data/l2arctic_release_v5.0/NCC/annotation/arctic_a0094.TextGrid
HJK,arctic_a0081,data/l2arctic_release_v5.0/HJK/wav/arctic_a0081.wav,data/l2arctic_release_v5.0/HJK/annotation/arctic_a0081.TextGrid
YKWK,arctic_a0148,data/l2arctic_release_v5.0/YKWK/wav/arctic_a0148.wav,data/l2arctic_release_v5.0/YKWK/annotation/arctic_a0148.TextGrid
TLV,arctic_a0058,data/l2arctic_release_v5.0/TLV/wav/arctic_a0058.wav,data/l2arctic_release_v5.0/TLV/annotation/arctic_a0058.TextGrid
TLV,arctic_a0077,data/l2arctic_release_v5.0/TLV/wav/arctic_a0077.wav,data/l2arctic_release_v5.0/TLV/annotation/arctic_a0077.TextGrid
SVBI,arctic_a0094,data/l2arctic_release_v5.0/SVBI/wav/arctic_a0094.wav,data/l2arctic_release_v5.0/SVBI/annotation/arctic_a0094.TextGrid
ABA,arctic_a0109,data/l2arctic_release_v5.0/ABA/wav/arctic_a0109.wav,data/l2arctic_release_v5.0/ABA/annotation/arctic_a0109.TextGrid
YKWK,arctic_a0079,data/l2arctic_release_v5.0/YKWK/wav/arctic_a0079.wav,data/l2arctic_release_v5.0/YKWK/annotation/arctic_a0079.TextGrid
TNI,arctic_b0433,data/l2arctic_release_v5.0/TNI/wav/arctic_b0433.wav,data/l2arctic_release_v5.0/TNI/annotation/arctic_b0433.TextGrid
HKK,arctic_a0495,data/l2arctic_release_v5.0/HKK/wav/arctic_a0495.wav,data/l2arctic_release_v5.0/HKK/annotation/arctic_a0495.TextGrid
TXHC,arctic_a0092,data/l2arctic_release_v5.0/TXHC/wav/arctic_a0092.wav,data/l2arctic_release_v5.0/TXHC/annotation/arctic_a0092.TextGrid
THV,arctic_a0106,data/l2arctic_release_v5.0/THV/wav/arctic_a0106.wav,data/l2arctic_release_v5.0/THV/annotation/arctic_a0106.TextGrid
HKK,arctic_a0145,data/l2arctic_release_v5.0/HKK/wav/arctic_a0145.wav,data/l2arctic_release_v5.0/HKK/annotation/arctic_a0145.TextGrid
SVBI,arctic_a0125,data/l2arctic_release_v5.0/SVBI/wav/arctic_a0125.wav,data/l2arctic_release_v5.0/SVBI/annotation/arctic_a0125.TextGrid
EBVS,arctic_b0150,data/l2arctic_release_v5.0/EBVS/wav/arctic_b0150.wav,data/l2arctic_release_v5.0/EBVS/annotation/arctic_b0150.TextGrid
EBVS,arctic_a0052,data/l2arctic_release_v5.0/EBVS/wav/arctic_a0052.wav,data/l2arctic_release_v5.0/EBVS/annotation/arctic_a0052.TextGrid
NCC,arctic_b0288,data/l2arctic_release_v5.0/NCC/wav/arctic_b0288.wav,data/l2arctic_release_v5.0/NCC/annotation/arctic_b0288.TextGrid
ERMS,arctic_a0048,data/l2arctic_release_v5.0/ERMS/wav/arctic_a0048.wav,data/l2arctic_release_v5.0/ERMS/annotation/arctic_a0048.TextGrid
SKA,arctic_b0503,data/l2arctic_release_v5.0/SKA/wav/arctic_b0503.wav,data/l2arctic_release_v5.0/SKA/annotation/arctic_b0503.TextGrid
ERMS,arctic_a0106,data/l2arctic_release_v5.0/ERMS/wav/arctic_a0106.wav,data/l2arctic_release_v5.0/ERMS/annotation/arctic_a0106.TextGrid
NJS,arctic_a0078,data/l2arctic_release_v5.0/NJS/wav/arctic_a0078.wav,data/l2arctic_release_v5.0/NJS/annotation/arctic_a0078.TextGrid
NCC,arctic_a0434,data/l2arctic_release_v5.0/NCC/wav/arctic_a0434.wav,data/l2arctic_release_v5.0/NCC/annotation/arctic_a0434.TextGrid
EBVS,arctic_a0007,data/l2arctic_release_v5.0/EBVS/wav/arctic_a0007.wav,data/l2arctic_release_v5.0/EBVS/annotation/arctic_a0007.TextGrid
BWC,arctic_a0059,data/l2arctic_release_v5.0/BWC/wav/arctic_a0059.wav,data/l2arctic_release_v5.0/BWC/annotation/arctic_a0059.TextGrid
HJK,arctic_a0023,data/l2arctic_release_v5.0/HJK/wav/arctic_a0023.wav,data/l2arctic_release_v5.0/HJK/annotation/arctic_a0023.TextGrid
THV,arctic_a0105,data/l2arctic_release_v5.0/THV/wav/arctic_a0105.wav,data/l2arctic_release_v5.0/THV/annotation/arctic_a0105.TextGrid
HKK,arctic_a0021,data/l2arctic_release_v5.0/HKK/wav/arctic_a0021.wav,data/l2arctic_release_v5.0/HKK/annotation/arctic_a0021.TextGrid
TLV,arctic_a0037,data/l2arctic_release_v5.0/TLV/wav/arctic_a0037.wav,data/l2arctic_release_v5.0/TLV/annotation/arctic_a0037.TextGrid
EBVS,arctic_a0104,data/l2arctic_release_v5.0/EBVS/wav/arctic_a0104.wav,data/l2arctic_release_v5.0/EBVS/annotation/arctic_a0104.TextGrid
HQTV,arctic_b0251,data/l2arctic_release_v5.0/HQTV/wav/arctic_b0251.wav,data/l2arctic_release_v5.0/HQTV/annotation/arctic_b0251.TextGrid
NCC,arctic_a0064,data/l2arctic_release_v5.0/NCC/wav/arctic_a0064.wav,data/l2arctic_release_v5.0/NCC/annotation/arctic_a0064.TextGrid
LXC,arctic_a0023,data/l2arctic_release_v5.0/LXC/wav/arctic_a0023.wav,data/l2arctic_release_v5.0/LXC/annotation/arctic_a0023.TextGrid
SVBI,arctic_a0097,data/l2arctic_release_v5.0/SVBI/wav/arctic_a0097.wav,data/l2arctic_release_v5.0/SVBI/annotation/arctic_a0097.TextGrid
ZHAA,arctic_a0032,data/l2arctic_release_v5.0/ZHAA/wav/arctic_a0032.wav,data/l2arctic_release_v5.0/ZHAA/annotation/arctic_a0032.TextGrid
ZHAA,arctic_a0058,data/l2arctic_release_v5.0/ZHAA/wav/arctic_a0058.wav,data/l2arctic_release_v5.0/ZHAA/annotation/arctic_a0058.TextGrid
PNV,arctic_a0113,data/l2arctic_release_v5.0/PNV/wav/arctic_a0113.wav,data/l2arctic_release_v5.0/PNV/annotation/arctic_a0113.TextGrid
ERMS,arctic_a0128,data/l2arctic_release_v5.0/ERMS/wav/arctic_a0128.wav,data/l2arctic_release_v5.0/ERMS/annotation/arctic_a0128.TextGrid
ABA,arctic_a0060,data/l2arctic_release_v5.0/ABA/wav/arctic_a0060.wav,data/l2arctic_release_v5.0/ABA/annotation/arctic_a0060.TextGrid
BWC,arctic_b0189,data/l2arctic_release_v5.0/BWC/wav/arctic_b0189.wav,data/l2arctic_release_v5.0/BWC/annotation/arctic_b0189.TextGrid
TLV,arctic_b0048,data/l2arctic_release_v5.0/TLV/wav/arctic_b0048.wav,data/l2arctic_release_v5.0/TLV/annotation/arctic_b0048.TextGrid
PNV,arctic_a0127,data/l2arctic_release_v5.0/PNV/wav/arctic_a0127.wav,data/l2arctic_release_v5.0/PNV/annotation/arctic_a0127.TextGrid
YKWK,arctic_b0266,data/l2arctic_release_v5.0/YKWK/wav/arctic_b0266.wav,data/l2arctic_release_v5.0/YKWK/annotation/arctic_b0266.TextGrid
YBAA,arctic_a0100,data/l2arctic_release_v5.0/YBAA/wav/arctic_a0100.wav,data/l2arctic_release_v5.0/YBAA/annotation/arctic_a0100.TextGrid
HQTV,arctic_b0503,data/l2arctic_release_v5.0/HQTV/wav/arctic_b0503.wav,data/l2arctic_release_v5.0/HQTV/annotation/arctic_b0503.TextGrid
TXHC,arctic_a0086,data/l2arctic_release_v5.0/TXHC/wav/arctic_a0086.wav,data/l2arctic_release_v5.0/TXHC/annotation/arctic_a0086.TextGrid
PNV,arctic_a0040,data/l2arctic_release_v5.0/PNV/wav/arctic_a0040.wav,data/l2arctic_release_v5.0/PNV/annotation/arctic_a0040.TextGrid
SKA,arctic_a0026,data/l2arctic_release_v5.0/SKA/wav/arctic_a0026.wav,data/l2arctic_release_v5.0/SKA/annotation/arctic_a0026.TextGrid
PNV,arctic_b0106,data/l2arctic_release_v5.0/PNV/wav/arctic_b0106.wav,data/l2arctic_release_v5.0/PNV/annotation/arctic_b0106.TextGrid
TNI,arctic_a0018,data/l2arctic_release_v5.0/TNI/wav/arctic_a0018.wav,data/l2arctic_release_v5.0/TNI/annotation/arctic_a0018.TextGrid
HKK,arctic_a0099,data/l2arctic_release_v5.0/HKK/wav/arctic_a0099.wav,data/l2arctic_release_v5.0/HKK/annotation/arctic_a0099.TextGrid
HQTV,arctic_b0320,data/l2arctic_release_v5.0/HQTV/wav/arctic_b0320.wav,data/l2arctic_release_v5.0/HQTV/annotation/arctic_b0320.TextGrid
RRBI,arctic_b0089,data/l2arctic_release_v5.0/RRBI/wav/arctic_b0089.wav,data/l2arctic_release_v5.0/RRBI/annotation/arctic_b0089.TextGrid
SVBI,arctic_b0411,data/l2arctic_release_v5.0/SVBI/wav/arctic_b0411.wav,data/l2arctic_release_v5.0/SVBI/annotation/arctic_b0411.TextGrid
TLV,arctic_a0111,data/l2arctic_release_v5.0/TLV/wav/arctic_a0111.wav,data/l2arctic_release_v5.0/TLV/annotation/arctic_a0111.TextGrid
ZHAA,arctic_a0022,data/l2arctic_release_v5.0/ZHAA/wav/arctic_a0022.wav,data/l2arctic_release_v5.0/ZHAA/annotation/arctic_a0022.TextGrid
HKK,arctic_b0342,data/l2arctic_release_v5.0/HKK/wav/arctic_b0342.wav,data/l2arctic_release_v5.0/HKK/annotation/arctic_b0342.TextGrid
NJS,arctic_a0136,data/l2arctic_release_v5.0/NJS/wav/arctic_a0136.wav,data/l2arctic_release_v5.0/NJS/annotation/arctic_a0136.TextGrid
EBVS,arctic_a0042,data/l2arctic_release_v5.0/EBVS/wav/arctic_a0042.wav,data/l2arctic_release_v5.0/EBVS/annotation/arctic_a0042.TextGrid
PNV,arctic_a0059,data/l2arctic_release_v5.0/PNV/wav/arctic_a0059.wav,data/l2arctic_release_v5.0/PNV/annotation/arctic_a0059.TextGrid
TXHC,arctic_a0102,data/l2arctic_release_v5.0/TXHC/wav/arctic_a0102.wav,data/l2arctic_release_v5.0/TXHC/annotation/arctic_a0102.TextGrid
THV,arctic_a0136,data/l2arctic_release_v5.0/THV/wav/arctic_a0136.wav,data/l2arctic_release_v5.0/THV/annotation/arctic_a0136.TextGrid
ASI,arctic_a0246,data/l2arctic_release_v5.0/ASI/wav/arctic_a0246.wav,data/l2arctic_release_v5.0/ASI/annotation/arctic_a0246.TextGrid
TXHC,arctic_a0093,data/l2arctic_release_v5.0/TXHC/wav/arctic_a0093.wav,data/l2arctic_release_v5.0/TXHC/annotation/arctic_a0093.TextGrid
NCC,arctic_b0048,data/l2arctic_release_v5.0/NCC/wav/arctic_b0048.wav,data/l2arctic_release_v5.0/NCC/annotation/arctic_b0048.TextGrid
MBMPS,arctic_a0026,data/l2arctic_release_v5.0/MBMPS/wav/arctic_a0026.wav,data/l2arctic_release_v5.0/MBMPS/annotation/arctic_a0026.TextGrid
ERMS,arctic_a0086,data/l2arctic_release_v5.0/ERMS/wav/arctic_a0086.wav,data/l2arctic_release_v5.0/ERMS/annotation/arctic_a0086.TextGrid
ERMS,arctic_a0041,data/l2arctic_release_v5.0/ERMS/wav/arctic_a0041.wav,data/l2arctic_release_v5.0/ERMS/annotation/arctic_a0041.TextGrid
RRBI,arctic_a0109,data/l2arctic_release_v5.0/RRBI/wav/arctic_a0109.wav,data/l2arctic_release_v5.0/RRBI/annotation/arctic_a0109.TextGrid
ABA,arctic_a0105,data/l2arctic_release_v5.0/ABA/wav/arctic_a0105.wav,data/l2arctic_release_v5.0/ABA/annotation/arctic_a0105.TextGrid
SKA,arctic_b0413,data/l2arctic_release_v5.0/SKA/wav/arctic_b0413.wav,data/l2arctic_release_v5.0/SKA/annotation/arctic_b0413.TextGrid
NCC,arctic_a0032,data/l2arctic_release_v5.0/NCC/wav/arctic_a0032.wav,data/l2arctic_release_v5.0/NCC/annotation/arctic_a0032.TextGrid
TLV,arctic_a0054,data/l2arctic_release_v5.0/TLV/wav/arctic_a0054.wav,data/l2arctic_release_v5.0/TLV/annotation/arctic_a0054.TextGrid
YKWK,arctic_a0008,data/l2arctic_release_v5.0/YKWK/wav/arctic_a0008.wav,data/l2arctic_release_v5.0/YKWK/annotation/arctic_a0008.TextGrid
SKA,arctic_a0058,data/l2arctic_release_v5.0/SKA/wav/arctic_a0058.wav,data/l2arctic_release_v5.0/SKA/annotation/arctic_a0058.TextGrid
PNV,arctic_a0045,data/l2arctic_release_v5.0/PNV/wav/arctic_a0045.wav,data/l2arctic_release_v5.0/PNV/annotation/arctic_a0045.TextGrid
TLV,arctic_a0008,data/l2arctic_release_v5.0/TLV/wav/arctic_a0008.wav,data/l2arctic_release_v5.0/TLV/annotation/arctic_a0008.TextGrid
TNI,arctic_a0111,data/l2arctic_release_v5.0/TNI/wav/arctic_a0111.wav,data/l2arctic_release_v5.0/TNI/annotation/arctic_a0111.TextGrid
HKK,arctic_a0129,data/l2arctic_release_v5.0/HKK/wav/arctic_a0129.wav,data/l2arctic_release_v5.0/HKK/annotation/arctic_a0129.TextGrid
SVBI,arctic_b0061,data/l2arctic_release_v5.0/SVBI/wav/arctic_b0061.wav,data/l2arctic_release_v5.0/SVBI/annotation/arctic_b0061.TextGrid
PNV,arctic_a0026,data/l2arctic_release_v5.0/PNV/wav/arctic_a0026.wav,data/l2arctic_release_v5.0/PNV/annotation/arctic_a0026.TextGrid
YBAA,arctic_b0016,data/l2arctic_release_v5.0/YBAA/wav/arctic_b0016.wav,data/l2arctic_release_v5.0/YBAA/annotation/arctic_b0016.TextGrid
SVBI,arctic_b0317,data/l2arctic_release_v5.0/SVBI/wav/arctic_b0317.wav,data/l2arctic_release_v5.0/SVBI/annotation/arctic_b0317.TextGrid
TXHC,arctic_a0032,data/l2arctic_release_v5.0/TXHC/wav/arctic_a0032.wav,data/l2arctic_release_v5.0/TXHC/annotation/arctic_a0032.TextGrid
BWC,arctic_a0019,data/l2arctic_release_v5.0/BWC/wav/arctic_a0019.wav,data/l2arctic_release_v5.0/BWC/annotation/arctic_a0019.TextGrid
NCC,arctic_b0165,data/l2arctic_release_v5.0/NCC/wav/arctic_b0165.wav,data/l2arctic_release_v5.0/NCC/annotation/arctic_b0165.TextGrid
MBMPS,arctic_a0139,data/l2arctic_release_v5.0/MBMPS/wav/arctic_a0139.wav,data/l2arctic_release_v5.0/MBMPS/annotation/arctic_a0139.TextGrid
ZHAA,arctic_b0016,data/l2arctic_release_v5.0/ZHAA/wav/arctic_b0016.wav,data/l2arctic_release_v5.0/ZHAA/annotation/arctic_b0016.TextGrid
LXC,arctic_b0165,data/l2arctic_release_v5.0/LXC/wav/arctic_b0165.wav,data/l2arctic_release_v5.0/LXC/annotation/arctic_b0165.TextGrid
HJK,arctic_a0025,data/l2arctic_release_v5.0/HJK/wav/arctic_a0025.wav,data/l2arctic_release_v5.0/HJK/annotation/arctic_a0025.TextGrid
PNV,arctic_a0123,data/l2arctic_release_v5.0/PNV/wav/arctic_a0123.wav,data/l2arctic_release_v5.0/PNV/annotation/arctic_a0123.TextGrid
BWC,arctic_a0018,data/l2arctic_release_v5.0/BWC/wav/arctic_a0018.wav,data/l2arctic_release_v5.0/BWC/annotation/arctic_a0018.TextGrid
PNV,arctic_b0393,data/l2arctic_release_v5.0/PNV/wav/arctic_b0393.wav,data/l2arctic_release_v5.0/PNV/annotation/arctic_b0393.TextGrid
YKWK,arctic_a0020,data/l2arctic_release_v5.0/YKWK/wav/arctic_a0020.wav,data/l2arctic_release_v5.0/YKWK/annotation/arctic_a0020.TextGrid
HJK,arctic_a0130,data/l2arctic_release_v5.0/HJK/wav/arctic_a0130.wav,data/l2arctic_release_v5.0/HJK/annotation/arctic_a0130.TextGrid
BWC,arctic_a0013,data/l2arctic_release_v5.0/BWC/wav/arctic_a0013.wav,data/l2arctic_release_v5.0/BWC/annotation/arctic_a0013.TextGrid
HQTV,arctic_a0100,data/l2arctic_release_v5.0/HQTV/wav/arctic_a0100.wav,data/l2arctic_release_v5.0/HQTV/annotation/arctic_a0100.TextGrid
TXHC,arctic_b0476,data/l2arctic_release_v5.0/TXHC/wav/arctic_b0476.wav,data/l2arctic_release_v5.0/TXHC/annotation/arctic_b0476.TextGrid
NCC,arctic_b0385,data/l2arctic_release_v5.0/NCC/wav/arctic_b0385.wav,data/l2arctic_release_v5.0/NCC/annotation/arctic_b0385.TextGrid
MBMPS,arctic_a0154,data/l2arctic_release_v5.0/MBMPS/wav/arctic_a0154.wav,data/l2arctic_release_v5.0/MBMPS/annotation/arctic_a0154.TextGrid
HQTV,arctic_a0063,data/l2arctic_release_v5.0/HQTV/wav/arctic_a0063.wav,data/l2arctic_release_v5.0/HQTV/annotation/arctic_a0063.TextGrid
NCC,arctic_a0097,data/l2arctic_release_v5.0/NCC/wav/arctic_a0097.wav,data/l2arctic_release_v5.0/NCC/annotation/arctic_a0097.TextGrid
TNI,arctic_a0060,data/l2arctic_release_v5.0/TNI/wav/arctic_a0060.wav,data/l2arctic_release_v5.0/TNI/annotation/arctic_a0060.TextGrid
SVBI,arctic_a0045,data/l2arctic_release_v5.0/SVBI/wav/arctic_a0045.wav,data/l2arctic_release_v5.0/SVBI/annotation/arctic_a0045.TextGrid
ABA,arctic_a0071,data/l2arctic_release_v5.0/ABA/wav/arctic_a0071.wav,data/l2arctic_release_v5.0/ABA/annotation/arctic_a0071.TextGrid
YDCK,arctic_b0320,data/l2arctic_release_v5.0/YDCK/wav/arctic_b0320.wav,data/l2arctic_release_v5.0/YDCK/annotation/arctic_b0320.TextGrid
PNV,arctic_a0271,data/l2arctic_release_v5.0/PNV/wav/arctic_a0271.wav,data/l2arctic_release_v5.0/PNV/annotation/arctic_a0271.TextGrid
YDCK,arctic_a0384,data/l2arctic_release_v5.0/YDCK/wav/arctic_a0384.wav,data/l2arctic_release_v5.0/YDCK/annotation/arctic_a0384.TextGrid
HQTV,arctic_a0073,data/l2arctic_release_v5.0/HQTV/wav/arctic_a0073.wav,data/l2arctic_release_v5.0/HQTV/annotation/arctic_a0073.TextGrid
TXHC,arctic_a0121,data/l2arctic_release_v5.0/TXHC/wav/arctic_a0121.wav,data/l2arctic_release_v5.0/TXHC/annotation/arctic_a0121.TextGrid
RRBI,arctic_a0105,data/l2arctic_release_v5.0/RRBI/wav/arctic_a0105.wav,data/l2arctic_release_v5.0/RRBI/annotation/arctic_a0105.TextGrid
PNV,arctic_a0129,data/l2arctic_release_v5.0/PNV/wav/arctic_a0129.wav,data/l2arctic_release_v5.0/PNV/annotation/arctic_a0129.TextGrid
YKWK,arctic_a0097,data/l2arctic_release_v5.0/YKWK/wav/arctic_a0097.wav,data/l2arctic_release_v5.0/YKWK/annotation/arctic_a0097.TextGrid
ERMS,arctic_a0121,data/l2arctic_release_v5.0/ERMS/wav/arctic_a0121.wav,data/l2arctic_release_v5.0/ERMS/annotation/arctic_a0121.TextGrid
HQTV,arctic_b0415,data/l2arctic_release_v5.0/HQTV/wav/arctic_b0415.wav,data/l2arctic_release_v5.0/HQTV/annotation/arctic_b0415.TextGrid
ABA,arctic_a0107,data/l2arctic_release_v5.0/ABA/wav/arctic_a0107.wav,data/l2arctic_release_v5.0/ABA/annotation/arctic_a0107.TextGrid
YBAA,arctic_a0020,data/l2arctic_release_v5.0/YBAA/wav/arctic_a0020.wav,data/l2arctic_release_v5.0/YBAA/annotation/arctic_a0020.TextGrid
TXHC,arctic_a0047,data/l2arctic_release_v5.0/TXHC/wav/arctic_a0047.wav,data/l2arctic_release_v5.0/TXHC/annotation/arctic_a0047.TextGrid
YKWK,arctic_a0095,data/l2arctic_release_v5.0/YKWK/wav/arctic_a0095.wav,data/l2arctic_release_v5.0/YKWK/annotation/arctic_a0095.TextGrid
TNI,arctic_a0019,data/l2arctic_release_v5.0/TNI/wav/arctic_a0019.wav,data/l2arctic_release_v5.0/TNI/annotation/arctic_a0019.TextGrid
ABA,arctic_a0441,data/l2arctic_release_v5.0/ABA/wav/arctic_a0441.wav,data/l2arctic_release_v5.0/ABA/annotation/arctic_a0441.TextGrid
SVBI,arctic_a0054,data/l2arctic_release_v5.0/SVBI/wav/arctic_a0054.wav,data/l2arctic_release_v5.0/SVBI/annotation/arctic_a0054.TextGrid
BWC,arctic_a0130,data/l2arctic_release_v5.0/BWC/wav/arctic_a0130.wav,data/l2arctic_release_v5.0/BWC/annotation/arctic_a0130.TextGrid
SKA,arctic_b0126,data/l2arctic_release_v5.0/SKA/wav/arctic_b0126.wav,data/l2arctic_release_v5.0/SKA/annotation/arctic_b0126.TextGrid
SKA,arctic_a0075,data/l2arctic_release_v5.0/SKA/wav/arctic_a0075.wav,data/l2arctic_release_v5.0/SKA/annotation/arctic_a0075.TextGrid
HJK,arctic_a0059,data/l2arctic_release_v5.0/HJK/wav/arctic_a0059.wav,data/l2arctic_release_v5.0/HJK/annotation/arctic_a0059.TextGrid
YBAA,arctic_a0379,data/l2arctic_release_v5.0/YBAA/wav/arctic_a0379.wav,data/l2arctic_release_v5.0/YBAA/annotation/arctic_a0379.TextGrid
THV,arctic_a0081,data/l2arctic_release_v5.0/THV/wav/arctic_a0081.wav,data/l2arctic_release_v5.0/THV/annotation/arctic_a0081.TextGrid
ERMS,arctic_a0013,data/l2arctic_release_v5.0/ERMS/wav/arctic_a0013.wav,data/l2arctic_release_v5.0/ERMS/annotation/arctic_a0013.TextGrid
BWC,arctic_b0185,data/l2arctic_release_v5.0/BWC/wav/arctic_b0185.wav,data/l2arctic_release_v5.0/BWC/annotation/arctic_b0185.TextGrid
ERMS,arctic_a0018,data/l2arctic_release_v5.0/ERMS/wav/arctic_a0018.wav,data/l2arctic_release_v5.0/ERMS/annotation/arctic_a0018.TextGrid
BWC,arctic_a0093,data/l2arctic_release_v5.0/BWC/wav/arctic_a0093.wav,data/l2arctic_release_v5.0/BWC/annotation/arctic_a0093.TextGrid
HKK,arctic_a0115,data/l2arctic_release_v5.0/HKK/wav/arctic_a0115.wav,data/l2arctic_release_v5.0/HKK/annotation/arctic_a0115.TextGrid
ABA,arctic_a0100,data/l2arctic_release_v5.0/ABA/wav/arctic_a0100.wav,data/l2arctic_release_v5.0/ABA/annotation/arctic_a0100.TextGrid
YBAA,arctic_a0137,data/l2arctic_release_v5.0/YBAA/wav/arctic_a0137.wav,data/l2arctic_release_v5.0/YBAA/annotation/arctic_a0137.TextGrid
ZHAA,arctic_a0214,data/l2arctic_release_v5.0/ZHAA/wav/arctic_a0214.wav,data/l2arctic_release_v5.0/ZHAA/annotation/arctic_a0214.TextGrid
YBAA,arctic_b0348,data/l2arctic_release_v5.0/YBAA/wav/arctic_b0348.wav,data/l2arctic_release_v5.0/YBAA/annotation/arctic_b0348.TextGrid
YBAA,arctic_a0257,data/l2arctic_release_v5.0/YBAA/wav/arctic_a0257.wav,data/l2arctic_release_v5.0/YBAA/annotation/arctic_a0257.TextGrid
HKK,arctic_a0088,data/l2arctic_release_v5.0/HKK/wav/arctic_a0088.wav,data/l2arctic_release_v5.0/HKK/annotation/arctic_a0088.TextGrid
TNI,arctic_a0045,data/l2arctic_release_v5.0/TNI/wav/arctic_a0045.wav,data/l2arctic_release_v5.0/TNI/annotation/arctic_a0045.TextGrid
BWC,arctic_a0046,data/l2arctic_release_v5.0/BWC/wav/arctic_a0046.wav,data/l2arctic_release_v5.0/BWC/annotation/arctic_a0046.TextGrid
SVBI,arctic_a0103,data/l2arctic_release_v5.0/SVBI/wav/arctic_a0103.wav,data/l2arctic_release_v5.0/SVBI/annotation/arctic_a0103.TextGrid
ASI,arctic_a0082,data/l2arctic_release_v5.0/ASI/wav/arctic_a0082.wav,data/l2arctic_release_v5.0/ASI/annotation/arctic_a0082.TextGrid
HKK,arctic_a0143,data/l2arctic_release_v5.0/HKK/wav/arctic_a0143.wav,data/l2arctic_release_v5.0/HKK/annotation/arctic_a0143.TextGrid
HJK,arctic_a0054,data/l2arctic_release_v5.0/HJK/wav/arctic_a0054.wav,data/l2arctic_release_v5.0/HJK/annotation/arctic_a0054.TextGrid
TXHC,arctic_a0120,data/l2arctic_release_v5.0/TXHC/wav/arctic_a0120.wav,data/l2arctic_release_v5.0/TXHC/annotation/arctic_a0120.TextGrid
ERMS,arctic_a0076,data/l2arctic_release_v5.0/ERMS/wav/arctic_a0076.wav,data/l2arctic_release_v5.0/ERMS/annotation/arctic_a0076.TextGrid
RRBI,arctic_a0120,data/l2arctic_release_v5.0/RRBI/wav/arctic_a0120.wav,data/l2arctic_release_v5.0/RRBI/annotation/arctic_a0120.TextGrid
YKWK,arctic_a0021,data/l2arctic_release_v5.0/YKWK/wav/arctic_a0021.wav,data/l2arctic_release_v5.0/YKWK/annotation/arctic_a0021.TextGrid
ASI,arctic_a0123,data/l2arctic_release_v5.0/ASI/wav/arctic_a0123.wav,data/l2arctic_release_v5.0/ASI/annotation/arctic_a0123.TextGrid
TNI,arctic_b0017,data/l2arctic_release_v5.0/TNI/wav/arctic_b0017.wav,data/l2arctic_release_v5.0/TNI/annotation/arctic_b0017.TextGrid
YBAA,arctic_a0159,data/l2arctic_release_v5.0/YBAA/wav/arctic_a0159.wav,data/l2arctic_release_v5.0/YBAA/annotation/arctic_a0159.TextGrid
EBVS,arctic_a0254,data/l2arctic_release_v5.0/EBVS/wav/arctic_a0254.wav,data/l2arctic_release_v5.0/EBVS/annotation/arctic_a0254.TextGrid
HJK,arctic_a0097,data/l2arctic_release_v5.0/HJK/wav/arctic_a0097.wav,data/l2arctic_release_v5.0/HJK/annotation/arctic_a0097.TextGrid
NCC,arctic_a0048,data/l2arctic_release_v5.0/NCC/wav/arctic_a0048.wav,data/l2arctic_release_v5.0/NCC/annotation/arctic_a0048.TextGrid
ABA,arctic_a0065,data/l2arctic_release_v5.0/ABA/wav/arctic_a0065.wav,data/l2arctic_release_v5.0/ABA/annotation/arctic_a0065.TextGrid
ERMS,arctic_a0104,data/l2arctic_release_v5.0/ERMS/wav/arctic_a0104.wav,data/l2arctic_release_v5.0/ERMS/annotation/arctic_a0104.TextGrid
HQTV,arctic_a0515,data/l2arctic_release_v5.0/HQTV/wav/arctic_a0515.wav,data/l2arctic_release_v5.0/HQTV/annotation/arctic_a0515.TextGrid
SKA,arctic_a0123,data/l2arctic_release_v5.0/SKA/wav/arctic_a0123.wav,data/l2arctic_release_v5.0/SKA/annotation/arctic_a0123.TextGrid
ASI,arctic_a0126,data/l2arctic_release_v5.0/ASI/wav/arctic_a0126.wav,data/l2arctic_release_v5.0/ASI/annotation/arctic_a0126.TextGrid
HQTV,arctic_a0139,data/l2arctic_release_v5.0/HQTV/wav/arctic_a0139.wav,data/l2arctic_release_v5.0/HQTV/annotation/arctic_a0139.TextGrid
SVBI,arctic_a0075,data/l2arctic_release_v5.0/SVBI/wav/arctic_a0075.wav,data/l2arctic_release_v5.0/SVBI/annotation/arctic_a0075.TextGrid
EBVS,arctic_a0022,data/l2arctic_release_v5.0/EBVS/wav/arctic_a0022.wav,data/l2arctic_release_v5.0/EBVS/annotation/arctic_a0022.TextGrid
YBAA,arctic_a0108,data/l2arctic_release_v5.0/YBAA/wav/arctic_a0108.wav,data/l2arctic_release_v5.0/YBAA/annotation/arctic_a0108.TextGrid
LXC,arctic_b0483,data/l2arctic_release_v5.0/LXC/wav/arctic_b0483.wav,data/l2arctic_release_v5.0/LXC/annotation/arctic_b0483.TextGrid
ZHAA,arctic_a0078,data/l2arctic_release_v5.0/ZHAA/wav/arctic_a0078.wav,data/l2arctic_release_v5.0/ZHAA/annotation/arctic_a0078.TextGrid
BWC,arctic_a0515,data/l2arctic_release_v5.0/BWC/wav/arctic_a0515.wav,data/l2arctic_release_v5.0/BWC/annotation/arctic_a0515.TextGrid
NJS,arctic_a0148,data/l2arctic_release_v5.0/NJS/wav/arctic_a0148.wav,data/l2arctic_release_v5.0/NJS/annotation/arctic_a0148.TextGrid
HJK,arctic_b0225,data/l2arctic_release_v5.0/HJK/wav/arctic_b0225.wav,data/l2arctic_release_v5.0/HJK/annotation/arctic_b0225.TextGrid
NCC,arctic_a0031,data/l2arctic_release_v5.0/NCC/wav/arctic_a0031.wav,data/l2arctic_release_v5.0/NCC/annotation/arctic_a0031.TextGrid
SKA,arctic_a0036,data/l2arctic_release_v5.0/SKA/wav/arctic_a0036.wav,data/l2arctic_release_v5.0/SKA/annotation/arctic_a0036.TextGrid
HJK,arctic_a0089,data/l2arctic_release_v5.0/HJK/wav/arctic_a0089.wav,data/l2arctic_release_v5.0/HJK/annotation/arctic_a0089.TextGrid
YBAA,arctic_a0120,data/l2arctic_release_v5.0/YBAA/wav/arctic_a0120.wav,data/l2arctic_release_v5.0/YBAA/annotation/arctic_a0120.TextGrid
NJS,arctic_a0059,data/l2arctic_release_v5.0/NJS/wav/arctic_a0059.wav,data/l2arctic_release_v5.0/NJS/annotation/arctic_a0059.TextGrid
YDCK,arctic_a0031,data/l2arctic_release_v5.0/YDCK/wav/arctic_a0031.wav,data/l2arctic_release_v5.0/YDCK/annotation/arctic_a0031.TextGrid
TXHC,arctic_a0106,data/l2arctic_release_v5.0/TXHC/wav/arctic_a0106.wav,data/l2arctic_release_v5.0/TXHC/annotation/arctic_a0106.TextGrid
BWC,arctic_a0025,data/l2arctic_release_v5.0/BWC/wav/arctic_a0025.wav,data/l2arctic_release_v5.0/BWC/annotation/arctic_a0025.TextGrid
RRBI,arctic_a0008,data/l2arctic_release_v5.0/RRBI/wav/arctic_a0008.wav,data/l2arctic_release_v5.0/RRBI/annotation/arctic_a0008.TextGrid
ERMS,arctic_a0401,data/l2arctic_release_v5.0/ERMS/wav/arctic_a0401.wav,data/l2arctic_release_v5.0/ERMS/annotation/arctic_a0401.TextGrid
YDCK,arctic_a0128,data/l2arctic_release_v5.0/YDCK/wav/arctic_a0128.wav,data/l2arctic_release_v5.0/YDCK/annotation/arctic_a0128.TextGrid
YBAA,arctic_b0455,data/l2arctic_release_v5.0/YBAA/wav/arctic_b0455.wav,data/l2arctic_release_v5.0/YBAA/annotation/arctic_b0455.TextGrid
YKWK,arctic_a0375,data/l2arctic_release_v5.0/YKWK/wav/arctic_a0375.wav,data/l2arctic_release_v5.0/YKWK/annotation/arctic_a0375.TextGrid
ZHAA,arctic_a0023,data/l2arctic_release_v5.0/ZHAA/wav/arctic_a0023.wav,data/l2arctic_release_v5.0/ZHAA/annotation/arctic_a0023.TextGrid
MBMPS,arctic_a0113,data/l2arctic_release_v5.0/MBMPS/wav/arctic_a0113.wav,data/l2arctic_release_v5.0/MBMPS/annotation/arctic_a0113.TextGrid
MBMPS,arctic_a0098,data/l2arctic_release_v5.0/MBMPS/wav/arctic_a0098.wav,data/l2arctic_release_v5.0/MBMPS/annotation/arctic_a0098.TextGrid
NJS,arctic_a0102,data/l2arctic_release_v5.0/NJS/wav/arctic_a0102.wav,data/l2arctic_release_v5.0/NJS/annotation/arctic_a0102.TextGrid
THV,arctic_a0542,data/l2arctic_release_v5.0/THV/wav/arctic_a0542.wav,data/l2arctic_release_v5.0/THV/annotation/arctic_a0542.TextGrid
SKA,arctic_a0426,data/l2arctic_release_v5.0/SKA/wav/arctic_a0426.wav,data/l2arctic_release_v5.0/SKA/annotation/arctic_a0426.TextGrid
BWC,arctic_b0456,data/l2arctic_release_v5.0/BWC/wav/arctic_b0456.wav,data/l2arctic_release_v5.0/BWC/annotation/arctic_b0456.TextGrid
ERMS,arctic_a0019,data/l2arctic_release_v5.0/ERMS/wav/arctic_a0019.wav,data/l2arctic_release_v5.0/ERMS/annotation/arctic_a0019.TextGrid
YDCK,arctic_a0144,data/l2arctic_release_v5.0/YDCK/wav/arctic_a0144.wav,data/l2arctic_release_v5.0/YDCK/annotation/arctic_a0144.TextGrid
ASI,arctic_a0090,data/l2arctic_release_v5.0/ASI/wav/arctic_a0090.wav,data/l2arctic_release_v5.0/ASI/annotation/arctic_a0090.TextGrid
TNI,arctic_b0141,data/l2arctic_release_v5.0/TNI/wav/arctic_b0141.wav,data/l2arctic_release_v5.0/TNI/annotation/arctic_b0141.TextGrid
MBMPS,arctic_a0073,data/l2arctic_release_v5.0/MBMPS/wav/arctic_a0073.wav,data/l2arctic_release_v5.0/MBMPS/annotation/arctic_a0073.TextGrid
TNI,arctic_a0076,data/l2arctic_release_v5.0/TNI/wav/arctic_a0076.wav,data/l2arctic_release_v5.0/TNI/annotation/arctic_a0076.TextGrid
TNI,arctic_b0081,data/l2arctic_release_v5.0/TNI/wav/arctic_b0081.wav,data/l2arctic_release_v5.0/TNI/annotation/arctic_b0081.TextGrid
TNI,arctic_a0064,data/l2arctic_release_v5.0/TNI/wav/arctic_a0064.wav,data/l2arctic_release_v5.0/TNI/annotation/arctic_a0064.TextGrid
BWC,arctic_b0418,data/l2arctic_release_v5.0/BWC/wav/arctic_b0418.wav,data/l2arctic_release_v5.0/BWC/annotation/arctic_b0418.TextGrid
TXHC,arctic_b0415,data/l2arctic_release_v5.0/TXHC/wav/arctic_b0415.wav,data/l2arctic_release_v5.0/TXHC/annotation/arctic_b0415.TextGrid
NCC,arctic_a0091,data/l2arctic_release_v5.0/NCC/wav/arctic_a0091.wav,data/l2arctic_release_v5.0/NCC/annotation/arctic_a0091.TextGrid
ABA,arctic_a0019,data/l2arctic_release_v5.0/ABA/wav/arctic_a0019.wav,data/l2arctic_release_v5.0/ABA/annotation/arctic_a0019.TextGrid
YDCK,arctic_a0021,data/l2arctic_release_v5.0/YDCK/wav/arctic_a0021.wav,data/l2arctic_release_v5.0/YDCK/annotation/arctic_a0021.TextGrid
HQTV,arctic_a0178,data/l2arctic_release_v5.0/HQTV/wav/arctic_a0178.wav,data/l2arctic_release_v5.0/HQTV/annotation/arctic_a0178.TextGrid
YDCK,arctic_a0143,data/l2arctic_release_v5.0/YDCK/wav/arctic_a0143.wav,data/l2arctic_release_v5.0/YDCK/annotation/arctic_a0143.TextGrid
HKK,arctic_a0027,data/l2arctic_release_v5.0/HKK/wav/arctic_a0027.wav,data/l2arctic_release_v5.0/HKK/annotation/arctic_a0027.TextGrid
ZHAA,arctic_a0091,data/l2arctic_release_v5.0/ZHAA/wav/arctic_a0091.wav,data/l2arctic_release_v5.0/ZHAA/annotation/arctic_a0091.TextGrid
PNV,arctic_a0073,data/l2arctic_release_v5.0/PNV/wav/arctic_a0073.wav,data/l2arctic_release_v5.0/PNV/annotation/arctic_a0073.TextGrid
ASI,arctic_a0048,data/l2arctic_release_v5.0/ASI/wav/arctic_a0048.wav,data/l2arctic_release_v5.0/ASI/annotation/arctic_a0048.TextGrid
ASI,arctic_a0269,data/l2arctic_release_v5.0/ASI/wav/arctic_a0269.wav,data/l2arctic_release_v5.0/ASI/annotation/arctic_a0269.TextGrid
ABA,arctic_a0134,data/l2arctic_release_v5.0/ABA/wav/arctic_a0134.wav,data/l2arctic_release_v5.0/ABA/annotation/arctic_a0134.TextGrid
ZHAA,arctic_a0134,data/l2arctic_release_v5.0/ZHAA/wav/arctic_a0134.wav,data/l2arctic_release_v5.0/ZHAA/annotation/arctic_a0134.TextGrid
ASI,arctic_a0086,data/l2arctic_release_v5.0/ASI/wav/arctic_a0086.wav,data/l2arctic_release_v5.0/ASI/annotation/arctic_a0086.TextGrid
YDCK,arctic_a0011,data/l2arctic_release_v5.0/YDCK/wav/arctic_a0011.wav,data/l2arctic_release_v5.0/YDCK/annotation/arctic_a0011.TextGrid
NJS,arctic_b0070,data/l2arctic_release_v5.0/NJS/wav/arctic_b0070.wav,data/l2arctic_release_v5.0/NJS/annotation/arctic_b0070.TextGrid
TNI,arctic_a0272,data/l2arctic_release_v5.0/TNI/wav/arctic_a0272.wav,data/l2arctic_release_v5.0/TNI/annotation/arctic_a0272.TextGrid
ZHAA,arctic_a0065,data/l2arctic_release_v5.0/ZHAA/wav/arctic_a0065.wav,data/l2arctic_release_v5.0/ZHAA/annotation/arctic_a0065.TextGrid
EBVS,arctic_a0137,data/l2arctic_release_v5.0/EBVS/wav/arctic_a0137.wav,data/l2arctic_release_v5.0/EBVS/annotation/arctic_a0137.TextGrid
LXC,arctic_a0120,data/l2arctic_release_v5.0/LXC/wav/arctic_a0120.wav,data/l2arctic_release_v5.0/LXC/annotation/arctic_a0120.TextGrid
THV,arctic_a0104,data/l2arctic_release_v5.0/THV/wav/arctic_a0104.wav,data/l2arctic_release_v5.0/THV/annotation/arctic_a0104.TextGrid
TXHC,arctic_b0142,data/l2arctic_release_v5.0/TXHC/wav/arctic_b0142.wav,data/l2arctic_release_v5.0/TXHC/annotation/arctic_b0142.TextGrid
TLV,arctic_a0107,data/l2arctic_release_v5.0/TLV/wav/arctic_a0107.wav,data/l2arctic_release_v5.0/TLV/annotation/arctic_a0107.TextGrid
PNV,arctic_a0024,data/l2arctic_release_v5.0/PNV/wav/arctic_a0024.wav,data/l2arctic_release_v5.0/PNV/annotation/arctic_a0024.TextGrid
SKA,arctic_a0090,data/l2arctic_release_v5.0/SKA/wav/arctic_a0090.wav,data/l2arctic_release_v5.0/SKA/annotation/arctic_a0090.TextGrid
EBVS,arctic_a0047,data/l2arctic_release_v5.0/EBVS/wav/arctic_a0047.wav,data/l2arctic_release_v5.0/EBVS/annotation/arctic_a0047.TextGrid
ASI,arctic_b0047,data/l2arctic_release_v5.0/ASI/wav/arctic_b0047.wav,data/l2arctic_release_v5.0/ASI/annotation/arctic_b0047.TextGrid
NCC,arctic_a0041,data/l2arctic_release_v5.0/NCC/wav/arctic_a0041.wav,data/l2arctic_release_v5.0/NCC/annotation/arctic_a0041.TextGrid
ZHAA,arctic_a0257,data/l2arctic_release_v5.0/ZHAA/wav/arctic_a0257.wav,data/l2arctic_release_v5.0/ZHAA/annotation/arctic_a0257.TextGrid
TXHC,arctic_a0024,data/l2arctic_release_v5.0/TXHC/wav/arctic_a0024.wav,data/l2arctic_release_v5.0/TXHC/annotation/arctic_a0024.TextGrid
ABA,arctic_a0051,data/l2arctic_release_v5.0/ABA/wav/arctic_a0051.wav,data/l2arctic_release_v5.0/ABA/annotation/arctic_a0051.TextGrid
THV,arctic_a0225,data/l2arctic_release_v5.0/THV/wav/arctic_a0225.wav,data/l2arctic_release_v5.0/THV/annotation/arctic_a0225.TextGrid
TNI,arctic_a0025,data/l2arctic_release_v5.0/TNI/wav/arctic_a0025.wav,data/l2arctic_release_v5.0/TNI/annotation/arctic_a0025.TextGrid
HJK,arctic_a0104,data/l2arctic_release_v5.0/HJK/wav/arctic_a0104.wav,data/l2arctic_release_v5.0/HJK/annotation/arctic_a0104.TextGrid
ERMS,arctic_a0031,data/l2arctic_release_v5.0/ERMS/wav/arctic_a0031.wav,data/l2arctic_release_v5.0/ERMS/annotation/arctic_a0031.TextGrid
HJK,arctic_a0006,data/l2arctic_release_v5.0/HJK/wav/arctic_a0006.wav,data/l2arctic_release_v5.0/HJK/annotation/arctic_a0006.TextGrid
HKK,arctic_a0178,data/l2arctic_release_v5.0/HKK/wav/arctic_a0178.wav,data/l2arctic_release_v5.0/HKK/annotation/arctic_a0178.TextGrid
BWC,arctic_b0488,data/l2arctic_release_v5.0/BWC/wav/arctic_b0488.wav,data/l2arctic_release_v5.0/BWC/annotation/arctic_b0488.TextGrid
HKK,arctic_a0028,data/l2arctic_release_v5.0/HKK/wav/arctic_a0028.wav,data/l2arctic_release_v5.0/HKK/annotation/arctic_a0028.TextGrid
TLV,arctic_a0028,data/l2arctic_release_v5.0/TLV/wav/arctic_a0028.wav,data/l2arctic_release_v5.0/TLV/annotation/arctic_a0028.TextGrid
TNI,arctic_a0058,data/l2arctic_release_v5.0/TNI/wav/arctic_a0058.wav,data/l2arctic_release_v5.0/TNI/annotation/arctic_a0058.TextGrid
HJK,arctic_a0032,data/l2arctic_release_v5.0/HJK/wav/arctic_a0032.wav,data/l2arctic_release_v5.0/HJK/annotation/arctic_a0032.TextGrid
ERMS,arctic_a0078,data/l2arctic_release_v5.0/ERMS/wav/arctic_a0078.wav,data/l2arctic_release_v5.0/ERMS/annotation/arctic_a0078.TextGrid
ZHAA,arctic_a0011,data/l2arctic_release_v5.0/ZHAA/wav/arctic_a0011.wav,data/l2arctic_release_v5.0/ZHAA/annotation/arctic_a0011.TextGrid
ERMS,arctic_a0105,data/l2arctic_release_v5.0/ERMS/wav/arctic_a0105.wav,data/l2arctic_release_v5.0/ERMS/annotation/arctic_a0105.TextGrid
TXHC,arctic_b0385,data/l2arctic_release_v5.0/TXHC/wav/arctic_b0385.wav,data/l2arctic_release_v5.0/TXHC/annotation/arctic_b0385.TextGrid
LXC,arctic_a0058,data/l2arctic_release_v5.0/LXC/wav/arctic_a0058.wav,data/l2arctic_release_v5.0/LXC/annotation/arctic_a0058.TextGrid
THV,arctic_a0030,data/l2arctic_release_v5.0/THV/wav/arctic_a0030.wav,data/l2arctic_release_v5.0/THV/annotation/arctic_a0030.TextGrid
RRBI,arctic_a0139,data/l2arctic_release_v5.0/RRBI/wav/arctic_a0139.wav,data/l2arctic_release_v5.0/RRBI/annotation/arctic_a0139.TextGrid
YDCK,arctic_a0416,data/l2arctic_release_v5.0/YDCK/wav/arctic_a0416.wav,data/l2arctic_release_v5.0/YDCK/annotation/arctic_a0416.TextGrid
SKA,arctic_a0125,data/l2arctic_release_v5.0/SKA/wav/arctic_a0125.wav,data/l2arctic_release_v5.0/SKA/annotation/arctic_a0125.TextGrid
NCC,arctic_a0054,data/l2arctic_release_v5.0/NCC/wav/arctic_a0054.wav,data/l2arctic_release_v5.0/NCC/annotation/arctic_a0054.TextGrid
ABA,arctic_a0082,data/l2arctic_release_v5.0/ABA/wav/arctic_a0082.wav,data/l2arctic_release_v5.0/ABA/annotation/arctic_a0082.TextGrid
TNI,arctic_a0029,data/l2arctic_release_v5.0/TNI/wav/arctic_a0029.wav,data/l2arctic_release_v5.0/TNI/annotation/arctic_a0029.TextGrid
LXC,arctic_a0021,data/l2arctic_release_v5.0/LXC/wav/arctic_a0021.wav,data/l2arctic_release_v5.0/LXC/annotation/arctic_a0021.TextGrid
YDCK,arctic_a0032,data/l2arctic_release_v5.0/YDCK/wav/arctic_a0032.wav,data/l2arctic_release_v5.0/YDCK/annotation/arctic_a0032.TextGrid
NCC,arctic_a0129,data/l2arctic_release_v5.0/NCC/wav/arctic_a0129.wav,data/l2arctic_release_v5.0/NCC/annotation/arctic_a0129.TextGrid
BWC,arctic_a0106,data/l2arctic_release_v5.0/BWC/wav/arctic_a0106.wav,data/l2arctic_release_v5.0/BWC/annotation/arctic_a0106.TextGrid
NCC,arctic_a0515,data/l2arctic_release_v5.0/NCC/wav/arctic_a0515.wav,data/l2arctic_release_v5.0/NCC/annotation/arctic_a0515.TextGrid
THV,arctic_b0189,data/l2arctic_release_v5.0/THV/wav/arctic_b0189.wav,data/l2arctic_release_v5.0/THV/annotation/arctic_b0189.TextGrid
HJK,arctic_a0030,data/l2arctic_release_v5.0/HJK/wav/arctic_a0030.wav,data/l2arctic_release_v5.0/HJK/annotation/arctic_a0030.TextGrid
RRBI,arctic_a0125,data/l2arctic_release_v5.0/RRBI/wav/arctic_a0125.wav,data/l2arctic_release_v5.0/RRBI/annotation/arctic_a0125.TextGrid
ERMS,arctic_a0075,data/l2arctic_release_v5.0/ERMS/wav/arctic_a0075.wav,data/l2arctic_release_v5.0/ERMS/annotation/arctic_a0075.TextGrid
SVBI,arctic_a0384,data/l2arctic_release_v5.0/SVBI/wav/arctic_a0384.wav,data/l2arctic_release_v5.0/SVBI/annotation/arctic_a0384.TextGrid
NJS,arctic_a0041,data/l2arctic_release_v5.0/NJS/wav/arctic_a0041.wav,data/l2arctic_release_v5.0/NJS/annotation/arctic_a0041.TextGrid
YBAA,arctic_a0131,data/l2arctic_release_v5.0/YBAA/wav/arctic_a0131.wav,data/l2arctic_release_v5.0/YBAA/annotation/arctic_a0131.TextGrid
TLV,arctic_a0105,data/l2arctic_release_v5.0/TLV/wav/arctic_a0105.wav,data/l2arctic_release_v5.0/TLV/annotation/arctic_a0105.TextGrid
YBAA,arctic_a0051,data/l2arctic_release_v5.0/YBAA/wav/arctic_a0051.wav,data/l2arctic_release_v5.0/YBAA/annotation/arctic_a0051.TextGrid
YBAA,arctic_a0039,data/l2arctic_release_v5.0/YBAA/wav/arctic_a0039.wav,data/l2arctic_release_v5.0/YBAA/annotation/arctic_a0039.TextGrid
BWC,arctic_a0067,data/l2arctic_release_v5.0/BWC/wav/arctic_a0067.wav,data/l2arctic_release_v5.0/BWC/annotation/arctic_a0067.TextGrid
SKA,arctic_a0379,data/l2arctic_release_v5.0/SKA/wav/arctic_a0379.wav,data/l2arctic_release_v5.0/SKA/annotation/arctic_a0379.TextGrid
HKK,arctic_a0058,data/l2arctic_release_v5.0/HKK/wav/arctic_a0058.wav,data/l2arctic_release_v5.0/HKK/annotation/arctic_a0058.TextGrid
ASI,arctic_a0075,data/l2arctic_release_v5.0/ASI/wav/arctic_a0075.wav,data/l2arctic_release_v5.0/ASI/annotation/arctic_a0075.TextGrid
MBMPS,arctic_a0556,data/l2arctic_release_v5.0/MBMPS/wav/arctic_a0556.wav,data/l2arctic_release_v5.0/MBMPS/annotation/arctic_a0556.TextGrid
YKWK,arctic_a0100,data/l2arctic_release_v5.0/YKWK/wav/arctic_a0100.wav,data/l2arctic_release_v5.0/YKWK/annotation/arctic_a0100.TextGrid
LXC,arctic_b0203,data/l2arctic_release_v5.0/LXC/wav/arctic_b0203.wav,data/l2arctic_release_v5.0/LXC/annotation/arctic_b0203.TextGrid
HKK,arctic_b0518,data/l2arctic_release_v5.0/HKK/wav/arctic_b0518.wav,data/l2arctic_release_v5.0/HKK/annotation/arctic_b0518.TextGrid
RRBI,arctic_b0002,data/l2arctic_release_v5.0/RRBI/wav/arctic_b0002.wav,data/l2arctic_release_v5.0/RRBI/annotation/arctic_b0002.TextGrid
BWC,arctic_a0086,data/l2arctic_release_v5.0/BWC/wav/arctic_a0086.wav,data/l2arctic_release_v5.0/BWC/annotation/arctic_a0086.TextGrid
TLV,arctic_a0067,data/l2arctic_release_v5.0/TLV/wav/arctic_a0067.wav,data/l2arctic_release_v5.0/TLV/annotation/arctic_a0067.TextGrid
THV,arctic_a0122,data/l2arctic_release_v5.0/THV/wav/arctic_a0122.wav,data/l2arctic_release_v5.0/THV/annotation/arctic_a0122.TextGrid
HJK,arctic_a0095,data/l2arctic_release_v5.0/HJK/wav/arctic_a0095.wav,data/l2arctic_release_v5.0/HJK/annotation/arctic_a0095.TextGrid
HQTV,arctic_a0075,data/l2arctic_release_v5.0/HQTV/wav/arctic_a0075.wav,data/l2arctic_release_v5.0/HQTV/annotation/arctic_a0075.TextGrid
LXC,arctic_b0430,data/l2arctic_release_v5.0/LXC/wav/arctic_b0430.wav,data/l2arctic_release_v5.0/LXC/annotation/arctic_b0430.TextGrid
TNI,arctic_a0127,data/l2arctic_release_v5.0/TNI/wav/arctic_a0127.wav,data/l2arctic_release_v5.0/TNI/annotation/arctic_a0127.TextGrid
RRBI,arctic_a0027,data/l2arctic_release_v5.0/RRBI/wav/arctic_a0027.wav,data/l2arctic_release_v5.0/RRBI/annotation/arctic_a0027.TextGrid
ASI,arctic_b0118,data/l2arctic_release_v5.0/ASI/wav/arctic_b0118.wav,data/l2arctic_release_v5.0/ASI/annotation/arctic_b0118.TextGrid
SKA,arctic_b0324,data/l2arctic_release_v5.0/SKA/wav/arctic_b0324.wav,data/l2arctic_release_v5.0/SKA/annotation/arctic_b0324.TextGrid
ZHAA,arctic_a0128,data/l2arctic_release_v5.0/ZHAA/wav/arctic_a0128.wav,data/l2arctic_release_v5.0/ZHAA/annotation/arctic_a0128.TextGrid
HKK,arctic_a0024,data/l2arctic_release_v5.0/HKK/wav/arctic_a0024.wav,data/l2arctic_release_v5.0/HKK/annotation/arctic_a0024.TextGrid
TLV,arctic_a0021,data/l2arctic_release_v5.0/TLV/wav/arctic_a0021.wav,data/l2arctic_release_v5.0/TLV/annotation/arctic_a0021.TextGrid
YKWK,arctic_b0022,data/l2arctic_release_v5.0/YKWK/wav/arctic_b0022.wav,data/l2arctic_release_v5.0/YKWK/annotation/arctic_b0022.TextGrid
HQTV,arctic_a0459,data/l2arctic_release_v5.0/HQTV/wav/arctic_a0459.wav,data/l2arctic_release_v5.0/HQTV/annotation/arctic_a0459.TextGrid
ASI,arctic_a0039,data/l2arctic_release_v5.0/ASI/wav/arctic_a0039.wav,data/l2arctic_release_v5.0/ASI/annotation/arctic_a0039.TextGrid
BWC,arctic_b0400,data/l2arctic_release_v5.0/BWC/wav/arctic_b0400.wav,data/l2arctic_release_v5.0/BWC/annotation/arctic_b0400.TextGrid
ZHAA,arctic_a0441,data/l2arctic_release_v5.0/ZHAA/wav/arctic_a0441.wav,data/l2arctic_release_v5.0/ZHAA/annotation/arctic_a0441.TextGrid
YDCK,arctic_a0090,data/l2arctic_release_v5.0/YDCK/wav/arctic_a0090.wav,data/l2arctic_release_v5.0/YDCK/annotation/arctic_a0090.TextGrid
ABA,arctic_b0494,data/l2arctic_release_v5.0/ABA/wav/arctic_b0494.wav,data/l2arctic_release_v5.0/ABA/annotation/arctic_b0494.TextGrid
TLV,arctic_a0131,data/l2arctic_release_v5.0/TLV/wav/arctic_a0131.wav,data/l2arctic_release_v5.0/TLV/annotation/arctic_a0131.TextGrid
NJS,arctic_a0086,data/l2arctic_release_v5.0/NJS/wav/arctic_a0086.wav,data/l2arctic_release_v5.0/NJS/annotation/arctic_a0086.TextGrid
RRBI,arctic_a0102,data/l2arctic_release_v5.0/RRBI/wav/arctic_a0102.wav,data/l2arctic_release_v5.0/RRBI/annotation/arctic_a0102.TextGrid
ZHAA,arctic_a0108,data/l2arctic_release_v5.0/ZHAA/wav/arctic_a0108.wav,data/l2arctic_release_v5.0/ZHAA/annotation/arctic_a0108.TextGrid
HJK,arctic_a0020,data/l2arctic_release_v5.0/HJK/wav/arctic_a0020.wav,data/l2arctic_release_v5.0/HJK/annotation/arctic_a0020.TextGrid
TLV,arctic_a0041,data/l2arctic_release_v5.0/TLV/wav/arctic_a0041.wav,data/l2arctic_release_v5.0/TLV/annotation/arctic_a0041.TextGrid
HKK,arctic_b0215,data/l2arctic_release_v5.0/HKK/wav/arctic_b0215.wav,data/l2arctic_release_v5.0/HKK/annotation/arctic_b0215.TextGrid
NCC,arctic_b0479,data/l2arctic_release_v5.0/NCC/wav/arctic_b0479.wav,data/l2arctic_release_v5.0/NCC/annotation/arctic_b0479.TextGrid
EBVS,arctic_a0096,data/l2arctic_release_v5.0/EBVS/wav/arctic_a0096.wav,data/l2arctic_release_v5.0/EBVS/annotation/arctic_a0096.TextGrid
EBVS,arctic_a0020,data/l2arctic_release_v5.0/EBVS/wav/arctic_a0020.wav,data/l2arctic_release_v5.0/EBVS/annotation/arctic_a0020.TextGrid
ERMS,arctic_a0027,data/l2arctic_release_v5.0/ERMS/wav/arctic_a0027.wav,data/l2arctic_release_v5.0/ERMS/annotation/arctic_a0027.TextGrid
SVBI,arctic_a0199,data/l2arctic_release_v5.0/SVBI/wav/arctic_a0199.wav,data/l2arctic_release_v5.0/SVBI/annotation/arctic_a0199.TextGrid
YKWK,arctic_a0122,data/l2arctic_release_v5.0/YKWK/wav/arctic_a0122.wav,data/l2arctic_release_v5.0/YKWK/annotation/arctic_a0122.TextGrid
SKA,arctic_b0506,data/l2arctic_release_v5.0/SKA/wav/arctic_b0506.wav,data/l2arctic_release_v5.0/SKA/annotation/arctic_b0506.TextGrid
NJS,arctic_a0108,data/l2arctic_release_v5.0/NJS/wav/arctic_a0108.wav,data/l2arctic_release_v5.0/NJS/annotation/arctic_a0108.TextGrid
BWC,arctic_b0476,data/l2arctic_release_v5.0/BWC/wav/arctic_b0476.wav,data/l2arctic_release_v5.0/BWC/annotation/arctic_b0476.TextGrid
TXHC,arctic_b0456,data/l2arctic_release_v5.0/TXHC/wav/arctic_b0456.wav,data/l2arctic_release_v5.0/TXHC/annotation/arctic_b0456.TextGrid
ERMS,arctic_a0111,data/l2arctic_release_v5.0/ERMS/wav/arctic_a0111.wav,data/l2arctic_release_v5.0/ERMS/annotation/arctic_a0111.TextGrid
ERMS,arctic_a0260,data/l2arctic_release_v5.0/ERMS/wav/arctic_a0260.wav,data/l2arctic_release_v5.0/ERMS/annotation/arctic_a0260.TextGrid
HJK,arctic_a0021,data/l2arctic_release_v5.0/HJK/wav/arctic_a0021.wav,data/l2arctic_release_v5.0/HJK/annotation/arctic_a0021.TextGrid
ZHAA,arctic_a0103,data/l2arctic_release_v5.0/ZHAA/wav/arctic_a0103.wav,data/l2arctic_release_v5.0/ZHAA/annotation/arctic_a0103.TextGrid
HJK,arctic_a0148,data/l2arctic_release_v5.0/HJK/wav/arctic_a0148.wav,data/l2arctic_release_v5.0/HJK/annotation/arctic_a0148.TextGrid
SVBI,arctic_a0292,data/l2arctic_release_v5.0/SVBI/wav/arctic_a0292.wav,data/l2arctic_release_v5.0/SVBI/annotation/arctic_a0292.TextGrid
LXC,arctic_a0008,data/l2arctic_release_v5.0/LXC/wav/arctic_a0008.wav,data/l2arctic_release_v5.0/LXC/annotation/arctic_a0008.TextGrid
YDCK,arctic_a0047,data/l2arctic_release_v5.0/YDCK/wav/arctic_a0047.wav,data/l2arctic_release_v5.0/YDCK/annotation/arctic_a0047.TextGrid
THV,arctic_b0509,data/l2arctic_release_v5.0/THV/wav/arctic_b0509.wav,data/l2arctic_release_v5.0/THV/annotation/arctic_b0509.TextGrid
MBMPS,arctic_a0500,data/l2arctic_release_v5.0/MBMPS/wav/arctic_a0500.wav,data/l2arctic_release_v5.0/MBMPS/annotation/arctic_a0500.TextGrid
BWC,arctic_b0288,data/l2arctic_release_v5.0/BWC/wav/arctic_b0288.wav,data/l2arctic_release_v5.0/BWC/annotation/arctic_b0288.TextGrid
RRBI,arctic_a0191,data/l2arctic_release_v5.0/RRBI/wav/arctic_a0191.wav,data/l2arctic_release_v5.0/RRBI/annotation/arctic_a0191.TextGrid
NJS,arctic_a0111,data/l2arctic_release_v5.0/NJS/wav/arctic_a0111.wav,data/l2arctic_release_v5.0/NJS/annotation/arctic_a0111.TextGrid
YBAA,arctic_b0150,data/l2arctic_release_v5.0/YBAA/wav/arctic_b0150.wav,data/l2arctic_release_v5.0/YBAA/annotation/arctic_b0150.TextGrid
PNV,arctic_a0375,data/l2arctic_release_v5.0/PNV/wav/arctic_a0375.wav,data/l2arctic_release_v5.0/PNV/annotation/arctic_a0375.TextGrid
YKWK,arctic_b0518,data/l2arctic_release_v5.0/YKWK/wav/arctic_b0518.wav,data/l2arctic_release_v5.0/YKWK/annotation/arctic_b0518.TextGrid
YBAA,arctic_b0146,data/l2arctic_release_v5.0/YBAA/wav/arctic_b0146.wav,data/l2arctic_release_v5.0/YBAA/annotation/arctic_b0146.TextGrid
BWC,arctic_b0461,data/l2arctic_release_v5.0/BWC/wav/arctic_b0461.wav,data/l2arctic_release_v5.0/BWC/annotation/arctic_b0461.TextGrid
YKWK,arctic_a0416,data/l2arctic_release_v5.0/YKWK/wav/arctic_a0416.wav,data/l2arctic_release_v5.0/YKWK/annotation/arctic_a0416.TextGrid
YKWK,arctic_a0058,data/l2arctic_release_v5.0/YKWK/wav/arctic_a0058.wav,data/l2arctic_release_v5.0/YKWK/annotation/arctic_a0058.TextGrid
MBMPS,arctic_a0178,data/l2arctic_release_v5.0/MBMPS/wav/arctic_a0178.wav,data/l2arctic_release_v5.0/MBMPS/annotation/arctic_a0178.TextGrid
NJS,arctic_a0103,data/l2arctic_release_v5.0/NJS/wav/arctic_a0103.wav,data/l2arctic_release_v5.0/NJS/annotation/arctic_a0103.TextGrid
HQTV,arctic_b0509,data/l2arctic_release_v5.0/HQTV/wav/arctic_b0509.wav,data/l2arctic_release_v5.0/HQTV/annotation/arctic_b0509.TextGrid
ABA,arctic_b0424,data/l2arctic_release_v5.0/ABA/wav/arctic_b0424.wav,data/l2arctic_release_v5.0/ABA/annotation/arctic_b0424.TextGrid
HKK,arctic_a0082,data/l2arctic_release_v5.0/HKK/wav/arctic_a0082.wav,data/l2arctic_release_v5.0/HKK/annotation/arctic_a0082.TextGrid
YDCK,arctic_a0121,data/l2arctic_release_v5.0/YDCK/wav/arctic_a0121.wav,data/l2arctic_release_v5.0/YDCK/annotation/arctic_a0121.TextGrid
ABA,arctic_a0088,data/l2arctic_release_v5.0/ABA/wav/arctic_a0088.wav,data/l2arctic_release_v5.0/ABA/annotation/arctic_a0088.TextGrid
NJS,arctic_a0093,data/l2arctic_release_v5.0/NJS/wav/arctic_a0093.wav,data/l2arctic_release_v5.0/NJS/annotation/arctic_a0093.TextGrid
TLV,arctic_a0042,data/l2arctic_release_v5.0/TLV/wav/arctic_a0042.wav,data/l2arctic_release_v5.0/TLV/annotation/arctic_a0042.TextGrid
RRBI,arctic_a0099,data/l2arctic_release_v5.0/RRBI/wav/arctic_a0099.wav,data/l2arctic_release_v5.0/RRBI/annotation/arctic_a0099.TextGrid
YKWK,arctic_a0045,data/l2arctic_release_v5.0/YKWK/wav/arctic_a0045.wav,data/l2arctic_release_v5.0/YKWK/annotation/arctic_a0045.TextGrid
LXC,arctic_b0465,data/l2arctic_release_v5.0/LXC/wav/arctic_b0465.wav,data/l2arctic_release_v5.0/LXC/annotation/arctic_b0465.TextGrid
PNV,arctic_a0082,data/l2arctic_release_v5.0/PNV/wav/arctic_a0082.wav,data/l2arctic_release_v5.0/PNV/annotation/arctic_a0082.TextGrid
PNV,arctic_a0067,data/l2arctic_release_v5.0/PNV/wav/arctic_a0067.wav,data/l2arctic_release_v5.0/PNV/annotation/arctic_a0067.TextGrid
YBAA,arctic_b0495,data/l2arctic_release_v5.0/YBAA/wav/arctic_b0495.wav,data/l2arctic_release_v5.0/YBAA/annotation/arctic_b0495.TextGrid
ASI,arctic_a0011,data/l2arctic_release_v5.0/ASI/wav/arctic_a0011.wav,data/l2arctic_release_v5.0/ASI/annotation/arctic_a0011.TextGrid
TXHC,arctic_b0461,data/l2arctic_release_v5.0/TXHC/wav/arctic_b0461.wav,data/l2arctic_release_v5.0/TXHC/annotation/arctic_b0461.TextGrid
TLV,arctic_b0201,data/l2arctic_release_v5.0/TLV/wav/arctic_b0201.wav,data/l2arctic_release_v5.0/TLV/annotation/arctic_b0201.TextGrid
PNV,arctic_a0028,data/l2arctic_release_v5.0/PNV/wav/arctic_a0028.wav,data/l2arctic_release_v5.0/PNV/annotation/arctic_a0028.TextGrid
YDCK,arctic_a0122,data/l2arctic_release_v5.0/YDCK/wav/arctic_a0122.wav,data/l2arctic_release_v5.0/YDCK/annotation/arctic_a0122.TextGrid
TXHC,arctic_a0027,data/l2arctic_release_v5.0/TXHC/wav/arctic_a0027.wav,data/l2arctic_release_v5.0/TXHC/annotation/arctic_a0027.TextGrid
HQTV,arctic_b0342,data/l2arctic_release_v5.0/HQTV/wav/arctic_b0342.wav,data/l2arctic_release_v5.0/HQTV/annotation/arctic_b0342.TextGrid
TNI,arctic_a0051,data/l2arctic_release_v5.0/TNI/wav/arctic_a0051.wav,data/l2arctic_release_v5.0/TNI/annotation/arctic_a0051.TextGrid
ZHAA,arctic_b0340,data/l2arctic_release_v5.0/ZHAA/wav/arctic_b0340.wav,data/l2arctic_release_v5.0/ZHAA/annotation/arctic_b0340.TextGrid
YKWK,arctic_a0178,data/l2arctic_release_v5.0/YKWK/wav/arctic_a0178.wav,data/l2arctic_release_v5.0/YKWK/annotation/arctic_a0178.TextGrid
EBVS,arctic_a0077,data/l2arctic_release_v5.0/EBVS/wav/arctic_a0077.wav,data/l2arctic_release_v5.0/EBVS/annotation/arctic_a0077.TextGrid
NJS,arctic_a0299,data/l2arctic_release_v5.0/NJS/wav/arctic_a0299.wav,data/l2arctic_release_v5.0/NJS/annotation/arctic_a0299.TextGrid
NJS,arctic_a0107,data/l2arctic_release_v5.0/NJS/wav/arctic_a0107.wav,data/l2arctic_release_v5.0/NJS/annotation/arctic_a0107.TextGrid
SKA,arctic_a0052,data/l2arctic_release_v5.0/SKA/wav/arctic_a0052.wav,data/l2arctic_release_v5.0/SKA/annotation/arctic_a0052.TextGrid
HJK,arctic_a0143,data/l2arctic_release_v5.0/HJK/wav/arctic_a0143.wav,data/l2arctic_release_v5.0/HJK/annotation/arctic_a0143.TextGrid
YKWK,arctic_a0106,data/l2arctic_release_v5.0/YKWK/wav/arctic_a0106.wav,data/l2arctic_release_v5.0/YKWK/annotation/arctic_a0106.TextGrid
SVBI,arctic_a0108,data/l2arctic_release_v5.0/SVBI/wav/arctic_a0108.wav,data/l2arctic_release_v5.0/SVBI/annotation/arctic_a0108.TextGrid
EBVS,arctic_a0073,data/l2arctic_release_v5.0/EBVS/wav/arctic_a0073.wav,data/l2arctic_release_v5.0/EBVS/annotation/arctic_a0073.TextGrid
HQTV,arctic_a0005,data/l2arctic_release_v5.0/HQTV/wav/arctic_a0005.wav,data/l2arctic_release_v5.0/HQTV/annotation/arctic_a0005.TextGrid
MBMPS,arctic_a0134,data/l2arctic_release_v5.0/MBMPS/wav/arctic_a0134.wav,data/l2arctic_release_v5.0/MBMPS/annotation/arctic_a0134.TextGrid
ASI,arctic_a0091,data/l2arctic_release_v5.0/ASI/wav/arctic_a0091.wav,data/l2arctic_release_v5.0/ASI/annotation/arctic_a0091.TextGrid
HJK,arctic_a0031,data/l2arctic_release_v5.0/HJK/wav/arctic_a0031.wav,data/l2arctic_release_v5.0/HJK/annotation/arctic_a0031.TextGrid
TLV,arctic_a0078,data/l2arctic_release_v5.0/TLV/wav/arctic_a0078.wav,data/l2arctic_release_v5.0/TLV/annotation/arctic_a0078.TextGrid
YKWK,arctic_a0260,data/l2arctic_release_v5.0/YKWK/wav/arctic_a0260.wav,data/l2arctic_release_v5.0/YKWK/annotation/arctic_a0260.TextGrid
ABA,arctic_a0023,data/l2arctic_release_v5.0/ABA/wav/arctic_a0023.wav,data/l2arctic_release_v5.0/ABA/annotation/arctic_a0023.TextGrid
HKK,arctic_a0026,data/l2arctic_release_v5.0/HKK/wav/arctic_a0026.wav,data/l2arctic_release_v5.0/HKK/annotation/arctic_a0026.TextGrid
LXC,arctic_b0527,data/l2arctic_release_v5.0/LXC/wav/arctic_b0527.wav,data/l2arctic_release_v5.0/LXC/annotation/arctic_b0527.TextGrid
YDCK,arctic_a0272,data/l2arctic_release_v5.0/YDCK/wav/arctic_a0272.wav,data/l2arctic_release_v5.0/YDCK/annotation/arctic_a0272.TextGrid
BWC,arctic_a0047,data/l2arctic_release_v5.0/BWC/wav/arctic_a0047.wav,data/l2arctic_release_v5.0/BWC/annotation/arctic_a0047.TextGrid
PNV,arctic_a0515,data/l2arctic_release_v5.0/PNV/wav/arctic_a0515.wav,data/l2arctic_release_v5.0/PNV/annotation/arctic_a0515.TextGrid
BWC,arctic_b0074,data/l2arctic_release_v5.0/BWC/wav/arctic_b0074.wav,data/l2arctic_release_v5.0/BWC/annotation/arctic_b0074.TextGrid
THV,arctic_b0534,data/l2arctic_release_v5.0/THV/wav/arctic_b0534.wav,data/l2arctic_release_v5.0/THV/annotation/arctic_b0534.TextGrid
ABA,arctic_a0062,data/l2arctic_release_v5.0/ABA/wav/arctic_a0062.wav,data/l2arctic_release_v5.0/ABA/annotation/arctic_a0062.TextGrid
HJK,arctic_a0019,data/l2arctic_release_v5.0/HJK/wav/arctic_a0019.wav,data/l2arctic_release_v5.0/HJK/annotation/arctic_a0019.TextGrid
SVBI,arctic_a0410,data/l2arctic_release_v5.0/SVBI/wav/arctic_a0410.wav,data/l2arctic_release_v5.0/SVBI/annotation/arctic_a0410.TextGrid
NCC,arctic_a0575,data/l2arctic_release_v5.0/NCC/wav/arctic_a0575.wav,data/l2arctic_release_v5.0/NCC/annotation/arctic_a0575.TextGrid
TNI,arctic_a0117,data/l2arctic_release_v5.0/TNI/wav/arctic_a0117.wav,data/l2arctic_release_v5.0/TNI/annotation/arctic_a0117.TextGrid
HJK,arctic_a0005,data/l2arctic_release_v5.0/HJK/wav/arctic_a0005.wav,data/l2arctic_release_v5.0/HJK/annotation/arctic_a0005.TextGrid
HKK,arctic_a0098,data/l2arctic_release_v5.0/HKK/wav/arctic_a0098.wav,data/l2arctic_release_v5.0/HKK/annotation/arctic_a0098.TextGrid
THV,arctic_a0178,data/l2arctic_release_v5.0/THV/wav/arctic_a0178.wav,data/l2arctic_release_v5.0/THV/annotation/arctic_a0178.TextGrid
MBMPS,arctic_b0534,data/l2arctic_release_v5.0/MBMPS/wav/arctic_b0534.wav,data/l2arctic_release_v5.0/MBMPS/annotation/arctic_b0534.TextGrid
YKWK,arctic_a0115,data/l2arctic_release_v5.0/YKWK/wav/arctic_a0115.wav,data/l2arctic_release_v5.0/YKWK/annotation/arctic_a0115.TextGrid
EBVS,arctic_a0086,data/l2arctic_release_v5.0/EBVS/wav/arctic_a0086.wav,data/l2arctic_release_v5.0/EBVS/annotation/arctic_a0086.TextGrid
YKWK,arctic_a0495,data/l2arctic_release_v5.0/YKWK/wav/arctic_a0495.wav,data/l2arctic_release_v5.0/YKWK/annotation/arctic_a0495.TextGrid
ABA,arctic_a0092,data/l2arctic_release_v5.0/ABA/wav/arctic_a0092.wav,data/l2arctic_release_v5.0/ABA/annotation/arctic_a0092.TextGrid
PNV,arctic_b0465,data/l2arctic_release_v5.0/PNV/wav/arctic_b0465.wav,data/l2arctic_release_v5.0/PNV/annotation/arctic_b0465.TextGrid
HKK,arctic_a0094,data/l2arctic_release_v5.0/HKK/wav/arctic_a0094.wav,data/l2arctic_release_v5.0/HKK/annotation/arctic_a0094.TextGrid
ERMS,arctic_a0081,data/l2arctic_release_v5.0/ERMS/wav/arctic_a0081.wav,data/l2arctic_release_v5.0/ERMS/annotation/arctic_a0081.TextGrid
ERMS,arctic_a0254,data/l2arctic_release_v5.0/ERMS/wav/arctic_a0254.wav,data/l2arctic_release_v5.0/ERMS/annotation/arctic_a0254.TextGrid
ABA,arctic_a0129,data/l2arctic_release_v5.0/ABA/wav/arctic_a0129.wav,data/l2arctic_release_v5.0/ABA/annotation/arctic_a0129.TextGrid
NCC,arctic_a0112,data/l2arctic_release_v5.0/NCC/wav/arctic_a0112.wav,data/l2arctic_release_v5.0/NCC/annotation/arctic_a0112.TextGrid
SKA,arctic_b0492,data/l2arctic_release_v5.0/SKA/wav/arctic_b0492.wav,data/l2arctic_release_v5.0/SKA/annotation/arctic_b0492.TextGrid
MBMPS,arctic_a0065,data/l2arctic_release_v5.0/MBMPS/wav/arctic_a0065.wav,data/l2arctic_release_v5.0/MBMPS/annotation/arctic_a0065.TextGrid
NJS,arctic_a0139,data/l2arctic_release_v5.0/NJS/wav/arctic_a0139.wav,data/l2arctic_release_v5.0/NJS/annotation/arctic_a0139.TextGrid
ERMS,arctic_a0109,data/l2arctic_release_v5.0/ERMS/wav/arctic_a0109.wav,data/l2arctic_release_v5.0/ERMS/annotation/arctic_a0109.TextGrid
EBVS,arctic_a0075,data/l2arctic_release_v5.0/EBVS/wav/arctic_a0075.wav,data/l2arctic_release_v5.0/EBVS/annotation/arctic_a0075.TextGrid
TNI,arctic_a0046,data/l2arctic_release_v5.0/TNI/wav/arctic_a0046.wav,data/l2arctic_release_v5.0/TNI/annotation/arctic_a0046.TextGrid
HQTV,arctic_a0085,data/l2arctic_release_v5.0/HQTV/wav/arctic_a0085.wav,data/l2arctic_release_v5.0/HQTV/annotation/arctic_a0085.TextGrid
TLV,arctic_b0315,data/l2arctic_release_v5.0/TLV/wav/arctic_b0315.wav,data/l2arctic_release_v5.0/TLV/annotation/arctic_b0315.TextGrid
PNV,arctic_a0007,data/l2arctic_release_v5.0/PNV/wav/arctic_a0007.wav,data/l2arctic_release_v5.0/PNV/annotation/arctic_a0007.TextGrid
HJK,arctic_a0168,data/l2arctic_release_v5.0/HJK/wav/arctic_a0168.wav,data/l2arctic_release_v5.0/HJK/annotation/arctic_a0168.TextGrid
ASI,arctic_b0057,data/l2arctic_release_v5.0/ASI/wav/arctic_b0057.wav,data/l2arctic_release_v5.0/ASI/annotation/arctic_b0057.TextGrid
THV,arctic_a0088,data/l2arctic_release_v5.0/THV/wav/arctic_a0088.wav,data/l2arctic_release_v5.0/THV/annotation/arctic_a0088.TextGrid
YBAA,arctic_a0071,data/l2arctic_release_v5.0/YBAA/wav/arctic_a0071.wav,data/l2arctic_release_v5.0/YBAA/annotation/arctic_a0071.TextGrid
ABA,arctic_a0036,data/l2arctic_release_v5.0/ABA/wav/arctic_a0036.wav,data/l2arctic_release_v5.0/ABA/annotation/arctic_a0036.TextGrid
TNI,arctic_a0031,data/l2arctic_release_v5.0/TNI/wav/arctic_a0031.wav,data/l2arctic_release_v5.0/TNI/annotation/arctic_a0031.TextGrid
RRBI,arctic_a0106,data/l2arctic_release_v5.0/RRBI/wav/arctic_a0106.wav,data/l2arctic_release_v5.0/RRBI/annotation/arctic_a0106.TextGrid
TXHC,arctic_a0041,data/l2arctic_release_v5.0/TXHC/wav/arctic_a0041.wav,data/l2arctic_release_v5.0/TXHC/annotation/arctic_a0041.TextGrid
ASI,arctic_a0021,data/l2arctic_release_v5.0/ASI/wav/arctic_a0021.wav,data/l2arctic_release_v5.0/ASI/annotation/arctic_a0021.TextGrid
SVBI,arctic_a0005,data/l2arctic_release_v5.0/SVBI/wav/arctic_a0005.wav,data/l2arctic_release_v5.0/SVBI/annotation/arctic_a0005.TextGrid
TLV,arctic_b0189,data/l2arctic_release_v5.0/TLV/wav/arctic_b0189.wav,data/l2arctic_release_v5.0/TLV/annotation/arctic_b0189.TextGrid
HKK,arctic_a0097,data/l2arctic_release_v5.0/HKK/wav/arctic_a0097.wav,data/l2arctic_release_v5.0/HKK/annotation/arctic_a0097.TextGrid
SKA,arctic_a0096,data/l2arctic_release_v5.0/SKA/wav/arctic_a0096.wav,data/l2arctic_release_v5.0/SKA/annotation/arctic_a0096.TextGrid
THV,arctic_a0130,data/l2arctic_release_v5.0/THV/wav/arctic_a0130.wav,data/l2arctic_release_v5.0/THV/annotation/arctic_a0130.TextGrid
EBVS,arctic_a0136,data/l2arctic_release_v5.0/EBVS/wav/arctic_a0136.wav,data/l2arctic_release_v5.0/EBVS/annotation/arctic_a0136.TextGrid
PNV,arctic_b0075,data/l2arctic_release_v5.0/PNV/wav/arctic_b0075.wav,data/l2arctic_release_v5.0/PNV/annotation/arctic_b0075.TextGrid
YBAA,arctic_a0128,data/l2arctic_release_v5.0/YBAA/wav/arctic_a0128.wav,data/l2arctic_release_v5.0/YBAA/annotation/arctic_a0128.TextGrid
ZHAA,arctic_a0100,data/l2arctic_release_v5.0/ZHAA/wav/arctic_a0100.wav,data/l2arctic_release_v5.0/ZHAA/annotation/arctic_a0100.TextGrid
TXHC,arctic_a0020,data/l2arctic_release_v5.0/TXHC/wav/arctic_a0020.wav,data/l2arctic_release_v5.0/TXHC/annotation/arctic_a0020.TextGrid
NJS,arctic_a0013,data/l2arctic_release_v5.0/NJS/wav/arctic_a0013.wav,data/l2arctic_release_v5.0/NJS/annotation/arctic_a0013.TextGrid
NJS,arctic_a0046,data/l2arctic_release_v5.0/NJS/wav/arctic_a0046.wav,data/l2arctic_release_v5.0/NJS/annotation/arctic_a0046.TextGrid
ERMS,arctic_a0052,data/l2arctic_release_v5.0/ERMS/wav/arctic_a0052.wav,data/l2arctic_release_v5.0/ERMS/annotation/arctic_a0052.TextGrid
YKWK,arctic_a0098,data/l2arctic_release_v5.0/YKWK/wav/arctic_a0098.wav,data/l2arctic_release_v5.0/YKWK/annotation/arctic_a0098.TextGrid
ASI,arctic_a0071,data/l2arctic_release_v5.0/ASI/wav/arctic_a0071.wav,data/l2arctic_release_v5.0/ASI/annotation/arctic_a0071.TextGrid
SKA,arctic_a0117,data/l2arctic_release_v5.0/SKA/wav/arctic_a0117.wav,data/l2arctic_release_v5.0/SKA/annotation/arctic_a0117.TextGrid
RRBI,arctic_a0101,data/l2arctic_release_v5.0/RRBI/wav/arctic_a0101.wav,data/l2arctic_release_v5.0/RRBI/annotation/arctic_a0101.TextGrid
ZHAA,arctic_a0101,data/l2arctic_release_v5.0/ZHAA/wav/arctic_a0101.wav,data/l2arctic_release_v5.0/ZHAA/annotation/arctic_a0101.TextGrid
NJS,arctic_a0159,data/l2arctic_release_v5.0/NJS/wav/arctic_a0159.wav,data/l2arctic_release_v5.0/NJS/annotation/arctic_a0159.TextGrid
ERMS,arctic_b0042,data/l2arctic_release_v5.0/ERMS/wav/arctic_b0042.wav,data/l2arctic_release_v5.0/ERMS/annotation/arctic_b0042.TextGrid
EBVS,arctic_a0008,data/l2arctic_release_v5.0/EBVS/wav/arctic_a0008.wav,data/l2arctic_release_v5.0/EBVS/annotation/arctic_a0008.TextGrid
YKWK,arctic_a0010,data/l2arctic_release_v5.0/YKWK/wav/arctic_a0010.wav,data/l2arctic_release_v5.0/YKWK/annotation/arctic_a0010.TextGrid
HKK,arctic_a0077,data/l2arctic_release_v5.0/HKK/wav/arctic_a0077.wav,data/l2arctic_release_v5.0/HKK/annotation/arctic_a0077.TextGrid
SVBI,arctic_a0282,data/l2arctic_release_v5.0/SVBI/wav/arctic_a0282.wav,data/l2arctic_release_v5.0/SVBI/annotation/arctic_a0282.TextGrid
ASI,arctic_a0022,data/l2arctic_release_v5.0/ASI/wav/arctic_a0022.wav,data/l2arctic_release_v5.0/ASI/annotation/arctic_a0022.TextGrid
TNI,arctic_a0047,data/l2arctic_release_v5.0/TNI/wav/arctic_a0047.wav,data/l2arctic_release_v5.0/TNI/annotation/arctic_a0047.TextGrid
PNV,arctic_a0116,data/l2arctic_release_v5.0/PNV/wav/arctic_a0116.wav,data/l2arctic_release_v5.0/PNV/annotation/arctic_a0116.TextGrid
ASI,arctic_a0144,data/l2arctic_release_v5.0/ASI/wav/arctic_a0144.wav,data/l2arctic_release_v5.0/ASI/annotation/arctic_a0144.TextGrid
MBMPS,arctic_a0096,data/l2arctic_release_v5.0/MBMPS/wav/arctic_a0096.wav,data/l2arctic_release_v5.0/MBMPS/annotation/arctic_a0096.TextGrid
TXHC,arctic_a0021,data/l2arctic_release_v5.0/TXHC/wav/arctic_a0021.wav,data/l2arctic_release_v5.0/TXHC/annotation/arctic_a0021.TextGrid
TXHC,arctic_a0023,data/l2arctic_release_v5.0/TXHC/wav/arctic_a0023.wav,data/l2arctic_release_v5.0/TXHC/annotation/arctic_a0023.TextGrid
PNV,arctic_b0503,data/l2arctic_release_v5.0/PNV/wav/arctic_b0503.wav,data/l2arctic_release_v5.0/PNV/annotation/arctic_b0503.TextGrid
TNI,arctic_a0214,data/l2arctic_release_v5.0/TNI/wav/arctic_a0214.wav,data/l2arctic_release_v5.0/TNI/annotation/arctic_a0214.TextGrid
HKK,arctic_b0019,data/l2arctic_release_v5.0/HKK/wav/arctic_b0019.wav,data/l2arctic_release_v5.0/HKK/annotation/arctic_b0019.TextGrid
ABA,arctic_a0257,data/l2arctic_release_v5.0/ABA/wav/arctic_a0257.wav,data/l2arctic_release_v5.0/ABA/annotation/arctic_a0257.TextGrid
ABA,arctic_b0106,data/l2arctic_release_v5.0/ABA/wav/arctic_b0106.wav,data/l2arctic_release_v5.0/ABA/annotation/arctic_b0106.TextGrid
NJS,arctic_b0534,data/l2arctic_release_v5.0/NJS/wav/arctic_b0534.wav,data/l2arctic_release_v5.0/NJS/annotation/arctic_b0534.TextGrid
HQTV,arctic_b0323,data/l2arctic_release_v5.0/HQTV/wav/arctic_b0323.wav,data/l2arctic_release_v5.0/HQTV/annotation/arctic_b0323.TextGrid
TNI,arctic_a0411,data/l2arctic_release_v5.0/TNI/wav/arctic_a0411.wav,data/l2arctic_release_v5.0/TNI/annotation/arctic_a0411.TextGrid
THV,arctic_a0434,data/l2arctic_release_v5.0/THV/wav/arctic_a0434.wav,data/l2arctic_release_v5.0/THV/annotation/arctic_a0434.TextGrid
ERMS,arctic_b0538,data/l2arctic_release_v5.0/ERMS/wav/arctic_b0538.wav,data/l2arctic_release_v5.0/ERMS/annotation/arctic_b0538.TextGrid
YBAA,arctic_a0060,data/l2arctic_release_v5.0/YBAA/wav/arctic_a0060.wav,data/l2arctic_release_v5.0/YBAA/annotation/arctic_a0060.TextGrid
ASI,arctic_a0062,data/l2arctic_release_v5.0/ASI/wav/arctic_a0062.wav,data/l2arctic_release_v5.0/ASI/annotation/arctic_a0062.TextGrid
YBAA,arctic_a0088,data/l2arctic_release_v5.0/YBAA/wav/arctic_a0088.wav,data/l2arctic_release_v5.0/YBAA/annotation/arctic_a0088.TextGrid
ZHAA,arctic_a0137,data/l2arctic_release_v5.0/ZHAA/wav/arctic_a0137.wav,data/l2arctic_release_v5.0/ZHAA/annotation/arctic_a0137.TextGrid
ABA,arctic_a0099,data/l2arctic_release_v5.0/ABA/wav/arctic_a0099.wav,data/l2arctic_release_v5.0/ABA/annotation/arctic_a0099.TextGrid
EBVS,arctic_a0265,data/l2arctic_release_v5.0/EBVS/wav/arctic_a0265.wav,data/l2arctic_release_v5.0/EBVS/annotation/arctic_a0265.TextGrid
ERMS,arctic_a0116,data/l2arctic_release_v5.0/ERMS/wav/arctic_a0116.wav,data/l2arctic_release_v5.0/ERMS/annotation/arctic_a0116.TextGrid
NCC,arctic_b0189,data/l2arctic_release_v5.0/NCC/wav/arctic_b0189.wav,data/l2arctic_release_v5.0/NCC/annotation/arctic_b0189.TextGrid
ERMS,arctic_a0089,data/l2arctic_release_v5.0/ERMS/wav/arctic_a0089.wav,data/l2arctic_release_v5.0/ERMS/annotation/arctic_a0089.TextGrid
EBVS,arctic_b0494,data/l2arctic_release_v5.0/EBVS/wav/arctic_b0494.wav,data/l2arctic_release_v5.0/EBVS/annotation/arctic_b0494.TextGrid
EBVS,arctic_a0003,data/l2arctic_release_v5.0/EBVS/wav/arctic_a0003.wav,data/l2arctic_release_v5.0/EBVS/annotation/arctic_a0003.TextGrid
HKK,arctic_a0006,data/l2arctic_release_v5.0/HKK/wav/arctic_a0006.wav,data/l2arctic_release_v5.0/HKK/annotation/arctic_a0006.TextGrid
BWC,arctic_a0103,data/l2arctic_release_v5.0/BWC/wav/arctic_a0103.wav,data/l2arctic_release_v5.0/BWC/annotation/arctic_a0103.TextGrid
YDCK,arctic_a0071,data/l2arctic_release_v5.0/YDCK/wav/arctic_a0071.wav,data/l2arctic_release_v5.0/YDCK/annotation/arctic_a0071.TextGrid
PNV,arctic_a0022,data/l2arctic_release_v5.0/PNV/wav/arctic_a0022.wav,data/l2arctic_release_v5.0/PNV/annotation/arctic_a0022.TextGrid
EBVS,arctic_a0401,data/l2arctic_release_v5.0/EBVS/wav/arctic_a0401.wav,data/l2arctic_release_v5.0/EBVS/annotation/arctic_a0401.TextGrid
PNV,arctic_a0086,data/l2arctic_release_v5.0/PNV/wav/arctic_a0086.wav,data/l2arctic_release_v5.0/PNV/annotation/arctic_a0086.TextGrid
HQTV,arctic_a0018,data/l2arctic_release_v5.0/HQTV/wav/arctic_a0018.wav,data/l2arctic_release_v5.0/HQTV/annotation/arctic_a0018.TextGrid
HJK,arctic_a0416,data/l2arctic_release_v5.0/HJK/wav/arctic_a0416.wav,data/l2arctic_release_v5.0/HJK/annotation/arctic_a0416.TextGrid
PNV,arctic_a0011,data/l2arctic_release_v5.0/PNV/wav/arctic_a0011.wav,data/l2arctic_release_v5.0/PNV/annotation/arctic_a0011.TextGrid
YDCK,arctic_a0040,data/l2arctic_release_v5.0/YDCK/wav/arctic_a0040.wav,data/l2arctic_release_v5.0/YDCK/annotation/arctic_a0040.TextGrid
ERMS,arctic_a0154,data/l2arctic_release_v5.0/ERMS/wav/arctic_a0154.wav,data/l2arctic_release_v5.0/ERMS/annotation/arctic_a0154.TextGrid
LXC,arctic_b0476,data/l2arctic_release_v5.0/LXC/wav/arctic_b0476.wav,data/l2arctic_release_v5.0/LXC/annotation/arctic_b0476.TextGrid
EBVS,arctic_a0024,data/l2arctic_release_v5.0/EBVS/wav/arctic_a0024.wav,data/l2arctic_release_v5.0/EBVS/annotation/arctic_a0024.TextGrid
TXHC,arctic_a0434,data/l2arctic_release_v5.0/TXHC/wav/arctic_a0434.wav,data/l2arctic_release_v5.0/TXHC/annotation/arctic_a0434.TextGrid
PNV,arctic_b0320,data/l2arctic_release_v5.0/PNV/wav/arctic_b0320.wav,data/l2arctic_release_v5.0/PNV/annotation/arctic_b0320.TextGrid
TNI,arctic_a0139,data/l2arctic_release_v5.0/TNI/wav/arctic_a0139.wav,data/l2arctic_release_v5.0/TNI/annotation/arctic_a0139.TextGrid
MBMPS,arctic_a0060,data/l2arctic_release_v5.0/MBMPS/wav/arctic_a0060.wav,data/l2arctic_release_v5.0/MBMPS/annotation/arctic_a0060.TextGrid
LXC,arctic_a0515,data/l2arctic_release_v5.0/LXC/wav/arctic_a0515.wav,data/l2arctic_release_v5.0/LXC/annotation/arctic_a0515.TextGrid
HQTV,arctic_a0097,data/l2arctic_release_v5.0/HQTV/wav/arctic_a0097.wav,data/l2arctic_release_v5.0/HQTV/annotation/arctic_a0097.TextGrid
THV,arctic_a0013,data/l2arctic_release_v5.0/THV/wav/arctic_a0013.wav,data/l2arctic_release_v5.0/THV/annotation/arctic_a0013.TextGrid
HKK,arctic_a0112,data/l2arctic_release_v5.0/HKK/wav/arctic_a0112.wav,data/l2arctic_release_v5.0/HKK/annotation/arctic_a0112.TextGrid
HJK,arctic_a0071,data/l2arctic_release_v5.0/HJK/wav/arctic_a0071.wav,data/l2arctic_release_v5.0/HJK/annotation/arctic_a0071.TextGrid
HJK,arctic_a0078,data/l2arctic_release_v5.0/HJK/wav/arctic_a0078.wav,data/l2arctic_release_v5.0/HJK/annotation/arctic_a0078.TextGrid
NCC,arctic_a0096,data/l2arctic_release_v5.0/NCC/wav/arctic_a0096.wav,data/l2arctic_release_v5.0/NCC/annotation/arctic_a0096.TextGrid
SVBI,arctic_b0081,data/l2arctic_release_v5.0/SVBI/wav/arctic_b0081.wav,data/l2arctic_release_v5.0/SVBI/annotation/arctic_b0081.TextGrid
ABA,arctic_b0150,data/l2arctic_release_v5.0/ABA/wav/arctic_b0150.wav,data/l2arctic_release_v5.0/ABA/annotation/arctic_b0150.TextGrid
SVBI,arctic_a0081,data/l2arctic_release_v5.0/SVBI/wav/arctic_a0081.wav,data/l2arctic_release_v5.0/SVBI/annotation/arctic_a0081.TextGrid
ABA,arctic_a0098,data/l2arctic_release_v5.0/ABA/wav/arctic_a0098.wav,data/l2arctic_release_v5.0/ABA/annotation/arctic_a0098.TextGrid
HQTV,arctic_b0355,data/l2arctic_release_v5.0/HQTV/wav/arctic_b0355.wav,data/l2arctic_release_v5.0/HQTV/annotation/arctic_b0355.TextGrid
EBVS,arctic_a0556,data/l2arctic_release_v5.0/EBVS/wav/arctic_a0556.wav,data/l2arctic_release_v5.0/EBVS/annotation/arctic_a0556.TextGrid
THV,arctic_b0320,data/l2arctic_release_v5.0/THV/wav/arctic_b0320.wav,data/l2arctic_release_v5.0/THV/annotation/arctic_b0320.TextGrid
MBMPS,arctic_b0019,data/l2arctic_release_v5.0/MBMPS/wav/arctic_b0019.wav,data/l2arctic_release_v5.0/MBMPS/annotation/arctic_b0019.TextGrid
RRBI,arctic_b0073,data/l2arctic_release_v5.0/RRBI/wav/arctic_b0073.wav,data/l2arctic_release_v5.0/RRBI/annotation/arctic_b0073.TextGrid
ZHAA,arctic_a0029,data/l2arctic_release_v5.0/ZHAA/wav/arctic_a0029.wav,data/l2arctic_release_v5.0/ZHAA/annotation/arctic_a0029.TextGrid
ABA,arctic_a0063,data/l2arctic_release_v5.0/ABA/wav/arctic_a0063.wav,data/l2arctic_release_v5.0/ABA/annotation/arctic_a0063.TextGrid
ASI,arctic_b0321,data/l2arctic_release_v5.0/ASI/wav/arctic_b0321.wav,data/l2arctic_release_v5.0/ASI/annotation/arctic_b0321.TextGrid
TNI,arctic_b0160,data/l2arctic_release_v5.0/TNI/wav/arctic_b0160.wav,data/l2arctic_release_v5.0/TNI/annotation/arctic_b0160.TextGrid
TLV,arctic_b0488,data/l2arctic_release_v5.0/TLV/wav/arctic_b0488.wav,data/l2arctic_release_v5.0/TLV/annotation/arctic_b0488.TextGrid
ASI,arctic_a0131,data/l2arctic_release_v5.0/ASI/wav/arctic_a0131.wav,data/l2arctic_release_v5.0/ASI/annotation/arctic_a0131.TextGrid
SVBI,arctic_a0018,data/l2arctic_release_v5.0/SVBI/wav/arctic_a0018.wav,data/l2arctic_release_v5.0/SVBI/annotation/arctic_a0018.TextGrid
MBMPS,arctic_a0075,data/l2arctic_release_v5.0/MBMPS/wav/arctic_a0075.wav,data/l2arctic_release_v5.0/MBMPS/annotation/arctic_a0075.TextGrid
ERMS,arctic_b0434,data/l2arctic_release_v5.0/ERMS/wav/arctic_b0434.wav,data/l2arctic_release_v5.0/ERMS/annotation/arctic_b0434.TextGrid
YBAA,arctic_a0046,data/l2arctic_release_v5.0/YBAA/wav/arctic_a0046.wav,data/l2arctic_release_v5.0/YBAA/annotation/arctic_a0046.TextGrid
TXHC,arctic_a0113,data/l2arctic_release_v5.0/TXHC/wav/arctic_a0113.wav,data/l2arctic_release_v5.0/TXHC/annotation/arctic_a0113.TextGrid
NJS,arctic_a0039,data/l2arctic_release_v5.0/NJS/wav/arctic_a0039.wav,data/l2arctic_release_v5.0/NJS/annotation/arctic_a0039.TextGrid
NJS,arctic_a0047,data/l2arctic_release_v5.0/NJS/wav/arctic_a0047.wav,data/l2arctic_release_v5.0/NJS/annotation/arctic_a0047.TextGrid
BWC,arctic_a0054,data/l2arctic_release_v5.0/BWC/wav/arctic_a0054.wav,data/l2arctic_release_v5.0/BWC/annotation/arctic_a0054.TextGrid
ERMS,arctic_a0548,data/l2arctic_release_v5.0/ERMS/wav/arctic_a0548.wav,data/l2arctic_release_v5.0/ERMS/annotation/arctic_a0548.TextGrid
MBMPS,arctic_b0413,data/l2arctic_release_v5.0/MBMPS/wav/arctic_b0413.wav,data/l2arctic_release_v5.0/MBMPS/annotation/arctic_b0413.TextGrid
TLV,arctic_a0063,data/l2arctic_release_v5.0/TLV/wav/arctic_a0063.wav,data/l2arctic_release_v5.0/TLV/annotation/arctic_a0063.TextGrid
YBAA,arctic_a0067,data/l2arctic_release_v5.0/YBAA/wav/arctic_a0067.wav,data/l2arctic_release_v5.0/YBAA/annotation/arctic_a0067.TextGrid
HKK,arctic_a0126,data/l2arctic_release_v5.0/HKK/wav/arctic_a0126.wav,data/l2arctic_release_v5.0/HKK/annotation/arctic_a0126.TextGrid
TXHC,arctic_b0288,data/l2arctic_release_v5.0/TXHC/wav/arctic_b0288.wav,data/l2arctic_release_v5.0/TXHC/annotation/arctic_b0288.TextGrid
RRBI,arctic_a0071,data/l2arctic_release_v5.0/RRBI/wav/arctic_a0071.wav,data/l2arctic_release_v5.0/RRBI/annotation/arctic_a0071.TextGrid
ERMS,arctic_a0131,data/l2arctic_release_v5.0/ERMS/wav/arctic_a0131.wav,data/l2arctic_release_v5.0/ERMS/annotation/arctic_a0131.TextGrid
ASI,arctic_a0053,data/l2arctic_release_v5.0/ASI/wav/arctic_a0053.wav,data/l2arctic_release_v5.0/ASI/annotation/arctic_a0053.TextGrid
YKWK,arctic_a0271,data/l2arctic_release_v5.0/YKWK/wav/arctic_a0271.wav,data/l2arctic_release_v5.0/YKWK/annotation/arctic_a0271.TextGrid
EBVS,arctic_a0129,data/l2arctic_release_v5.0/EBVS/wav/arctic_a0129.wav,data/l2arctic_release_v5.0/EBVS/annotation/arctic_a0129.TextGrid
YDCK,arctic_a0036,data/l2arctic_release_v5.0/YDCK/wav/arctic_a0036.wav,data/l2arctic_release_v5.0/YDCK/annotation/arctic_a0036.TextGrid
SVBI,arctic_b0158,data/l2arctic_release_v5.0/SVBI/wav/arctic_b0158.wav,data/l2arctic_release_v5.0/SVBI/annotation/arctic_b0158.TextGrid
ABA,arctic_b0432,data/l2arctic_release_v5.0/ABA/wav/arctic_b0432.wav,data/l2arctic_release_v5.0/ABA/annotation/arctic_b0432.TextGrid
ZHAA,arctic_a0025,data/l2arctic_release_v5.0/ZHAA/wav/arctic_a0025.wav,data/l2arctic_release_v5.0/ZHAA/annotation/arctic_a0025.TextGrid
HQTV,arctic_a0024,data/l2arctic_release_v5.0/HQTV/wav/arctic_a0024.wav,data/l2arctic_release_v5.0/HQTV/annotation/arctic_a0024.TextGrid
MBMPS,arctic_a0090,data/l2arctic_release_v5.0/MBMPS/wav/arctic_a0090.wav,data/l2arctic_release_v5.0/MBMPS/annotation/arctic_a0090.TextGrid
SKA,arctic_a0098,data/l2arctic_release_v5.0/SKA/wav/arctic_a0098.wav,data/l2arctic_release_v5.0/SKA/annotation/arctic_a0098.TextGrid
NCC,arctic_a0053,data/l2arctic_release_v5.0/NCC/wav/arctic_a0053.wav,data/l2arctic_release_v5.0/NCC/annotation/arctic_a0053.TextGrid
SVBI,arctic_a0085,data/l2arctic_release_v5.0/SVBI/wav/arctic_a0085.wav,data/l2arctic_release_v5.0/SVBI/annotation/arctic_a0085.TextGrid
RRBI,arctic_a0065,data/l2arctic_release_v5.0/RRBI/wav/arctic_a0065.wav,data/l2arctic_release_v5.0/RRBI/annotation/arctic_a0065.TextGrid
ASI,arctic_a0054,data/l2arctic_release_v5.0/ASI/wav/arctic_a0054.wav,data/l2arctic_release_v5.0/ASI/annotation/arctic_a0054.TextGrid
MBMPS,arctic_a0401,data/l2arctic_release_v5.0/MBMPS/wav/arctic_a0401.wav,data/l2arctic_release_v5.0/MBMPS/annotation/arctic_a0401.TextGrid
RRBI,arctic_a0025,data/l2arctic_release_v5.0/RRBI/wav/arctic_a0025.wav,data/l2arctic_release_v5.0/RRBI/annotation/arctic_a0025.TextGrid
YDCK,arctic_a0113,data/l2arctic_release_v5.0/YDCK/wav/arctic_a0113.wav,data/l2arctic_release_v5.0/YDCK/annotation/arctic_a0113.TextGrid
LXC,arctic_b0422,data/l2arctic_release_v5.0/LXC/wav/arctic_b0422.wav,data/l2arctic_release_v5.0/LXC/annotation/arctic_b0422.TextGrid
ERMS,arctic_a0051,data/l2arctic_release_v5.0/ERMS/wav/arctic_a0051.wav,data/l2arctic_release_v5.0/ERMS/annotation/arctic_a0051.TextGrid
ZHAA,arctic_a0131,data/l2arctic_release_v5.0/ZHAA/wav/arctic_a0131.wav,data/l2arctic_release_v5.0/ZHAA/annotation/arctic_a0131.TextGrid
TNI,arctic_a0116,data/l2arctic_release_v5.0/TNI/wav/arctic_a0116.wav,data/l2arctic_release_v5.0/TNI/annotation/arctic_a0116.TextGrid
EBVS,arctic_a0005,data/l2arctic_release_v5.0/EBVS/wav/arctic_a0005.wav,data/l2arctic_release_v5.0/EBVS/annotation/arctic_a0005.TextGrid
TLV,arctic_a0130,data/l2arctic_release_v5.0/TLV/wav/arctic_a0130.wav,data/l2arctic_release_v5.0/TLV/annotation/arctic_a0130.TextGrid
SVBI,arctic_a0411,data/l2arctic_release_v5.0/SVBI/wav/arctic_a0411.wav,data/l2arctic_release_v5.0/SVBI/annotation/arctic_a0411.TextGrid
BWC,arctic_b0048,data/l2arctic_release_v5.0/BWC/wav/arctic_b0048.wav,data/l2arctic_release_v5.0/BWC/annotation/arctic_b0048.TextGrid
THV,arctic_a0091,data/l2arctic_release_v5.0/THV/wav/arctic_a0091.wav,data/l2arctic_release_v5.0/THV/annotation/arctic_a0091.TextGrid
BWC,arctic_a0111,data/l2arctic_release_v5.0/BWC/wav/arctic_a0111.wav,data/l2arctic_release_v5.0/BWC/annotation/arctic_a0111.TextGrid
ASI,arctic_a0041,data/l2arctic_release_v5.0/ASI/wav/arctic_a0041.wav,data/l2arctic_release_v5.0/ASI/annotation/arctic_a0041.TextGrid
ZHAA,arctic_a0115,data/l2arctic_release_v5.0/ZHAA/wav/arctic_a0115.wav,data/l2arctic_release_v5.0/ZHAA/annotation/arctic_a0115.TextGrid
SVBI,arctic_a0266,data/l2arctic_release_v5.0/SVBI/wav/arctic_a0266.wav,data/l2arctic_release_v5.0/SVBI/annotation/arctic_a0266.TextGrid
ERMS,arctic_a0082,data/l2arctic_release_v5.0/ERMS/wav/arctic_a0082.wav,data/l2arctic_release_v5.0/ERMS/annotation/arctic_a0082.TextGrid
ASI,arctic_a0125,data/l2arctic_release_v5.0/ASI/wav/arctic_a0125.wav,data/l2arctic_release_v5.0/ASI/annotation/arctic_a0125.TextGrid
NJS,arctic_a0369,data/l2arctic_release_v5.0/NJS/wav/arctic_a0369.wav,data/l2arctic_release_v5.0/NJS/annotation/arctic_a0369.TextGrid
MBMPS,arctic_a0295,data/l2arctic_release_v5.0/MBMPS/wav/arctic_a0295.wav,data/l2arctic_release_v5.0/MBMPS/annotation/arctic_a0295.TextGrid
HQTV,arctic_a0027,data/l2arctic_release_v5.0/HQTV/wav/arctic_a0027.wav,data/l2arctic_release_v5.0/HQTV/annotation/arctic_a0027.TextGrid
BWC,arctic_a0021,data/l2arctic_release_v5.0/BWC/wav/arctic_a0021.wav,data/l2arctic_release_v5.0/BWC/annotation/arctic_a0021.TextGrid
SVBI,arctic_a0126,data/l2arctic_release_v5.0/SVBI/wav/arctic_a0126.wav,data/l2arctic_release_v5.0/SVBI/annotation/arctic_a0126.TextGrid
YDCK,arctic_a0073,data/l2arctic_release_v5.0/YDCK/wav/arctic_a0073.wav,data/l2arctic_release_v5.0/YDCK/annotation/arctic_a0073.TextGrid
THV,arctic_b0304,data/l2arctic_release_v5.0/THV/wav/arctic_b0304.wav,data/l2arctic_release_v5.0/THV/annotation/arctic_b0304.TextGrid
EBVS,arctic_b0434,data/l2arctic_release_v5.0/EBVS/wav/arctic_b0434.wav,data/l2arctic_release_v5.0/EBVS/annotation/arctic_b0434.TextGrid
PNV,arctic_a0117,data/l2arctic_release_v5.0/PNV/wav/arctic_a0117.wav,data/l2arctic_release_v5.0/PNV/annotation/arctic_a0117.TextGrid
HQTV,arctic_a0112,data/l2arctic_release_v5.0/HQTV/wav/arctic_a0112.wav,data/l2arctic_release_v5.0/HQTV/annotation/arctic_a0112.TextGrid
THV,arctic_a0048,data/l2arctic_release_v5.0/THV/wav/arctic_a0048.wav,data/l2arctic_release_v5.0/THV/annotation/arctic_a0048.TextGrid
SVBI,arctic_a0101,data/l2arctic_release_v5.0/SVBI/wav/arctic_a0101.wav,data/l2arctic_release_v5.0/SVBI/annotation/arctic_a0101.TextGrid
BWC,arctic_a0097,data/l2arctic_release_v5.0/BWC/wav/arctic_a0097.wav,data/l2arctic_release_v5.0/BWC/annotation/arctic_a0097.TextGrid
SKA,arctic_b0307,data/l2arctic_release_v5.0/SKA/wav/arctic_b0307.wav,data/l2arctic_release_v5.0/SKA/annotation/arctic_b0307.TextGrid
EBVS,arctic_a0159,data/l2arctic_release_v5.0/EBVS/wav/arctic_a0159.wav,data/l2arctic_release_v5.0/EBVS/annotation/arctic_a0159.TextGrid
PNV,arctic_a0099,data/l2arctic_release_v5.0/PNV/wav/arctic_a0099.wav,data/l2arctic_release_v5.0/PNV/annotation/arctic_a0099.TextGrid
ASI,arctic_b0160,data/l2arctic_release_v5.0/ASI/wav/arctic_b0160.wav,data/l2arctic_release_v5.0/ASI/annotation/arctic_b0160.TextGrid
THV,arctic_a0086,data/l2arctic_release_v5.0/THV/wav/arctic_a0086.wav,data/l2arctic_release_v5.0/THV/annotation/arctic_a0086.TextGrid
RRBI,arctic_a0112,data/l2arctic_release_v5.0/RRBI/wav/arctic_a0112.wav,data/l2arctic_release_v5.0/RRBI/annotation/arctic_a0112.TextGrid
YBAA,arctic_a0090,data/l2arctic_release_v5.0/YBAA/wav/arctic_a0090.wav,data/l2arctic_release_v5.0/YBAA/annotation/arctic_a0090.TextGrid
YKWK,arctic_a0102,data/l2arctic_release_v5.0/YKWK/wav/arctic_a0102.wav,data/l2arctic_release_v5.0/YKWK/annotation/arctic_a0102.TextGrid
NJS,arctic_a0022,data/l2arctic_release_v5.0/NJS/wav/arctic_a0022.wav,data/l2arctic_release_v5.0/NJS/annotation/arctic_a0022.TextGrid
NJS,arctic_a0300,data/l2arctic_release_v5.0/NJS/wav/arctic_a0300.wav,data/l2arctic_release_v5.0/NJS/annotation/arctic_a0300.TextGrid
YBAA,arctic_b0367,data/l2arctic_release_v5.0/YBAA/wav/arctic_b0367.wav,data/l2arctic_release_v5.0/YBAA/annotation/arctic_b0367.TextGrid
HKK,arctic_a0260,data/l2arctic_release_v5.0/HKK/wav/arctic_a0260.wav,data/l2arctic_release_v5.0/HKK/annotation/arctic_a0260.TextGrid
HJK,arctic_a0116,data/l2arctic_release_v5.0/HJK/wav/arctic_a0116.wav,data/l2arctic_release_v5.0/HJK/annotation/arctic_a0116.TextGrid
ASI,arctic_a0027,data/l2arctic_release_v5.0/ASI/wav/arctic_a0027.wav,data/l2arctic_release_v5.0/ASI/annotation/arctic_a0027.TextGrid
BWC,arctic_a0060,data/l2arctic_release_v5.0/BWC/wav/arctic_a0060.wav,data/l2arctic_release_v5.0/BWC/annotation/arctic_a0060.TextGrid
YDCK,arctic_a0106,data/l2arctic_release_v5.0/YDCK/wav/arctic_a0106.wav,data/l2arctic_release_v5.0/YDCK/annotation/arctic_a0106.TextGrid
ERMS,arctic_a0090,data/l2arctic_release_v5.0/ERMS/wav/arctic_a0090.wav,data/l2arctic_release_v5.0/ERMS/annotation/arctic_a0090.TextGrid
BWC,arctic_a0108,data/l2arctic_release_v5.0/BWC/wav/arctic_a0108.wav,data/l2arctic_release_v5.0/BWC/annotation/arctic_a0108.TextGrid
BWC,arctic_b0251,data/l2arctic_release_v5.0/BWC/wav/arctic_b0251.wav,data/l2arctic_release_v5.0/BWC/annotation/arctic_b0251.TextGrid
THV,arctic_a0117,data/l2arctic_release_v5.0/THV/wav/arctic_a0117.wav,data/l2arctic_release_v5.0/THV/annotation/arctic_a0117.TextGrid
LXC,arctic_a0022,data/l2arctic_release_v5.0/LXC/wav/arctic_a0022.wav,data/l2arctic_release_v5.0/LXC/annotation/arctic_a0022.TextGrid
TNI,arctic_a0008,data/l2arctic_release_v5.0/TNI/wav/arctic_a0008.wav,data/l2arctic_release_v5.0/TNI/annotation/arctic_a0008.TextGrid
THV,arctic_a0139,data/l2arctic_release_v5.0/THV/wav/arctic_a0139.wav,data/l2arctic_release_v5.0/THV/annotation/arctic_a0139.TextGrid
ABA,arctic_a0095,data/l2arctic_release_v5.0/ABA/wav/arctic_a0095.wav,data/l2arctic_release_v5.0/ABA/annotation/arctic_a0095.TextGrid
NJS,arctic_a0065,data/l2arctic_release_v5.0/NJS/wav/arctic_a0065.wav,data/l2arctic_release_v5.0/NJS/annotation/arctic_a0065.TextGrid
THV,arctic_a0047,data/l2arctic_release_v5.0/THV/wav/arctic_a0047.wav,data/l2arctic_release_v5.0/THV/annotation/arctic_a0047.TextGrid
BWC,arctic_a0062,data/l2arctic_release_v5.0/BWC/wav/arctic_a0062.wav,data/l2arctic_release_v5.0/BWC/annotation/arctic_a0062.TextGrid
YBAA,arctic_a0097,data/l2arctic_release_v5.0/YBAA/wav/arctic_a0097.wav,data/l2arctic_release_v5.0/YBAA/annotation/arctic_a0097.TextGrid
EBVS,arctic_a0013,data/l2arctic_release_v5.0/EBVS/wav/arctic_a0013.wav,data/l2arctic_release_v5.0/EBVS/annotation/arctic_a0013.TextGrid
ZHAA,arctic_a0111,data/l2arctic_release_v5.0/ZHAA/wav/arctic_a0111.wav,data/l2arctic_release_v5.0/ZHAA/annotation/arctic_a0111.TextGrid
HJK,arctic_a0123,data/l2arctic_release_v5.0/HJK/wav/arctic_a0123.wav,data/l2arctic_release_v5.0/HJK/annotation/arctic_a0123.TextGrid
ABA,arctic_b0324,data/l2arctic_release_v5.0/ABA/wav/arctic_b0324.wav,data/l2arctic_release_v5.0/ABA/annotation/arctic_b0324.TextGrid
NJS,arctic_a0112,data/l2arctic_release_v5.0/NJS/wav/arctic_a0112.wav,data/l2arctic_release_v5.0/NJS/annotation/arctic_a0112.TextGrid
ASI,arctic_a0020,data/l2arctic_release_v5.0/ASI/wav/arctic_a0020.wav,data/l2arctic_release_v5.0/ASI/annotation/arctic_a0020.TextGrid
NJS,arctic_b0538,data/l2arctic_release_v5.0/NJS/wav/arctic_b0538.wav,data/l2arctic_release_v5.0/NJS/annotation/arctic_b0538.TextGrid
ABA,arctic_b0492,data/l2arctic_release_v5.0/ABA/wav/arctic_b0492.wav,data/l2arctic_release_v5.0/ABA/annotation/arctic_b0492.TextGrid
HQTV,arctic_a0271,data/l2arctic_release_v5.0/HQTV/wav/arctic_a0271.wav,data/l2arctic_release_v5.0/HQTV/annotation/arctic_a0271.TextGrid
TNI,arctic_b0171,data/l2arctic_release_v5.0/TNI/wav/arctic_b0171.wav,data/l2arctic_release_v5.0/TNI/annotation/arctic_b0171.TextGrid
EBVS,arctic_a0006,data/l2arctic_release_v5.0/EBVS/wav/arctic_a0006.wav,data/l2arctic_release_v5.0/EBVS/annotation/arctic_a0006.TextGrid
EBVS,arctic_a0037,data/l2arctic_release_v5.0/EBVS/wav/arctic_a0037.wav,data/l2arctic_release_v5.0/EBVS/annotation/arctic_a0037.TextGrid
ERMS,arctic_a0091,data/l2arctic_release_v5.0/ERMS/wav/arctic_a0091.wav,data/l2arctic_release_v5.0/ERMS/annotation/arctic_a0091.TextGrid
YDCK,arctic_a0258,data/l2arctic_release_v5.0/YDCK/wav/arctic_a0258.wav,data/l2arctic_release_v5.0/YDCK/annotation/arctic_a0258.TextGrid
TXHC,arctic_a0077,data/l2arctic_release_v5.0/TXHC/wav/arctic_a0077.wav,data/l2arctic_release_v5.0/TXHC/annotation/arctic_a0077.TextGrid
THV,arctic_a0058,data/l2arctic_release_v5.0/THV/wav/arctic_a0058.wav,data/l2arctic_release_v5.0/THV/annotation/arctic_a0058.TextGrid
TNI,arctic_a0120,data/l2arctic_release_v5.0/TNI/wav/arctic_a0120.wav,data/l2arctic_release_v5.0/TNI/annotation/arctic_a0120.TextGrid
HJK,arctic_b0238,data/l2arctic_release_v5.0/HJK/wav/arctic_b0238.wav,data/l2arctic_release_v5.0/HJK/annotation/arctic_b0238.TextGrid
MBMPS,arctic_a0051,data/l2arctic_release_v5.0/MBMPS/wav/arctic_a0051.wav,data/l2arctic_release_v5.0/MBMPS/annotation/arctic_a0051.TextGrid
YBAA,arctic_b0492,data/l2arctic_release_v5.0/YBAA/wav/arctic_b0492.wav,data/l2arctic_release_v5.0/YBAA/annotation/arctic_b0492.TextGrid
TXHC,arctic_a0071,data/l2arctic_release_v5.0/TXHC/wav/arctic_a0071.wav,data/l2arctic_release_v5.0/TXHC/annotation/arctic_a0071.TextGrid
TLV,arctic_a0003,data/l2arctic_release_v5.0/TLV/wav/arctic_a0003.wav,data/l2arctic_release_v5.0/TLV/annotation/arctic_a0003.TextGrid
HJK,arctic_a0086,data/l2arctic_release_v5.0/HJK/wav/arctic_a0086.wav,data/l2arctic_release_v5.0/HJK/annotation/arctic_a0086.TextGrid
HQTV,arctic_a0102,data/l2arctic_release_v5.0/HQTV/wav/arctic_a0102.wav,data/l2arctic_release_v5.0/HQTV/annotation/arctic_a0102.TextGrid
HJK,arctic_b0143,data/l2arctic_release_v5.0/HJK/wav/arctic_b0143.wav,data/l2arctic_release_v5.0/HJK/annotation/arctic_b0143.TextGrid
HJK,arctic_a0442,data/l2arctic_release_v5.0/HJK/wav/arctic_a0442.wav,data/l2arctic_release_v5.0/HJK/annotation/arctic_a0442.TextGrid
RRBI,arctic_a0095,data/l2arctic_release_v5.0/RRBI/wav/arctic_a0095.wav,data/l2arctic_release_v5.0/RRBI/annotation/arctic_a0095.TextGrid
ZHAA,arctic_a0136,data/l2arctic_release_v5.0/ZHAA/wav/arctic_a0136.wav,data/l2arctic_release_v5.0/ZHAA/annotation/arctic_a0136.TextGrid
YKWK,arctic_a0091,data/l2arctic_release_v5.0/YKWK/wav/arctic_a0091.wav,data/l2arctic_release_v5.0/YKWK/annotation/arctic_a0091.TextGrid
YBAA,arctic_a0025,data/l2arctic_release_v5.0/YBAA/wav/arctic_a0025.wav,data/l2arctic_release_v5.0/YBAA/annotation/arctic_a0025.TextGrid
NJS,arctic_a0089,data/l2arctic_release_v5.0/NJS/wav/arctic_a0089.wav,data/l2arctic_release_v5.0/NJS/annotation/arctic_a0089.TextGrid
NCC,arctic_a0093,data/l2arctic_release_v5.0/NCC/wav/arctic_a0093.wav,data/l2arctic_release_v5.0/NCC/annotation/arctic_a0093.TextGrid
SVBI,arctic_a0067,data/l2arctic_release_v5.0/SVBI/wav/arctic_a0067.wav,data/l2arctic_release_v5.0/SVBI/annotation/arctic_a0067.TextGrid
THV,arctic_a0054,data/l2arctic_release_v5.0/THV/wav/arctic_a0054.wav,data/l2arctic_release_v5.0/THV/annotation/arctic_a0054.TextGrid
ABA,arctic_b0367,data/l2arctic_release_v5.0/ABA/wav/arctic_b0367.wav,data/l2arctic_release_v5.0/ABA/annotation/arctic_b0367.TextGrid
LXC,arctic_a0079,data/l2arctic_release_v5.0/LXC/wav/arctic_a0079.wav,data/l2arctic_release_v5.0/LXC/annotation/arctic_a0079.TextGrid
BWC,arctic_a0024,data/l2arctic_release_v5.0/BWC/wav/arctic_a0024.wav,data/l2arctic_release_v5.0/BWC/annotation/arctic_a0024.TextGrid
NCC,arctic_b0416,data/l2arctic_release_v5.0/NCC/wav/arctic_b0416.wav,data/l2arctic_release_v5.0/NCC/annotation/arctic_b0416.TextGrid
NJS,arctic_a0020,data/l2arctic_release_v5.0/NJS/wav/arctic_a0020.wav,data/l2arctic_release_v5.0/NJS/annotation/arctic_a0020.TextGrid
SVBI,arctic_a0102,data/l2arctic_release_v5.0/SVBI/wav/arctic_a0102.wav,data/l2arctic_release_v5.0/SVBI/annotation/arctic_a0102.TextGrid
ASI,arctic_a0052,data/l2arctic_release_v5.0/ASI/wav/arctic_a0052.wav,data/l2arctic_release_v5.0/ASI/annotation/arctic_a0052.TextGrid
SKA,arctic_a0116,data/l2arctic_release_v5.0/SKA/wav/arctic_a0116.wav,data/l2arctic_release_v5.0/SKA/annotation/arctic_a0116.TextGrid
TNI,arctic_a0108,data/l2arctic_release_v5.0/TNI/wav/arctic_a0108.wav,data/l2arctic_release_v5.0/TNI/annotation/arctic_a0108.TextGrid
TXHC,arctic_a0091,data/l2arctic_release_v5.0/TXHC/wav/arctic_a0091.wav,data/l2arctic_release_v5.0/TXHC/annotation/arctic_a0091.TextGrid
MBMPS,arctic_a0109,data/l2arctic_release_v5.0/MBMPS/wav/arctic_a0109.wav,data/l2arctic_release_v5.0/MBMPS/annotation/arctic_a0109.TextGrid
HJK,arctic_a0122,data/l2arctic_release_v5.0/HJK/wav/arctic_a0122.wav,data/l2arctic_release_v5.0/HJK/annotation/arctic_a0122.TextGrid
THV,arctic_b0074,data/l2arctic_release_v5.0/THV/wav/arctic_b0074.wav,data/l2arctic_release_v5.0/THV/annotation/arctic_b0074.TextGrid
HQTV,arctic_a0022,data/l2arctic_release_v5.0/HQTV/wav/arctic_a0022.wav,data/l2arctic_release_v5.0/HQTV/annotation/arctic_a0022.TextGrid
ABA,arctic_b0158,data/l2arctic_release_v5.0/ABA/wav/arctic_b0158.wav,data/l2arctic_release_v5.0/ABA/annotation/arctic_b0158.TextGrid
HJK,arctic_a0008,data/l2arctic_release_v5.0/HJK/wav/arctic_a0008.wav,data/l2arctic_release_v5.0/HJK/annotation/arctic_a0008.TextGrid
BWC,arctic_b0415,data/l2arctic_release_v5.0/BWC/wav/arctic_b0415.wav,data/l2arctic_release_v5.0/BWC/annotation/arctic_b0415.TextGrid
YDCK,arctic_a0369,data/l2arctic_release_v5.0/YDCK/wav/arctic_a0369.wav,data/l2arctic_release_v5.0/YDCK/annotation/arctic_a0369.TextGrid
HJK,arctic_a0139,data/l2arctic_release_v5.0/HJK/wav/arctic_a0139.wav,data/l2arctic_release_v5.0/HJK/annotation/arctic_a0139.TextGrid
YBAA,arctic_a0099,data/l2arctic_release_v5.0/YBAA/wav/arctic_a0099.wav,data/l2arctic_release_v5.0/YBAA/annotation/arctic_a0099.TextGrid
YKWK,arctic_a0047,data/l2arctic_release_v5.0/YKWK/wav/arctic_a0047.wav,data/l2arctic_release_v5.0/YKWK/annotation/arctic_a0047.TextGrid
BWC,arctic_b0483,data/l2arctic_release_v5.0/BWC/wav/arctic_b0483.wav,data/l2arctic_release_v5.0/BWC/annotation/arctic_b0483.TextGrid
HJK,arctic_a0040,data/l2arctic_release_v5.0/HJK/wav/arctic_a0040.wav,data/l2arctic_release_v5.0/HJK/annotation/arctic_a0040.TextGrid
TNI,arctic_a0405,data/l2arctic_release_v5.0/TNI/wav/arctic_a0405.wav,data/l2arctic_release_v5.0/TNI/annotation/arctic_a0405.TextGrid
PNV,arctic_b0074,data/l2arctic_release_v5.0/PNV/wav/arctic_b0074.wav,data/l2arctic_release_v5.0/PNV/annotation/arctic_b0074.TextGrid
HJK,arctic_a0107,data/l2arctic_release_v5.0/HJK/wav/arctic_a0107.wav,data/l2arctic_release_v5.0/HJK/annotation/arctic_a0107.TextGrid
YKWK,arctic_a0041,data/l2arctic_release_v5.0/YKWK/wav/arctic_a0041.wav,data/l2arctic_release_v5.0/YKWK/annotation/arctic_a0041.TextGrid
ABA,arctic_a0022,data/l2arctic_release_v5.0/ABA/wav/arctic_a0022.wav,data/l2arctic_release_v5.0/ABA/annotation/arctic_a0022.TextGrid
YKWK,arctic_b0315,data/l2arctic_release_v5.0/YKWK/wav/arctic_b0315.wav,data/l2arctic_release_v5.0/YKWK/annotation/arctic_b0315.TextGrid
RRBI,arctic_a0007,data/l2arctic_release_v5.0/RRBI/wav/arctic_a0007.wav,data/l2arctic_release_v5.0/RRBI/annotation/arctic_a0007.TextGrid
BWC,arctic_b0402,data/l2arctic_release_v5.0/BWC/wav/arctic_b0402.wav,data/l2arctic_release_v5.0/BWC/annotation/arctic_b0402.TextGrid
RRBI,arctic_a0127,data/l2arctic_release_v5.0/RRBI/wav/arctic_a0127.wav,data/l2arctic_release_v5.0/RRBI/annotation/arctic_a0127.TextGrid
HQTV,arctic_a0122,data/l2arctic_release_v5.0/HQTV/wav/arctic_a0122.wav,data/l2arctic_release_v5.0/HQTV/annotation/arctic_a0122.TextGrid
YDCK,arctic_a0136,data/l2arctic_release_v5.0/YDCK/wav/arctic_a0136.wav,data/l2arctic_release_v5.0/YDCK/annotation/arctic_a0136.TextGrid
ZHAA,arctic_b0538,data/l2arctic_release_v5.0/ZHAA/wav/arctic_b0538.wav,data/l2arctic_release_v5.0/ZHAA/annotation/arctic_b0538.TextGrid
HQTV,arctic_b0019,data/l2arctic_release_v5.0/HQTV/wav/arctic_b0019.wav,data/l2arctic_release_v5.0/HQTV/annotation/arctic_b0019.TextGrid
SKA,arctic_b0490,data/l2arctic_release_v5.0/SKA/wav/arctic_b0490.wav,data/l2arctic_release_v5.0/SKA/annotation/arctic_b0490.TextGrid
TNI,arctic_a0023,data/l2arctic_release_v5.0/TNI/wav/arctic_a0023.wav,data/l2arctic_release_v5.0/TNI/annotation/arctic_a0023.TextGrid
YKWK,arctic_b0386,data/l2arctic_release_v5.0/YKWK/wav/arctic_b0386.wav,data/l2arctic_release_v5.0/YKWK/annotation/arctic_b0386.TextGrid
TNI,arctic_a0115,data/l2arctic_release_v5.0/TNI/wav/arctic_a0115.wav,data/l2arctic_release_v5.0/TNI/annotation/arctic_a0115.TextGrid
RRBI,arctic_a0292,data/l2arctic_release_v5.0/RRBI/wav/arctic_a0292.wav,data/l2arctic_release_v5.0/RRBI/annotation/arctic_a0292.TextGrid
TLV,arctic_b0019,data/l2arctic_release_v5.0/TLV/wav/arctic_b0019.wav,data/l2arctic_release_v5.0/TLV/annotation/arctic_b0019.TextGrid
YBAA,arctic_b0461,data/l2arctic_release_v5.0/YBAA/wav/arctic_b0461.wav,data/l2arctic_release_v5.0/YBAA/annotation/arctic_b0461.TextGrid
ZHAA,arctic_b0310,data/l2arctic_release_v5.0/ZHAA/wav/arctic_b0310.wav,data/l2arctic_release_v5.0/ZHAA/annotation/arctic_b0310.TextGrid
ABA,arctic_a0064,data/l2arctic_release_v5.0/ABA/wav/arctic_a0064.wav,data/l2arctic_release_v5.0/ABA/annotation/arctic_a0064.TextGrid
TLV,arctic_a0018,data/l2arctic_release_v5.0/TLV/wav/arctic_a0018.wav,data/l2arctic_release_v5.0/TLV/annotation/arctic_a0018.TextGrid
SVBI,arctic_a0030,data/l2arctic_release_v5.0/SVBI/wav/arctic_a0030.wav,data/l2arctic_release_v5.0/SVBI/annotation/arctic_a0030.TextGrid
ASI,arctic_a0122,data/l2arctic_release_v5.0/ASI/wav/arctic_a0122.wav,data/l2arctic_release_v5.0/ASI/annotation/arctic_a0122.TextGrid
LXC,arctic_a0103,data/l2arctic_release_v5.0/LXC/wav/arctic_a0103.wav,data/l2arctic_release_v5.0/LXC/annotation/arctic_a0103.TextGrid
ZHAA,arctic_a0129,data/l2arctic_release_v5.0/ZHAA/wav/arctic_a0129.wav,data/l2arctic_release_v5.0/ZHAA/annotation/arctic_a0129.TextGrid
ERMS,arctic_b0187,data/l2arctic_release_v5.0/ERMS/wav/arctic_b0187.wav,data/l2arctic_release_v5.0/ERMS/annotation/arctic_b0187.TextGrid
THV,arctic_a0010,data/l2arctic_release_v5.0/THV/wav/arctic_a0010.wav,data/l2arctic_release_v5.0/THV/annotation/arctic_a0010.TextGrid
YDCK,arctic_a0025,data/l2arctic_release_v5.0/YDCK/wav/arctic_a0025.wav,data/l2arctic_release_v5.0/YDCK/annotation/arctic_a0025.TextGrid
ABA,arctic_a0029,data/l2arctic_release_v5.0/ABA/wav/arctic_a0029.wav,data/l2arctic_release_v5.0/ABA/annotation/arctic_a0029.TextGrid
YDCK,arctic_a0020,data/l2arctic_release_v5.0/YDCK/wav/arctic_a0020.wav,data/l2arctic_release_v5.0/YDCK/annotation/arctic_a0020.TextGrid
ERMS,arctic_a0108,data/l2arctic_release_v5.0/ERMS/wav/arctic_a0108.wav,data/l2arctic_release_v5.0/ERMS/annotation/arctic_a0108.TextGrid
NCC,arctic_a0137,data/l2arctic_release_v5.0/NCC/wav/arctic_a0137.wav,data/l2arctic_release_v5.0/NCC/annotation/arctic_a0137.TextGrid
HQTV,arctic_a0126,data/l2arctic_release_v5.0/HQTV/wav/arctic_a0126.wav,data/l2arctic_release_v5.0/HQTV/annotation/arctic_a0126.TextGrid
YBAA,arctic_a0500,data/l2arctic_release_v5.0/YBAA/wav/arctic_a0500.wav,data/l2arctic_release_v5.0/YBAA/annotation/arctic_a0500.TextGrid
BWC,arctic_a0064,data/l2arctic_release_v5.0/BWC/wav/arctic_a0064.wav,data/l2arctic_release_v5.0/BWC/annotation/arctic_a0064.TextGrid
SVBI,arctic_a0269,data/l2arctic_release_v5.0/SVBI/wav/arctic_a0269.wav,data/l2arctic_release_v5.0/SVBI/annotation/arctic_a0269.TextGrid
HJK,arctic_a0079,data/l2arctic_release_v5.0/HJK/wav/arctic_a0079.wav,data/l2arctic_release_v5.0/HJK/annotation/arctic_a0079.TextGrid
NCC,arctic_b0380,data/l2arctic_release_v5.0/NCC/wav/arctic_b0380.wav,data/l2arctic_release_v5.0/NCC/annotation/arctic_b0380.TextGrid
TNI,arctic_a0036,data/l2arctic_release_v5.0/TNI/wav/arctic_a0036.wav,data/l2arctic_release_v5.0/TNI/annotation/arctic_a0036.TextGrid
HKK,arctic_a0121,data/l2arctic_release_v5.0/HKK/wav/arctic_a0121.wav,data/l2arctic_release_v5.0/HKK/annotation/arctic_a0121.TextGrid
HQTV,arctic_a0028,data/l2arctic_release_v5.0/HQTV/wav/arctic_a0028.wav,data/l2arctic_release_v5.0/HQTV/annotation/arctic_a0028.TextGrid
YDCK,arctic_a0123,data/l2arctic_release_v5.0/YDCK/wav/arctic_a0123.wav,data/l2arctic_release_v5.0/YDCK/annotation/arctic_a0123.TextGrid
NCC,arctic_b0415,data/l2arctic_release_v5.0/NCC/wav/arctic_b0415.wav,data/l2arctic_release_v5.0/NCC/annotation/arctic_b0415.TextGrid
NJS,arctic_a0210,data/l2arctic_release_v5.0/NJS/wav/arctic_a0210.wav,data/l2arctic_release_v5.0/NJS/annotation/arctic_a0210.TextGrid
TNI,arctic_a0199,data/l2arctic_release_v5.0/TNI/wav/arctic_a0199.wav,data/l2arctic_release_v5.0/TNI/annotation/arctic_a0199.TextGrid
THV,arctic_a0063,data/l2arctic_release_v5.0/THV/wav/arctic_a0063.wav,data/l2arctic_release_v5.0/THV/annotation/arctic_a0063.TextGrid
HQTV,arctic_a0090,data/l2arctic_release_v5.0/HQTV/wav/arctic_a0090.wav,data/l2arctic_release_v5.0/HQTV/annotation/arctic_a0090.TextGrid
HQTV,arctic_a0130,data/l2arctic_release_v5.0/HQTV/wav/arctic_a0130.wav,data/l2arctic_release_v5.0/HQTV/annotation/arctic_a0130.TextGrid
TXHC,arctic_b0282,data/l2arctic_release_v5.0/TXHC/wav/arctic_b0282.wav,data/l2arctic_release_v5.0/TXHC/annotation/arctic_b0282.TextGrid
THV,arctic_b0415,data/l2arctic_release_v5.0/THV/wav/arctic_b0415.wav,data/l2arctic_release_v5.0/THV/annotation/arctic_b0415.TextGrid
YKWK,arctic_a0005,data/l2arctic_release_v5.0/YKWK/wav/arctic_a0005.wav,data/l2arctic_release_v5.0/YKWK/annotation/arctic_a0005.TextGrid
RRBI,arctic_a0272,data/l2arctic_release_v5.0/RRBI/wav/arctic_a0272.wav,data/l2arctic_release_v5.0/RRBI/annotation/arctic_a0272.TextGrid
BWC,arctic_a0040,data/l2arctic_release_v5.0/BWC/wav/arctic_a0040.wav,data/l2arctic_release_v5.0/BWC/annotation/arctic_a0040.TextGrid
MBMPS,arctic_a0159,data/l2arctic_release_v5.0/MBMPS/wav/arctic_a0159.wav,data/l2arctic_release_v5.0/MBMPS/annotation/arctic_a0159.TextGrid
NJS,arctic_a0116,data/l2arctic_release_v5.0/NJS/wav/arctic_a0116.wav,data/l2arctic_release_v5.0/NJS/annotation/arctic_a0116.TextGrid
YDCK,arctic_a0085,data/l2arctic_release_v5.0/YDCK/wav/arctic_a0085.wav,data/l2arctic_release_v5.0/YDCK/annotation/arctic_a0085.TextGrid
ZHAA,arctic_a0005,data/l2arctic_release_v5.0/ZHAA/wav/arctic_a0005.wav,data/l2arctic_release_v5.0/ZHAA/annotation/arctic_a0005.TextGrid
NCC,arctic_a0022,data/l2arctic_release_v5.0/NCC/wav/arctic_a0022.wav,data/l2arctic_release_v5.0/NCC/annotation/arctic_a0022.TextGrid
SVBI,arctic_a0040,data/l2arctic_release_v5.0/SVBI/wav/arctic_a0040.wav,data/l2arctic_release_v5.0/SVBI/annotation/arctic_a0040.TextGrid
ERMS,arctic_a0556,data/l2arctic_release_v5.0/ERMS/wav/arctic_a0556.wav,data/l2arctic_release_v5.0/ERMS/annotation/arctic_a0556.TextGrid
TXHC,arctic_a0519,data/l2arctic_release_v5.0/TXHC/wav/arctic_a0519.wav,data/l2arctic_release_v5.0/TXHC/annotation/arctic_a0519.TextGrid
RRBI,arctic_a0038,data/l2arctic_release_v5.0/RRBI/wav/arctic_a0038.wav,data/l2arctic_release_v5.0/RRBI/annotation/arctic_a0038.TextGrid
SKA,arctic_a0042,data/l2arctic_release_v5.0/SKA/wav/arctic_a0042.wav,data/l2arctic_release_v5.0/SKA/annotation/arctic_a0042.TextGrid
HQTV,arctic_a0030,data/l2arctic_release_v5.0/HQTV/wav/arctic_a0030.wav,data/l2arctic_release_v5.0/HQTV/annotation/arctic_a0030.TextGrid
PNV,arctic_a0091,data/l2arctic_release_v5.0/PNV/wav/arctic_a0091.wav,data/l2arctic_release_v5.0/PNV/annotation/arctic_a0091.TextGrid
TLV,arctic_b0323,data/l2arctic_release_v5.0/TLV/wav/arctic_b0323.wav,data/l2arctic_release_v5.0/TLV/annotation/arctic_b0323.TextGrid
TXHC,arctic_a0097,data/l2arctic_release_v5.0/TXHC/wav/arctic_a0097.wav,data/l2arctic_release_v5.0/TXHC/annotation/arctic_a0097.TextGrid
TXHC,arctic_a0076,data/l2arctic_release_v5.0/TXHC/wav/arctic_a0076.wav,data/l2arctic_release_v5.0/TXHC/annotation/arctic_a0076.TextGrid
HJK,arctic_b0320,data/l2arctic_release_v5.0/HJK/wav/arctic_b0320.wav,data/l2arctic_release_v5.0/HJK/annotation/arctic_b0320.TextGrid
ERMS,arctic_a0191,data/l2arctic_release_v5.0/ERMS/wav/arctic_a0191.wav,data/l2arctic_release_v5.0/ERMS/annotation/arctic_a0191.TextGrid
YDCK,arctic_a0442,data/l2arctic_release_v5.0/YDCK/wav/arctic_a0442.wav,data/l2arctic_release_v5.0/YDCK/annotation/arctic_a0442.TextGrid
MBMPS,arctic_a0185,data/l2arctic_release_v5.0/MBMPS/wav/arctic_a0185.wav,data/l2arctic_release_v5.0/MBMPS/annotation/arctic_a0185.TextGrid
PNV,arctic_a0010,data/l2arctic_release_v5.0/PNV/wav/arctic_a0010.wav,data/l2arctic_release_v5.0/PNV/annotation/arctic_a0010.TextGrid
LXC,arctic_a0095,data/l2arctic_release_v5.0/LXC/wav/arctic_a0095.wav,data/l2arctic_release_v5.0/LXC/annotation/arctic_a0095.TextGrid
TLV,arctic_a0136,data/l2arctic_release_v5.0/TLV/wav/arctic_a0136.wav,data/l2arctic_release_v5.0/TLV/annotation/arctic_a0136.TextGrid
SKA,arctic_a0053,data/l2arctic_release_v5.0/SKA/wav/arctic_a0053.wav,data/l2arctic_release_v5.0/SKA/annotation/arctic_a0053.TextGrid
THV,arctic_a0123,data/l2arctic_release_v5.0/THV/wav/arctic_a0123.wav,data/l2arctic_release_v5.0/THV/annotation/arctic_a0123.TextGrid
TXHC,arctic_b0165,data/l2arctic_release_v5.0/TXHC/wav/arctic_b0165.wav,data/l2arctic_release_v5.0/TXHC/annotation/arctic_b0165.TextGrid
YKWK,arctic_a0209,data/l2arctic_release_v5.0/YKWK/wav/arctic_a0209.wav,data/l2arctic_release_v5.0/YKWK/annotation/arctic_a0209.TextGrid
YBAA,arctic_a0125,data/l2arctic_release_v5.0/YBAA/wav/arctic_a0125.wav,data/l2arctic_release_v5.0/YBAA/annotation/arctic_a0125.TextGrid
YBAA,arctic_a0501,data/l2arctic_release_v5.0/YBAA/wav/arctic_a0501.wav,data/l2arctic_release_v5.0/YBAA/annotation/arctic_a0501.TextGrid
RRBI,arctic_b0118,data/l2arctic_release_v5.0/RRBI/wav/arctic_b0118.wav,data/l2arctic_release_v5.0/RRBI/annotation/arctic_b0118.TextGrid
TXHC,arctic_a0130,data/l2arctic_release_v5.0/TXHC/wav/arctic_a0130.wav,data/l2arctic_release_v5.0/TXHC/annotation/arctic_a0130.TextGrid
MBMPS,arctic_a0191,data/l2arctic_release_v5.0/MBMPS/wav/arctic_a0191.wav,data/l2arctic_release_v5.0/MBMPS/annotation/arctic_a0191.TextGrid
TLV,arctic_a0090,data/l2arctic_release_v5.0/TLV/wav/arctic_a0090.wav,data/l2arctic_release_v5.0/TLV/annotation/arctic_a0090.TextGrid
ZHAA,arctic_a0107,data/l2arctic_release_v5.0/ZHAA/wav/arctic_a0107.wav,data/l2arctic_release_v5.0/ZHAA/annotation/arctic_a0107.TextGrid
YBAA,arctic_a0112,data/l2arctic_release_v5.0/YBAA/wav/arctic_a0112.wav,data/l2arctic_release_v5.0/YBAA/annotation/arctic_a0112.TextGrid
SKA,arctic_a0441,data/l2arctic_release_v5.0/SKA/wav/arctic_a0441.wav,data/l2arctic_release_v5.0/SKA/annotation/arctic_a0441.TextGrid
ZHAA,arctic_b0428,data/l2arctic_release_v5.0/ZHAA/wav/arctic_b0428.wav,data/l2arctic_release_v5.0/ZHAA/annotation/arctic_b0428.TextGrid
TXHC,arctic_a0065,data/l2arctic_release_v5.0/TXHC/wav/arctic_a0065.wav,data/l2arctic_release_v5.0/TXHC/annotation/arctic_a0065.TextGrid
YBAA,arctic_b0068,data/l2arctic_release_v5.0/YBAA/wav/arctic_b0068.wav,data/l2arctic_release_v5.0/YBAA/annotation/arctic_b0068.TextGrid
YBAA,arctic_a0022,data/l2arctic_release_v5.0/YBAA/wav/arctic_a0022.wav,data/l2arctic_release_v5.0/YBAA/annotation/arctic_a0022.TextGrid
SVBI,arctic_a0064,data/l2arctic_release_v5.0/SVBI/wav/arctic_a0064.wav,data/l2arctic_release_v5.0/SVBI/annotation/arctic_a0064.TextGrid
TLV,arctic_a0023,data/l2arctic_release_v5.0/TLV/wav/arctic_a0023.wav,data/l2arctic_release_v5.0/TLV/annotation/arctic_a0023.TextGrid
SKA,arctic_a0461,data/l2arctic_release_v5.0/SKA/wav/arctic_a0461.wav,data/l2arctic_release_v5.0/SKA/annotation/arctic_a0461.TextGrid
HJK,arctic_a0024,data/l2arctic_release_v5.0/HJK/wav/arctic_a0024.wav,data/l2arctic_release_v5.0/HJK/annotation/arctic_a0024.TextGrid
YDCK,arctic_b0355,data/l2arctic_release_v5.0/YDCK/wav/arctic_b0355.wav,data/l2arctic_release_v5.0/YDCK/annotation/arctic_b0355.TextGrid
ASI,arctic_b0081,data/l2arctic_release_v5.0/ASI/wav/arctic_b0081.wav,data/l2arctic_release_v5.0/ASI/annotation/arctic_b0081.TextGrid
YDCK,arctic_b0386,data/l2arctic_release_v5.0/YDCK/wav/arctic_b0386.wav,data/l2arctic_release_v5.0/YDCK/annotation/arctic_b0386.TextGrid
RRBI,arctic_a0111,data/l2arctic_release_v5.0/RRBI/wav/arctic_a0111.wav,data/l2arctic_release_v5.0/RRBI/annotation/arctic_a0111.TextGrid
SKA,arctic_b0495,data/l2arctic_release_v5.0/SKA/wav/arctic_b0495.wav,data/l2arctic_release_v5.0/SKA/annotation/arctic_b0495.TextGrid
ASI,arctic_a0111,data/l2arctic_release_v5.0/ASI/wav/arctic_a0111.wav,data/l2arctic_release_v5.0/ASI/annotation/arctic_a0111.TextGrid
YDCK,arctic_a0139,data/l2arctic_release_v5.0/YDCK/wav/arctic_a0139.wav,data/l2arctic_release_v5.0/YDCK/annotation/arctic_a0139.TextGrid
LXC,arctic_a0018,data/l2arctic_release_v5.0/LXC/wav/arctic_a0018.wav,data/l2arctic_release_v5.0/LXC/annotation/arctic_a0018.TextGrid
ERMS,arctic_a0265,data/l2arctic_release_v5.0/ERMS/wav/arctic_a0265.wav,data/l2arctic_release_v5.0/ERMS/annotation/arctic_a0265.TextGrid
THV,arctic_a0095,data/l2arctic_release_v5.0/THV/wav/arctic_a0095.wav,data/l2arctic_release_v5.0/THV/annotation/arctic_a0095.TextGrid
LXC,arctic_a0042,data/l2arctic_release_v5.0/LXC/wav/arctic_a0042.wav,data/l2arctic_release_v5.0/LXC/annotation/arctic_a0042.TextGrid
MBMPS,arctic_a0126,data/l2arctic_release_v5.0/MBMPS/wav/arctic_a0126.wav,data/l2arctic_release_v5.0/MBMPS/annotation/arctic_a0126.TextGrid
YBAA,arctic_a0019,data/l2arctic_release_v5.0/YBAA/wav/arctic_a0019.wav,data/l2arctic_release_v5.0/YBAA/annotation/arctic_a0019.TextGrid
EBVS,arctic_a0048,data/l2arctic_release_v5.0/EBVS/wav/arctic_a0048.wav,data/l2arctic_release_v5.0/EBVS/annotation/arctic_a0048.TextGrid
TXHC,arctic_b0402,data/l2arctic_release_v5.0/TXHC/wav/arctic_b0402.wav,data/l2arctic_release_v5.0/TXHC/annotation/arctic_b0402.TextGrid
YDCK,arctic_b0047,data/l2arctic_release_v5.0/YDCK/wav/arctic_b0047.wav,data/l2arctic_release_v5.0/YDCK/annotation/arctic_b0047.TextGrid
NJS,arctic_a0556,data/l2arctic_release_v5.0/NJS/wav/arctic_a0556.wav,data/l2arctic_release_v5.0/NJS/annotation/arctic_a0556.TextGrid
ABA,arctic_b0444,data/l2arctic_release_v5.0/ABA/wav/arctic_b0444.wav,data/l2arctic_release_v5.0/ABA/annotation/arctic_b0444.TextGrid
YBAA,arctic_a0029,data/l2arctic_release_v5.0/YBAA/wav/arctic_a0029.wav,data/l2arctic_release_v5.0/YBAA/annotation/arctic_a0029.TextGrid
MBMPS,arctic_a0028,data/l2arctic_release_v5.0/MBMPS/wav/arctic_a0028.wav,data/l2arctic_release_v5.0/MBMPS/annotation/arctic_a0028.TextGrid
RRBI,arctic_a0093,data/l2arctic_release_v5.0/RRBI/wav/arctic_a0093.wav,data/l2arctic_release_v5.0/RRBI/annotation/arctic_a0093.TextGrid
PNV,arctic_a0064,data/l2arctic_release_v5.0/PNV/wav/arctic_a0064.wav,data/l2arctic_release_v5.0/PNV/annotation/arctic_a0064.TextGrid
ASI,arctic_a0168,data/l2arctic_release_v5.0/ASI/wav/arctic_a0168.wav,data/l2arctic_release_v5.0/ASI/annotation/arctic_a0168.TextGrid
BWC,arctic_b0531,data/l2arctic_release_v5.0/BWC/wav/arctic_b0531.wav,data/l2arctic_release_v5.0/BWC/annotation/arctic_b0531.TextGrid
YKWK,arctic_b0530,data/l2arctic_release_v5.0/YKWK/wav/arctic_b0530.wav,data/l2arctic_release_v5.0/YKWK/annotation/arctic_b0530.TextGrid
EBVS,arctic_b0019,data/l2arctic_release_v5.0/EBVS/wav/arctic_b0019.wav,data/l2arctic_release_v5.0/EBVS/annotation/arctic_b0019.TextGrid
LXC,arctic_b0380,data/l2arctic_release_v5.0/LXC/wav/arctic_b0380.wav,data/l2arctic_release_v5.0/LXC/annotation/arctic_b0380.TextGrid
SVBI,arctic_b0171,data/l2arctic_release_v5.0/SVBI/wav/arctic_b0171.wav,data/l2arctic_release_v5.0/SVBI/annotation/arctic_b0171.TextGrid
HJK,arctic_a0092,data/l2arctic_release_v5.0/HJK/wav/arctic_a0092.wav,data/l2arctic_release_v5.0/HJK/annotation/arctic_a0092.TextGrid
EBVS,arctic_b0461,data/l2arctic_release_v5.0/EBVS/wav/arctic_b0461.wav,data/l2arctic_release_v5.0/EBVS/annotation/arctic_b0461.TextGrid
MBMPS,arctic_a0099,data/l2arctic_release_v5.0/MBMPS/wav/arctic_a0099.wav,data/l2arctic_release_v5.0/MBMPS/annotation/arctic_a0099.TextGrid
RRBI,arctic_a0013,data/l2arctic_release_v5.0/RRBI/wav/arctic_a0013.wav,data/l2arctic_release_v5.0/RRBI/annotation/arctic_a0013.TextGrid
ERMS,arctic_a0500,data/l2arctic_release_v5.0/ERMS/wav/arctic_a0500.wav,data/l2arctic_release_v5.0/ERMS/annotation/arctic_a0500.TextGrid
NCC,arctic_a0003,data/l2arctic_release_v5.0/NCC/wav/arctic_a0003.wav,data/l2arctic_release_v5.0/NCC/annotation/arctic_a0003.TextGrid
YBAA,arctic_a0045,data/l2arctic_release_v5.0/YBAA/wav/arctic_a0045.wav,data/l2arctic_release_v5.0/YBAA/annotation/arctic_a0045.TextGrid
MBMPS,arctic_a0100,data/l2arctic_release_v5.0/MBMPS/wav/arctic_a0100.wav,data/l2arctic_release_v5.0/MBMPS/annotation/arctic_a0100.TextGrid
MBMPS,arctic_a0129,data/l2arctic_release_v5.0/MBMPS/wav/arctic_a0129.wav,data/l2arctic_release_v5.0/MBMPS/annotation/arctic_a0129.TextGrid
ZHAA,arctic_a0045,data/l2arctic_release_v5.0/ZHAA/wav/arctic_a0045.wav,data/l2arctic_release_v5.0/ZHAA/annotation/arctic_a0045.TextGrid
NCC,arctic_a0036,data/l2arctic_release_v5.0/NCC/wav/arctic_a0036.wav,data/l2arctic_release_v5.0/NCC/annotation/arctic_a0036.TextGrid
TNI,arctic_b0061,data/l2arctic_release_v5.0/TNI/wav/arctic_b0061.wav,data/l2arctic_release_v5.0/TNI/annotation/arctic_b0061.TextGrid
ERMS,arctic_a0032,data/l2arctic_release_v5.0/ERMS/wav/arctic_a0032.wav,data/l2arctic_release_v5.0/ERMS/annotation/arctic_a0032.TextGrid
ASI,arctic_a0107,data/l2arctic_release_v5.0/ASI/wav/arctic_a0107.wav,data/l2arctic_release_v5.0/ASI/annotation/arctic_a0107.TextGrid
HJK,arctic_b0215,data/l2arctic_release_v5.0/HJK/wav/arctic_b0215.wav,data/l2arctic_release_v5.0/HJK/annotation/arctic_b0215.TextGrid
HJK,arctic_a0058,data/l2arctic_release_v5.0/HJK/wav/arctic_a0058.wav,data/l2arctic_release_v5.0/HJK/annotation/arctic_a0058.TextGrid
MBMPS,arctic_b0503,data/l2arctic_release_v5.0/MBMPS/wav/arctic_b0503.wav,data/l2arctic_release_v5.0/MBMPS/annotation/arctic_b0503.TextGrid
ZHAA,arctic_a0041,data/l2arctic_release_v5.0/ZHAA/wav/arctic_a0041.wav,data/l2arctic_release_v5.0/ZHAA/annotation/arctic_a0041.TextGrid
ASI,arctic_a0108,data/l2arctic_release_v5.0/ASI/wav/arctic_a0108.wav,data/l2arctic_release_v5.0/ASI/annotation/arctic_a0108.TextGrid
BWC,arctic_b0282,data/l2arctic_release_v5.0/BWC/wav/arctic_b0282.wav,data/l2arctic_release_v5.0/BWC/annotation/arctic_b0282.TextGrid
TNI,arctic_a0026,data/l2arctic_release_v5.0/TNI/wav/arctic_a0026.wav,data/l2arctic_release_v5.0/TNI/annotation/arctic_a0026.TextGrid
EBVS,arctic_a0027,data/l2arctic_release_v5.0/EBVS/wav/arctic_a0027.wav,data/l2arctic_release_v5.0/EBVS/annotation/arctic_a0027.TextGrid
BWC,arctic_b0142,data/l2arctic_release_v5.0/BWC/wav/arctic_b0142.wav,data/l2arctic_release_v5.0/BWC/annotation/arctic_b0142.TextGrid
LXC,arctic_b0142,data/l2arctic_release_v5.0/LXC/wav/arctic_b0142.wav,data/l2arctic_release_v5.0/LXC/annotation/arctic_b0142.TextGrid
ERMS,arctic_a0176,data/l2arctic_release_v5.0/ERMS/wav/arctic_a0176.wav,data/l2arctic_release_v5.0/ERMS/annotation/arctic_a0176.TextGrid
YBAA,arctic_a0053,data/l2arctic_release_v5.0/YBAA/wav/arctic_a0053.wav,data/l2arctic_release_v5.0/YBAA/annotation/arctic_a0053.TextGrid
YDCK,arctic_a0375,data/l2arctic_release_v5.0/YDCK/wav/arctic_a0375.wav,data/l2arctic_release_v5.0/YDCK/annotation/arctic_a0375.TextGrid
HJK,arctic_a0378,data/l2arctic_release_v5.0/HJK/wav/arctic_a0378.wav,data/l2arctic_release_v5.0/HJK/annotation/arctic_a0378.TextGrid
ZHAA,arctic_b0150,data/l2arctic_release_v5.0/ZHAA/wav/arctic_b0150.wav,data/l2arctic_release_v5.0/ZHAA/annotation/arctic_b0150.TextGrid
TLV,arctic_a0045,data/l2arctic_release_v5.0/TLV/wav/arctic_a0045.wav,data/l2arctic_release_v5.0/TLV/annotation/arctic_a0045.TextGrid
YDCK,arctic_a0103,data/l2arctic_release_v5.0/YDCK/wav/arctic_a0103.wav,data/l2arctic_release_v5.0/YDCK/annotation/arctic_a0103.TextGrid
TLV,arctic_b0393,data/l2arctic_release_v5.0/TLV/wav/arctic_b0393.wav,data/l2arctic_release_v5.0/TLV/annotation/arctic_b0393.TextGrid
ABA,arctic_a0131,data/l2arctic_release_v5.0/ABA/wav/arctic_a0131.wav,data/l2arctic_release_v5.0/ABA/annotation/arctic_a0131.TextGrid
HJK,arctic_a0091,data/l2arctic_release_v5.0/HJK/wav/arctic_a0091.wav,data/l2arctic_release_v5.0/HJK/annotation/arctic_a0091.TextGrid
PNV,arctic_a0121,data/l2arctic_release_v5.0/PNV/wav/arctic_a0121.wav,data/l2arctic_release_v5.0/PNV/annotation/arctic_a0121.TextGrid
SKA,arctic_a0103,data/l2arctic_release_v5.0/SKA/wav/arctic_a0103.wav,data/l2arctic_release_v5.0/SKA/annotation/arctic_a0103.TextGrid
PNV,arctic_a0085,data/l2arctic_release_v5.0/PNV/wav/arctic_a0085.wav,data/l2arctic_release_v5.0/PNV/annotation/arctic_a0085.TextGrid
ZHAA,arctic_a0038,data/l2arctic_release_v5.0/ZHAA/wav/arctic_a0038.wav,data/l2arctic_release_v5.0/ZHAA/annotation/arctic_a0038.TextGrid
ZHAA,arctic_a0139,data/l2arctic_release_v5.0/ZHAA/wav/arctic_a0139.wav,data/l2arctic_release_v5.0/ZHAA/annotation/arctic_a0139.TextGrid
SKA,arctic_a0006,data/l2arctic_release_v5.0/SKA/wav/arctic_a0006.wav,data/l2arctic_release_v5.0/SKA/annotation/arctic_a0006.TextGrid
SKA,arctic_a0064,data/l2arctic_release_v5.0/SKA/wav/arctic_a0064.wav,data/l2arctic_release_v5.0/SKA/annotation/arctic_a0064.TextGrid
ZHAA,arctic_a0060,data/l2arctic_release_v5.0/ZHAA/wav/arctic_a0060.wav,data/l2arctic_release_v5.0/ZHAA/annotation/arctic_a0060.TextGrid
TLV,arctic_b0509,data/l2arctic_release_v5.0/TLV/wav/arctic_b0509.wav,data/l2arctic_release_v5.0/TLV/annotation/arctic_b0509.TextGrid
YBAA,arctic_a0058,data/l2arctic_release_v5.0/YBAA/wav/arctic_a0058.wav,data/l2arctic_release_v5.0/YBAA/annotation/arctic_a0058.TextGrid
ABA,arctic_b0146,data/l2arctic_release_v5.0/ABA/wav/arctic_b0146.wav,data/l2arctic_release_v5.0/ABA/annotation/arctic_b0146.TextGrid
TNI,arctic_a0053,data/l2arctic_release_v5.0/TNI/wav/arctic_a0053.wav,data/l2arctic_release_v5.0/TNI/annotation/arctic_a0053.TextGrid
NJS,arctic_a0134,data/l2arctic_release_v5.0/NJS/wav/arctic_a0134.wav,data/l2arctic_release_v5.0/NJS/annotation/arctic_a0134.TextGrid
HKK,arctic_a0062,data/l2arctic_release_v5.0/HKK/wav/arctic_a0062.wav,data/l2arctic_release_v5.0/HKK/annotation/arctic_a0062.TextGrid
YBAA,arctic_b0503,data/l2arctic_release_v5.0/YBAA/wav/arctic_b0503.wav,data/l2arctic_release_v5.0/YBAA/annotation/arctic_b0503.TextGrid
ASI,arctic_a0065,data/l2arctic_release_v5.0/ASI/wav/arctic_a0065.wav,data/l2arctic_release_v5.0/ASI/annotation/arctic_a0065.TextGrid
ERMS,arctic_a0136,data/l2arctic_release_v5.0/ERMS/wav/arctic_a0136.wav,data/l2arctic_release_v5.0/ERMS/annotation/arctic_a0136.TextGrid
HQTV,arctic_a0046,data/l2arctic_release_v5.0/HQTV/wav/arctic_a0046.wav,data/l2arctic_release_v5.0/HQTV/annotation/arctic_a0046.TextGrid
TLV,arctic_a0031,data/l2arctic_release_v5.0/TLV/wav/arctic_a0031.wav,data/l2arctic_release_v5.0/TLV/annotation/arctic_a0031.TextGrid
YKWK,arctic_a0048,data/l2arctic_release_v5.0/YKWK/wav/arctic_a0048.wav,data/l2arctic_release_v5.0/YKWK/annotation/arctic_a0048.TextGrid
ZHAA,arctic_b0444,data/l2arctic_release_v5.0/ZHAA/wav/arctic_b0444.wav,data/l2arctic_release_v5.0/ZHAA/annotation/arctic_b0444.TextGrid
EBVS,arctic_a0123,data/l2arctic_release_v5.0/EBVS/wav/arctic_a0123.wav,data/l2arctic_release_v5.0/EBVS/annotation/arctic_a0123.TextGrid
HJK,arctic_a0028,data/l2arctic_release_v5.0/HJK/wav/arctic_a0028.wav,data/l2arctic_release_v5.0/HJK/annotation/arctic_a0028.TextGrid
EBVS,arctic_a0090,data/l2arctic_release_v5.0/EBVS/wav/arctic_a0090.wav,data/l2arctic_release_v5.0/EBVS/annotation/arctic_a0090.TextGrid
YKWK,arctic_a0128,data/l2arctic_release_v5.0/YKWK/wav/arctic_a0128.wav,data/l2arctic_release_v5.0/YKWK/annotation/arctic_a0128.TextGrid
SVBI,arctic_a0060,data/l2arctic_release_v5.0/SVBI/wav/arctic_a0060.wav,data/l2arctic_release_v5.0/SVBI/annotation/arctic_a0060.TextGrid
ERMS,arctic_a0042,data/l2arctic_release_v5.0/ERMS/wav/arctic_a0042.wav,data/l2arctic_release_v5.0/ERMS/annotation/arctic_a0042.TextGrid
TLV,arctic_a0106,data/l2arctic_release_v5.0/TLV/wav/arctic_a0106.wav,data/l2arctic_release_v5.0/TLV/annotation/arctic_a0106.TextGrid
LXC,arctic_a0027,data/l2arctic_release_v5.0/LXC/wav/arctic_a0027.wav,data/l2arctic_release_v5.0/LXC/annotation/arctic_a0027.TextGrid
YDCK,arctic_a0148,data/l2arctic_release_v5.0/YDCK/wav/arctic_a0148.wav,data/l2arctic_release_v5.0/YDCK/annotation/arctic_a0148.TextGrid
RRBI,arctic_b0317,data/l2arctic_release_v5.0/RRBI/wav/arctic_b0317.wav,data/l2arctic_release_v5.0/RRBI/annotation/arctic_b0317.TextGrid
TLV,arctic_a0036,data/l2arctic_release_v5.0/TLV/wav/arctic_a0036.wav,data/l2arctic_release_v5.0/TLV/annotation/arctic_a0036.TextGrid
ABA,arctic_a0045,data/l2arctic_release_v5.0/ABA/wav/arctic_a0045.wav,data/l2arctic_release_v5.0/ABA/annotation/arctic_a0045.TextGrid
TLV,arctic_a0475,data/l2arctic_release_v5.0/TLV/wav/arctic_a0475.wav,data/l2arctic_release_v5.0/TLV/annotation/arctic_a0475.TextGrid
PNV,arctic_b0509,data/l2arctic_release_v5.0/PNV/wav/arctic_b0509.wav,data/l2arctic_release_v5.0/PNV/annotation/arctic_b0509.TextGrid
TNI,arctic_a0104,data/l2arctic_release_v5.0/TNI/wav/arctic_a0104.wav,data/l2arctic_release_v5.0/TNI/annotation/arctic_a0104.TextGrid
ZHAA,arctic_a0037,data/l2arctic_release_v5.0/ZHAA/wav/arctic_a0037.wav,data/l2arctic_release_v5.0/ZHAA/annotation/arctic_a0037.TextGrid
BWC,arctic_a0020,data/l2arctic_release_v5.0/BWC/wav/arctic_a0020.wav,data/l2arctic_release_v5.0/BWC/annotation/arctic_a0020.TextGrid
MBMPS,arctic_a0128,data/l2arctic_release_v5.0/MBMPS/wav/arctic_a0128.wav,data/l2arctic_release_v5.0/MBMPS/annotation/arctic_a0128.TextGrid
PNV,arctic_a0054,data/l2arctic_release_v5.0/PNV/wav/arctic_a0054.wav,data/l2arctic_release_v5.0/PNV/annotation/arctic_a0054.TextGrid
HKK,arctic_a0060,data/l2arctic_release_v5.0/HKK/wav/arctic_a0060.wav,data/l2arctic_release_v5.0/HKK/annotation/arctic_a0060.TextGrid
YDCK,arctic_a0086,data/l2arctic_release_v5.0/YDCK/wav/arctic_a0086.wav,data/l2arctic_release_v5.0/YDCK/annotation/arctic_a0086.TextGrid
ERMS,arctic_a0007,data/l2arctic_release_v5.0/ERMS/wav/arctic_a0007.wav,data/l2arctic_release_v5.0/ERMS/annotation/arctic_a0007.TextGrid
HQTV,arctic_a0137,data/l2arctic_release_v5.0/HQTV/wav/arctic_a0137.wav,data/l2arctic_release_v5.0/HQTV/annotation/arctic_a0137.TextGrid
TXHC,arctic_b0380,data/l2arctic_release_v5.0/TXHC/wav/arctic_b0380.wav,data/l2arctic_release_v5.0/TXHC/annotation/arctic_b0380.TextGrid
LXC,arctic_b0323,data/l2arctic_release_v5.0/LXC/wav/arctic_b0323.wav,data/l2arctic_release_v5.0/LXC/annotation/arctic_b0323.TextGrid
TXHC,arctic_a0099,data/l2arctic_release_v5.0/TXHC/wav/arctic_a0099.wav,data/l2arctic_release_v5.0/TXHC/annotation/arctic_a0099.TextGrid
SVBI,arctic_a0021,data/l2arctic_release_v5.0/SVBI/wav/arctic_a0021.wav,data/l2arctic_release_v5.0/SVBI/annotation/arctic_a0021.TextGrid
HKK,arctic_a0067,data/l2arctic_release_v5.0/HKK/wav/arctic_a0067.wav,data/l2arctic_release_v5.0/HKK/annotation/arctic_a0067.TextGrid
SKA,arctic_b0068,data/l2arctic_release_v5.0/SKA/wav/arctic_b0068.wav,data/l2arctic_release_v5.0/SKA/annotation/arctic_b0068.TextGrid
ZHAA,arctic_a0075,data/l2arctic_release_v5.0/ZHAA/wav/arctic_a0075.wav,data/l2arctic_release_v5.0/ZHAA/annotation/arctic_a0075.TextGrid
SKA,arctic_b0494,data/l2arctic_release_v5.0/SKA/wav/arctic_b0494.wav,data/l2arctic_release_v5.0/SKA/annotation/arctic_b0494.TextGrid
MBMPS,arctic_a0265,data/l2arctic_release_v5.0/MBMPS/wav/arctic_a0265.wav,data/l2arctic_release_v5.0/MBMPS/annotation/arctic_a0265.TextGrid
SVBI,arctic_a0246,data/l2arctic_release_v5.0/SVBI/wav/arctic_a0246.wav,data/l2arctic_release_v5.0/SVBI/annotation/arctic_a0246.TextGrid
YKWK,arctic_a0031,data/l2arctic_release_v5.0/YKWK/wav/arctic_a0031.wav,data/l2arctic_release_v5.0/YKWK/annotation/arctic_a0031.TextGrid
THV,arctic_a0079,data/l2arctic_release_v5.0/THV/wav/arctic_a0079.wav,data/l2arctic_release_v5.0/THV/annotation/arctic_a0079.TextGrid
THV,arctic_b0503,data/l2arctic_release_v5.0/THV/wav/arctic_b0503.wav,data/l2arctic_release_v5.0/THV/annotation/arctic_b0503.TextGrid
HQTV,arctic_b0304,data/l2arctic_release_v5.0/HQTV/wav/arctic_b0304.wav,data/l2arctic_release_v5.0/HQTV/annotation/arctic_b0304.TextGrid
PNV,arctic_a0107,data/l2arctic_release_v5.0/PNV/wav/arctic_a0107.wav,data/l2arctic_release_v5.0/PNV/annotation/arctic_a0107.TextGrid
BWC,arctic_a0063,data/l2arctic_release_v5.0/BWC/wav/arctic_a0063.wav,data/l2arctic_release_v5.0/BWC/annotation/arctic_a0063.TextGrid
HJK,arctic_a0106,data/l2arctic_release_v5.0/HJK/wav/arctic_a0106.wav,data/l2arctic_release_v5.0/HJK/annotation/arctic_a0106.TextGrid
ZHAA,arctic_a0059,data/l2arctic_release_v5.0/ZHAA/wav/arctic_a0059.wav,data/l2arctic_release_v5.0/ZHAA/annotation/arctic_a0059.TextGrid
MBMPS,arctic_a0036,data/l2arctic_release_v5.0/MBMPS/wav/arctic_a0036.wav,data/l2arctic_release_v5.0/MBMPS/annotation/arctic_a0036.TextGrid
EBVS,arctic_a0053,data/l2arctic_release_v5.0/EBVS/wav/arctic_a0053.wav,data/l2arctic_release_v5.0/EBVS/annotation/arctic_a0053.TextGrid
TNI,arctic_a0099,data/l2arctic_release_v5.0/TNI/wav/arctic_a0099.wav,data/l2arctic_release_v5.0/TNI/annotation/arctic_a0099.TextGrid
ZHAA,arctic_b0158,data/l2arctic_release_v5.0/ZHAA/wav/arctic_b0158.wav,data/l2arctic_release_v5.0/ZHAA/annotation/arctic_b0158.TextGrid
PNV,arctic_a0106,data/l2arctic_release_v5.0/PNV/wav/arctic_a0106.wav,data/l2arctic_release_v5.0/PNV/annotation/arctic_a0106.TextGrid
HQTV,arctic_a0109,data/l2arctic_release_v5.0/HQTV/wav/arctic_a0109.wav,data/l2arctic_release_v5.0/HQTV/annotation/arctic_a0109.TextGrid
HQTV,arctic_a0081,data/l2arctic_release_v5.0/HQTV/wav/arctic_a0081.wav,data/l2arctic_release_v5.0/HQTV/annotation/arctic_a0081.TextGrid
NCC,arctic_a0073,data/l2arctic_release_v5.0/NCC/wav/arctic_a0073.wav,data/l2arctic_release_v5.0/NCC/annotation/arctic_a0073.TextGrid
ASI,arctic_a0120,data/l2arctic_release_v5.0/ASI/wav/arctic_a0120.wav,data/l2arctic_release_v5.0/ASI/annotation/arctic_a0120.TextGrid
THV,arctic_b0355,data/l2arctic_release_v5.0/THV/wav/arctic_b0355.wav,data/l2arctic_release_v5.0/THV/annotation/arctic_b0355.TextGrid
SKA,arctic_a0081,data/l2arctic_release_v5.0/SKA/wav/arctic_a0081.wav,data/l2arctic_release_v5.0/SKA/annotation/arctic_a0081.TextGrid
PNV,arctic_a0041,data/l2arctic_release_v5.0/PNV/wav/arctic_a0041.wav,data/l2arctic_release_v5.0/PNV/annotation/arctic_a0041.TextGrid
NJS,arctic_b0461,data/l2arctic_release_v5.0/NJS/wav/arctic_b0461.wav,data/l2arctic_release_v5.0/NJS/annotation/arctic_b0461.TextGrid
RRBI,arctic_b0171,data/l2arctic_release_v5.0/RRBI/wav/arctic_b0171.wav,data/l2arctic_release_v5.0/RRBI/annotation/arctic_b0171.TextGrid
LXC,arctic_b0415,data/l2arctic_release_v5.0/LXC/wav/arctic_b0415.wav,data/l2arctic_release_v5.0/LXC/annotation/arctic_b0415.TextGrid
YDCK,arctic_a0126,data/l2arctic_release_v5.0/YDCK/wav/arctic_a0126.wav,data/l2arctic_release_v5.0/YDCK/annotation/arctic_a0126.TextGrid
NJS,arctic_a0260,data/l2arctic_release_v5.0/NJS/wav/arctic_a0260.wav,data/l2arctic_release_v5.0/NJS/annotation/arctic_a0260.TextGrid
PNV,arctic_a0209,data/l2arctic_release_v5.0/PNV/wav/arctic_a0209.wav,data/l2arctic_release_v5.0/PNV/annotation/arctic_a0209.TextGrid
ZHAA,arctic_a0008,data/l2arctic_release_v5.0/ZHAA/wav/arctic_a0008.wav,data/l2arctic_release_v5.0/ZHAA/annotation/arctic_a0008.TextGrid
HQTV,arctic_a0111,data/l2arctic_release_v5.0/HQTV/wav/arctic_a0111.wav,data/l2arctic_release_v5.0/HQTV/annotation/arctic_a0111.TextGrid
NCC,arctic_b0461,data/l2arctic_release_v5.0/NCC/wav/arctic_b0461.wav,data/l2arctic_release_v5.0/NCC/annotation/arctic_b0461.TextGrid
RRBI,arctic_a0208,data/l2arctic_release_v5.0/RRBI/wav/arctic_a0208.wav,data/l2arctic_release_v5.0/RRBI/annotation/arctic_a0208.TextGrid
SKA,arctic_a0101,data/l2arctic_release_v5.0/SKA/wav/arctic_a0101.wav,data/l2arctic_release_v5.0/SKA/annotation/arctic_a0101.TextGrid
ERMS,arctic_a0103,data/l2arctic_release_v5.0/ERMS/wav/arctic_a0103.wav,data/l2arctic_release_v5.0/ERMS/annotation/arctic_a0103.TextGrid
SKA,arctic_a0073,data/l2arctic_release_v5.0/SKA/wav/arctic_a0073.wav,data/l2arctic_release_v5.0/SKA/annotation/arctic_a0073.TextGrid
RRBI,arctic_a0303,data/l2arctic_release_v5.0/RRBI/wav/arctic_a0303.wav,data/l2arctic_release_v5.0/RRBI/annotation/arctic_a0303.TextGrid
HKK,arctic_a0144,data/l2arctic_release_v5.0/HKK/wav/arctic_a0144.wav,data/l2arctic_release_v5.0/HKK/annotation/arctic_a0144.TextGrid
EBVS,arctic_a0102,data/l2arctic_release_v5.0/EBVS/wav/arctic_a0102.wav,data/l2arctic_release_v5.0/EBVS/annotation/arctic_a0102.TextGrid
SVBI,arctic_b0002,data/l2arctic_release_v5.0/SVBI/wav/arctic_b0002.wav,data/l2arctic_release_v5.0/SVBI/annotation/arctic_b0002.TextGrid
ERMS,arctic_a0029,data/l2arctic_release_v5.0/ERMS/wav/arctic_a0029.wav,data/l2arctic_release_v5.0/ERMS/annotation/arctic_a0029.TextGrid
ZHAA,arctic_b0348,data/l2arctic_release_v5.0/ZHAA/wav/arctic_b0348.wav,data/l2arctic_release_v5.0/ZHAA/annotation/arctic_b0348.TextGrid
MBMPS,arctic_a0054,data/l2arctic_release_v5.0/MBMPS/wav/arctic_a0054.wav,data/l2arctic_release_v5.0/MBMPS/annotation/arctic_a0054.TextGrid
ASI,arctic_a0112,data/l2arctic_release_v5.0/ASI/wav/arctic_a0112.wav,data/l2arctic_release_v5.0/ASI/annotation/arctic_a0112.TextGrid
ABA,arctic_a0094,data/l2arctic_release_v5.0/ABA/wav/arctic_a0094.wav,data/l2arctic_release_v5.0/ABA/annotation/arctic_a0094.TextGrid
TNI,arctic_a0027,data/l2arctic_release_v5.0/TNI/wav/arctic_a0027.wav,data/l2arctic_release_v5.0/TNI/annotation/arctic_a0027.TextGrid
HQTV,arctic_a0475,data/l2arctic_release_v5.0/HQTV/wav/arctic_a0475.wav,data/l2arctic_release_v5.0/HQTV/annotation/arctic_a0475.TextGrid
YKWK,arctic_b0019,data/l2arctic_release_v5.0/YKWK/wav/arctic_b0019.wav,data/l2arctic_release_v5.0/YKWK/annotation/arctic_b0019.TextGrid
THV,arctic_a0037,data/l2arctic_release_v5.0/THV/wav/arctic_a0037.wav,data/l2arctic_release_v5.0/THV/annotation/arctic_a0037.TextGrid
HQTV,arctic_b0527,data/l2arctic_release_v5.0/HQTV/wav/arctic_b0527.wav,data/l2arctic_release_v5.0/HQTV/annotation/arctic_b0527.TextGrid
THV,arctic_a0093,data/l2arctic_release_v5.0/THV/wav/arctic_a0093.wav,data/l2arctic_release_v5.0/THV/annotation/arctic_a0093.TextGrid
TNI,arctic_a0089,data/l2arctic_release_v5.0/TNI/wav/arctic_a0089.wav,data/l2arctic_release_v5.0/TNI/annotation/arctic_a0089.TextGrid
EBVS,arctic_a0130,data/l2arctic_release_v5.0/EBVS/wav/arctic_a0130.wav,data/l2arctic_release_v5.0/EBVS/annotation/arctic_a0130.TextGrid
YBAA,arctic_a0023,data/l2arctic_release_v5.0/YBAA/wav/arctic_a0023.wav,data/l2arctic_release_v5.0/YBAA/annotation/arctic_a0023.TextGrid
YKWK,arctic_a0101,data/l2arctic_release_v5.0/YKWK/wav/arctic_a0101.wav,data/l2arctic_release_v5.0/YKWK/annotation/arctic_a0101.TextGrid
THV,arctic_a0459,data/l2arctic_release_v5.0/THV/wav/arctic_a0459.wav,data/l2arctic_release_v5.0/THV/annotation/arctic_a0459.TextGrid
YKWK,arctic_a0112,data/l2arctic_release_v5.0/YKWK/wav/arctic_a0112.wav,data/l2arctic_release_v5.0/YKWK/annotation/arctic_a0112.TextGrid
ASI,arctic_a0093,data/l2arctic_release_v5.0/ASI/wav/arctic_a0093.wav,data/l2arctic_release_v5.0/ASI/annotation/arctic_a0093.TextGrid
TNI,arctic_a0208,data/l2arctic_release_v5.0/TNI/wav/arctic_a0208.wav,data/l2arctic_release_v5.0/TNI/annotation/arctic_a0208.TextGrid
MBMPS,arctic_a0067,data/l2arctic_release_v5.0/MBMPS/wav/arctic_a0067.wav,data/l2arctic_release_v5.0/MBMPS/annotation/arctic_a0067.TextGrid
TNI,arctic_a0065,data/l2arctic_release_v5.0/TNI/wav/arctic_a0065.wav,data/l2arctic_release_v5.0/TNI/annotation/arctic_a0065.TextGrid
HKK,arctic_b0469,data/l2arctic_release_v5.0/HKK/wav/arctic_b0469.wav,data/l2arctic_release_v5.0/HKK/annotation/arctic_b0469.TextGrid
YKWK,arctic_a0104,data/l2arctic_release_v5.0/YKWK/wav/arctic_a0104.wav,data/l2arctic_release_v5.0/YKWK/annotation/arctic_a0104.TextGrid
PNV,arctic_a0168,data/l2arctic_release_v5.0/PNV/wav/arctic_a0168.wav,data/l2arctic_release_v5.0/PNV/annotation/arctic_a0168.TextGrid
EBVS,arctic_a0018,data/l2arctic_release_v5.0/EBVS/wav/arctic_a0018.wav,data/l2arctic_release_v5.0/EBVS/annotation/arctic_a0018.TextGrid
SKA,arctic_a0106,data/l2arctic_release_v5.0/SKA/wav/arctic_a0106.wav,data/l2arctic_release_v5.0/SKA/annotation/arctic_a0106.TextGrid
THV,arctic_a0519,data/l2arctic_release_v5.0/THV/wav/arctic_a0519.wav,data/l2arctic_release_v5.0/THV/annotation/arctic_a0519.TextGrid
ASI,arctic_a0007,data/l2arctic_release_v5.0/ASI/wav/arctic_a0007.wav,data/l2arctic_release_v5.0/ASI/annotation/arctic_a0007.TextGrid
RRBI,arctic_a0073,data/l2arctic_release_v5.0/RRBI/wav/arctic_a0073.wav,data/l2arctic_release_v5.0/RRBI/annotation/arctic_a0073.TextGrid
YDCK,arctic_a0364,data/l2arctic_release_v5.0/YDCK/wav/arctic_a0364.wav,data/l2arctic_release_v5.0/YDCK/annotation/arctic_a0364.TextGrid
HJK,arctic_a0100,data/l2arctic_release_v5.0/HJK/wav/arctic_a0100.wav,data/l2arctic_release_v5.0/HJK/annotation/arctic_a0100.TextGrid
HJK,arctic_a0039,data/l2arctic_release_v5.0/HJK/wav/arctic_a0039.wav,data/l2arctic_release_v5.0/HJK/annotation/arctic_a0039.TextGrid
MBMPS,arctic_a0013,data/l2arctic_release_v5.0/MBMPS/wav/arctic_a0013.wav,data/l2arctic_release_v5.0/MBMPS/annotation/arctic_a0013.TextGrid
SVBI,arctic_a0076,data/l2arctic_release_v5.0/SVBI/wav/arctic_a0076.wav,data/l2arctic_release_v5.0/SVBI/annotation/arctic_a0076.TextGrid
HQTV,arctic_a0093,data/l2arctic_release_v5.0/HQTV/wav/arctic_a0093.wav,data/l2arctic_release_v5.0/HQTV/annotation/arctic_a0093.TextGrid
TXHC,arctic_a0105,data/l2arctic_release_v5.0/TXHC/wav/arctic_a0105.wav,data/l2arctic_release_v5.0/TXHC/annotation/arctic_a0105.TextGrid
YBAA,arctic_b0494,data/l2arctic_release_v5.0/YBAA/wav/arctic_b0494.wav,data/l2arctic_release_v5.0/YBAA/annotation/arctic_b0494.TextGrid
THV,arctic_a0026,data/l2arctic_release_v5.0/THV/wav/arctic_a0026.wav,data/l2arctic_release_v5.0/THV/annotation/arctic_a0026.TextGrid
SKA,arctic_b0504,data/l2arctic_release_v5.0/SKA/wav/arctic_b0504.wav,data/l2arctic_release_v5.0/SKA/annotation/arctic_b0504.TextGrid
HKK,arctic_a0093,data/l2arctic_release_v5.0/HKK/wav/arctic_a0093.wav,data/l2arctic_release_v5.0/HKK/annotation/arctic_a0093.TextGrid
MBMPS,arctic_a0041,data/l2arctic_release_v5.0/MBMPS/wav/arctic_a0041.wav,data/l2arctic_release_v5.0/MBMPS/annotation/arctic_a0041.TextGrid
TNI,arctic_a0112,data/l2arctic_release_v5.0/TNI/wav/arctic_a0112.wav,data/l2arctic_release_v5.0/TNI/annotation/arctic_a0112.TextGrid
TXHC,arctic_a0225,data/l2arctic_release_v5.0/TXHC/wav/arctic_a0225.wav,data/l2arctic_release_v5.0/TXHC/annotation/arctic_a0225.TextGrid
SVBI,arctic_a0115,data/l2arctic_release_v5.0/SVBI/wav/arctic_a0115.wav,data/l2arctic_release_v5.0/SVBI/annotation/arctic_a0115.TextGrid
SVBI,arctic_b0038,data/l2arctic_release_v5.0/SVBI/wav/arctic_b0038.wav,data/l2arctic_release_v5.0/SVBI/annotation/arctic_b0038.TextGrid
NCC,arctic_a0549,data/l2arctic_release_v5.0/NCC/wav/arctic_a0549.wav,data/l2arctic_release_v5.0/NCC/annotation/arctic_a0549.TextGrid
LXC,arctic_b0075,data/l2arctic_release_v5.0/LXC/wav/arctic_b0075.wav,data/l2arctic_release_v5.0/LXC/annotation/arctic_b0075.TextGrid
PNV,arctic_a0078,data/l2arctic_release_v5.0/PNV/wav/arctic_a0078.wav,data/l2arctic_release_v5.0/PNV/annotation/arctic_a0078.TextGrid
SKA,arctic_a0054,data/l2arctic_release_v5.0/SKA/wav/arctic_a0054.wav,data/l2arctic_release_v5.0/SKA/annotation/arctic_a0054.TextGrid
MBMPS,arctic_a0115,data/l2arctic_release_v5.0/MBMPS/wav/arctic_a0115.wav,data/l2arctic_release_v5.0/MBMPS/annotation/arctic_a0115.TextGrid
BWC,arctic_a0099,data/l2arctic_release_v5.0/BWC/wav/arctic_a0099.wav,data/l2arctic_release_v5.0/BWC/annotation/arctic_a0099.TextGrid
HQTV,arctic_a0129,data/l2arctic_release_v5.0/HQTV/wav/arctic_a0129.wav,data/l2arctic_release_v5.0/HQTV/annotation/arctic_a0129.TextGrid
ZHAA,arctic_a0130,data/l2arctic_release_v5.0/ZHAA/wav/arctic_a0130.wav,data/l2arctic_release_v5.0/ZHAA/annotation/arctic_a0130.TextGrid
LXC,arctic_a0136,data/l2arctic_release_v5.0/LXC/wav/arctic_a0136.wav,data/l2arctic_release_v5.0/LXC/annotation/arctic_a0136.TextGrid
PNV,arctic_a0130,data/l2arctic_release_v5.0/PNV/wav/arctic_a0130.wav,data/l2arctic_release_v5.0/PNV/annotation/arctic_a0130.TextGrid
ZHAA,arctic_a0082,data/l2arctic_release_v5.0/ZHAA/wav/arctic_a0082.wav,data/l2arctic_release_v5.0/ZHAA/annotation/arctic_a0082.TextGrid
PNV,arctic_a0434,data/l2arctic_release_v5.0/PNV/wav/arctic_a0434.wav,data/l2arctic_release_v5.0/PNV/annotation/arctic_a0434.TextGrid
NCC,arctic_a0128,data/l2arctic_release_v5.0/NCC/wav/arctic_a0128.wav,data/l2arctic_release_v5.0/NCC/annotation/arctic_a0128.TextGrid
TXHC,arctic_a0101,data/l2arctic_release_v5.0/TXHC/wav/arctic_a0101.wav,data/l2arctic_release_v5.0/TXHC/annotation/arctic_a0101.TextGrid
YKWK,arctic_a0018,data/l2arctic_release_v5.0/YKWK/wav/arctic_a0018.wav,data/l2arctic_release_v5.0/YKWK/annotation/arctic_a0018.TextGrid
LXC,arctic_b0393,data/l2arctic_release_v5.0/LXC/wav/arctic_b0393.wav,data/l2arctic_release_v5.0/LXC/annotation/arctic_b0393.TextGrid
LXC,arctic_b0488,data/l2arctic_release_v5.0/LXC/wav/arctic_b0488.wav,data/l2arctic_release_v5.0/LXC/annotation/arctic_b0488.TextGrid
YBAA,arctic_a0041,data/l2arctic_release_v5.0/YBAA/wav/arctic_a0041.wav,data/l2arctic_release_v5.0/YBAA/annotation/arctic_a0041.TextGrid
ABA,arctic_a0079,data/l2arctic_release_v5.0/ABA/wav/arctic_a0079.wav,data/l2arctic_release_v5.0/ABA/annotation/arctic_a0079.TextGrid
LXC,arctic_a0575,data/l2arctic_release_v5.0/LXC/wav/arctic_a0575.wav,data/l2arctic_release_v5.0/LXC/annotation/arctic_a0575.TextGrid
YBAA,arctic_a0027,data/l2arctic_release_v5.0/YBAA/wav/arctic_a0027.wav,data/l2arctic_release_v5.0/YBAA/annotation/arctic_a0027.TextGrid
ASI,arctic_a0137,data/l2arctic_release_v5.0/ASI/wav/arctic_a0137.wav,data/l2arctic_release_v5.0/ASI/annotation/arctic_a0137.TextGrid
HJK,arctic_a0099,data/l2arctic_release_v5.0/HJK/wav/arctic_a0099.wav,data/l2arctic_release_v5.0/HJK/annotation/arctic_a0099.TextGrid
RRBI,arctic_a0085,data/l2arctic_release_v5.0/RRBI/wav/arctic_a0085.wav,data/l2arctic_release_v5.0/RRBI/annotation/arctic_a0085.TextGrid
RRBI,arctic_a0005,data/l2arctic_release_v5.0/RRBI/wav/arctic_a0005.wav,data/l2arctic_release_v5.0/RRBI/annotation/arctic_a0005.TextGrid
PNV,arctic_a0459,data/l2arctic_release_v5.0/PNV/wav/arctic_a0459.wav,data/l2arctic_release_v5.0/PNV/annotation/arctic_a0459.TextGrid
PNV,arctic_b0425,data/l2arctic_release_v5.0/PNV/wav/arctic_b0425.wav,data/l2arctic_release_v5.0/PNV/annotation/arctic_b0425.TextGrid
YDCK,arctic_b0192,data/l2arctic_release_v5.0/YDCK/wav/arctic_b0192.wav,data/l2arctic_release_v5.0/YDCK/annotation/arctic_b0192.TextGrid
ASI,arctic_a0010,data/l2arctic_release_v5.0/ASI/wav/arctic_a0010.wav,data/l2arctic_release_v5.0/ASI/annotation/arctic_a0010.TextGrid
TXHC,arctic_b0251,data/l2arctic_release_v5.0/TXHC/wav/arctic_b0251.wav,data/l2arctic_release_v5.0/TXHC/annotation/arctic_b0251.TextGrid
TLV,arctic_a0026,data/l2arctic_release_v5.0/TLV/wav/arctic_a0026.wav,data/l2arctic_release_v5.0/TLV/annotation/arctic_a0026.TextGrid
ZHAA,arctic_a0098,data/l2arctic_release_v5.0/ZHAA/wav/arctic_a0098.wav,data/l2arctic_release_v5.0/ZHAA/annotation/arctic_a0098.TextGrid
NCC,arctic_b0509,data/l2arctic_release_v5.0/NCC/wav/arctic_b0509.wav,data/l2arctic_release_v5.0/NCC/annotation/arctic_b0509.TextGrid
LXC,arctic_a0077,data/l2arctic_release_v5.0/LXC/wav/arctic_a0077.wav,data/l2arctic_release_v5.0/LXC/annotation/arctic_a0077.TextGrid
PNV,arctic_a0137,data/l2arctic_release_v5.0/PNV/wav/arctic_a0137.wav,data/l2arctic_release_v5.0/PNV/annotation/arctic_a0137.TextGrid
ZHAA,arctic_b0432,data/l2arctic_release_v5.0/ZHAA/wav/arctic_b0432.wav,data/l2arctic_release_v5.0/ZHAA/annotation/arctic_b0432.TextGrid
EBVS,arctic_a0106,data/l2arctic_release_v5.0/EBVS/wav/arctic_a0106.wav,data/l2arctic_release_v5.0/EBVS/annotation/arctic_a0106.TextGrid
SKA,arctic_a0065,data/l2arctic_release_v5.0/SKA/wav/arctic_a0065.wav,data/l2arctic_release_v5.0/SKA/annotation/arctic_a0065.TextGrid
TXHC,arctic_a0136,data/l2arctic_release_v5.0/TXHC/wav/arctic_a0136.wav,data/l2arctic_release_v5.0/TXHC/annotation/arctic_a0136.TextGrid
RRBI,arctic_a0122,data/l2arctic_release_v5.0/RRBI/wav/arctic_a0122.wav,data/l2arctic_release_v5.0/RRBI/annotation/arctic_a0122.TextGrid
ZHAA,arctic_a0031,data/l2arctic_release_v5.0/ZHAA/wav/arctic_a0031.wav,data/l2arctic_release_v5.0/ZHAA/annotation/arctic_a0031.TextGrid
LXC,arctic_b0509,data/l2arctic_release_v5.0/LXC/wav/arctic_b0509.wav,data/l2arctic_release_v5.0/LXC/annotation/arctic_b0509.TextGrid
RRBI,arctic_a0059,data/l2arctic_release_v5.0/RRBI/wav/arctic_a0059.wav,data/l2arctic_release_v5.0/RRBI/annotation/arctic_a0059.TextGrid
HJK,arctic_a0041,data/l2arctic_release_v5.0/HJK/wav/arctic_a0041.wav,data/l2arctic_release_v5.0/HJK/annotation/arctic_a0041.TextGrid
LXC,arctic_b0416,data/l2arctic_release_v5.0/LXC/wav/arctic_b0416.wav,data/l2arctic_release_v5.0/LXC/annotation/arctic_b0416.TextGrid
NCC,arctic_a0092,data/l2arctic_release_v5.0/NCC/wav/arctic_a0092.wav,data/l2arctic_release_v5.0/NCC/annotation/arctic_a0092.TextGrid
TXHC,arctic_a0125,data/l2arctic_release_v5.0/TXHC/wav/arctic_a0125.wav,data/l2arctic_release_v5.0/TXHC/annotation/arctic_a0125.TextGrid
NCC,arctic_a0106,data/l2arctic_release_v5.0/NCC/wav/arctic_a0106.wav,data/l2arctic_release_v5.0/NCC/annotation/arctic_a0106.TextGrid
YDCK,arctic_a0077,data/l2arctic_release_v5.0/YDCK/wav/arctic_a0077.wav,data/l2arctic_release_v5.0/YDCK/annotation/arctic_a0077.TextGrid
THV,arctic_b0518,data/l2arctic_release_v5.0/THV/wav/arctic_b0518.wav,data/l2arctic_release_v5.0/THV/annotation/arctic_b0518.TextGrid
TLV,arctic_a0025,data/l2arctic_release_v5.0/TLV/wav/arctic_a0025.wav,data/l2arctic_release_v5.0/TLV/annotation/arctic_a0025.TextGrid
TNI,arctic_a0188,data/l2arctic_release_v5.0/TNI/wav/arctic_a0188.wav,data/l2arctic_release_v5.0/TNI/annotation/arctic_a0188.TextGrid
LXC,arctic_a0092,data/l2arctic_release_v5.0/LXC/wav/arctic_a0092.wav,data/l2arctic_release_v5.0/LXC/annotation/arctic_a0092.TextGrid
PNV,arctic_a0092,data/l2arctic_release_v5.0/PNV/wav/arctic_a0092.wav,data/l2arctic_release_v5.0/PNV/annotation/arctic_a0092.TextGrid
EBVS,arctic_a0054,data/l2arctic_release_v5.0/EBVS/wav/arctic_a0054.wav,data/l2arctic_release_v5.0/EBVS/annotation/arctic_a0054.TextGrid
TXHC,arctic_a0122,data/l2arctic_release_v5.0/TXHC/wav/arctic_a0122.wav,data/l2arctic_release_v5.0/TXHC/annotation/arctic_a0122.TextGrid
ASI,arctic_a0064,data/l2arctic_release_v5.0/ASI/wav/arctic_a0064.wav,data/l2arctic_release_v5.0/ASI/annotation/arctic_a0064.TextGrid
YBAA,arctic_a0093,data/l2arctic_release_v5.0/YBAA/wav/arctic_a0093.wav,data/l2arctic_release_v5.0/YBAA/annotation/arctic_a0093.TextGrid
SKA,arctic_b0538,data/l2arctic_release_v5.0/SKA/wav/arctic_b0538.wav,data/l2arctic_release_v5.0/SKA/annotation/arctic_b0538.TextGrid
MBMPS,arctic_b0279,data/l2arctic_release_v5.0/MBMPS/wav/arctic_b0279.wav,data/l2arctic_release_v5.0/MBMPS/annotation/arctic_b0279.TextGrid
PNV,arctic_b0469,data/l2arctic_release_v5.0/PNV/wav/arctic_b0469.wav,data/l2arctic_release_v5.0/PNV/annotation/arctic_b0469.TextGrid
BWC,arctic_a0079,data/l2arctic_release_v5.0/BWC/wav/arctic_a0079.wav,data/l2arctic_release_v5.0/BWC/annotation/arctic_a0079.TextGrid
MBMPS,arctic_a0300,data/l2arctic_release_v5.0/MBMPS/wav/arctic_a0300.wav,data/l2arctic_release_v5.0/MBMPS/annotation/arctic_a0300.TextGrid
TLV,arctic_b0320,data/l2arctic_release_v5.0/TLV/wav/arctic_b0320.wav,data/l2arctic_release_v5.0/TLV/annotation/arctic_b0320.TextGrid
